PINCODE,BR_CITY,STATE,REGION,OFFICE_CODE,OFFICE_NAME,END_MILE_TAT,STANDARD
121014,PANIPAT,HARYANA,HHPJ REGIONAL OFFICE,J60,IP DISPATCH PANIPAT BRANCH,4,Y
121015,PANIPAT,HARYANA,HHPJ REGIONAL OFFICE,J60,IP DISPATCH PANIPAT BRANCH,4,Y
121107,PANIPAT,HARYANA,HHPJ REGIONAL OFFICE,J60,IP DISPATCH PANIPAT BRANCH,4,Y
122098,PANIPAT,HARYANA,HHPJ REGIONAL OFFICE,J60,IP DISPATCH PANIPAT BRANCH,4,Y
122108,PANIPAT,HARYANA,HHPJ REGIONAL OFFICE,J60,IP DISPATCH PANIPAT BRANCH,4,Y
122502,PANIPAT,HARYANA,HHPJ REGIONAL OFFICE,J60,IP DISPATCH PANIPAT BRANCH,4,Y
122508,PANIPAT,HARYANA,HHPJ REGIONAL OFFICE,J60,IP DISPATCH PANIPAT BRANCH,4,Y
123024,PANIPAT,HARYANA,HHPJ REGIONAL OFFICE,J60,IP DISPATCH PANIPAT BRANCH,4,Y
123027,PANIPAT,HARYANA,HHPJ REGIONAL OFFICE,J60,IP DISPATCH PANIPAT BRANCH,4,Y
123028,PANIPAT,HARYANA,HHPJ REGIONAL OFFICE,J60,IP DISPATCH PANIPAT BRANCH,4,Y
123031,PANIPAT,HARYANA,HHPJ REGIONAL OFFICE,J60,IP DISPATCH PANIPAT BRANCH,4,Y
123034,PANIPAT,HARYANA,HHPJ REGIONAL OFFICE,J60,IP DISPATCH PANIPAT BRANCH,4,Y
123035,PANIPAT,HARYANA,HHPJ REGIONAL OFFICE,J60,IP DISPATCH PANIPAT BRANCH,4,Y
123103,PANIPAT,HARYANA,HHPJ REGIONAL OFFICE,J60,IP DISPATCH PANIPAT BRANCH,4,Y
123301,PANIPAT,HARYANA,HHPJ REGIONAL OFFICE,J60,IP DISPATCH PANIPAT BRANCH,4,Y
123302,PANIPAT,HARYANA,HHPJ REGIONAL OFFICE,J60,IP DISPATCH PANIPAT BRANCH,4,Y
123303,PANIPAT,HARYANA,HHPJ REGIONAL OFFICE,J60,IP DISPATCH PANIPAT BRANCH,4,Y
123304,PANIPAT,HARYANA,HHPJ REGIONAL OFFICE,J60,IP DISPATCH PANIPAT BRANCH,4,Y
123412,PANIPAT,HARYANA,HHPJ REGIONAL OFFICE,J60,IP DISPATCH PANIPAT BRANCH,4,Y
124022,PANIPAT,HARYANA,HHPJ REGIONAL OFFICE,J60,IP DISPATCH PANIPAT BRANCH,4,Y
124102,PANIPAT,HARYANA,HHPJ REGIONAL OFFICE,J60,IP DISPATCH PANIPAT BRANCH,4,Y
124104,PANIPAT,HARYANA,HHPJ REGIONAL OFFICE,J60,IP DISPATCH PANIPAT BRANCH,4,Y
124105,PANIPAT,HARYANA,HHPJ REGIONAL OFFICE,J60,IP DISPATCH PANIPAT BRANCH,4,Y
124107,PANIPAT,HARYANA,HHPJ REGIONAL OFFICE,J60,IP DISPATCH PANIPAT BRANCH,4,Y
124109,PANIPAT,HARYANA,HHPJ REGIONAL OFFICE,J60,IP DISPATCH PANIPAT BRANCH,4,Y
124111,PANIPAT,HARYANA,HHPJ REGIONAL OFFICE,J60,IP DISPATCH PANIPAT BRANCH,4,Y
124141,PANIPAT,HARYANA,HHPJ REGIONAL OFFICE,J60,IP DISPATCH PANIPAT BRANCH,4,Y
124142,PANIPAT,HARYANA,HHPJ REGIONAL OFFICE,J60,IP DISPATCH PANIPAT BRANCH,4,Y
124146,PANIPAT,HARYANA,HHPJ REGIONAL OFFICE,J60,IP DISPATCH PANIPAT BRANCH,4,Y
124202,PANIPAT,HARYANA,HHPJ REGIONAL OFFICE,J60,IP DISPATCH PANIPAT BRANCH,4,Y
124303,PANIPAT,HARYANA,HHPJ REGIONAL OFFICE,J60,IP DISPATCH PANIPAT BRANCH,4,Y
124401,PANIPAT,HARYANA,HHPJ REGIONAL OFFICE,J60,IP DISPATCH PANIPAT BRANCH,4,Y
124404,PANIPAT,HARYANA,HHPJ REGIONAL OFFICE,J60,IP DISPATCH PANIPAT BRANCH,4,Y
124406,PANIPAT,HARYANA,HHPJ REGIONAL OFFICE,J60,IP DISPATCH PANIPAT BRANCH,4,Y
124411,PANIPAT,HARYANA,HHPJ REGIONAL OFFICE,J60,IP DISPATCH PANIPAT BRANCH,4,Y
124412,PANIPAT,HARYANA,HHPJ REGIONAL OFFICE,J60,IP DISPATCH PANIPAT BRANCH,4,Y
124504,PANIPAT,HARYANA,HHPJ REGIONAL OFFICE,J60,IP DISPATCH PANIPAT BRANCH,4,Y
124505,PANIPAT,HARYANA,HHPJ REGIONAL OFFICE,J60,IP DISPATCH PANIPAT BRANCH,4,Y
124506,PANIPAT,HARYANA,HHPJ REGIONAL OFFICE,J60,IP DISPATCH PANIPAT BRANCH,4,Y
124508,PANIPAT,HARYANA,HHPJ REGIONAL OFFICE,J60,IP DISPATCH PANIPAT BRANCH,4,Y
124513,PANIPAT,HARYANA,HHPJ REGIONAL OFFICE,J60,IP DISPATCH PANIPAT BRANCH,4,Y
124515,PANIPAT,HARYANA,HHPJ REGIONAL OFFICE,J60,IP DISPATCH PANIPAT BRANCH,4,Y
125007,PANIPAT,HARYANA,HHPJ REGIONAL OFFICE,J60,IP DISPATCH PANIPAT BRANCH,4,Y
125037,PANIPAT,HARYANA,HHPJ REGIONAL OFFICE,J60,IP DISPATCH PANIPAT BRANCH,4,Y
125038,PANIPAT,HARYANA,HHPJ REGIONAL OFFICE,J60,IP DISPATCH PANIPAT BRANCH,4,Y
125042,PANIPAT,HARYANA,HHPJ REGIONAL OFFICE,J60,IP DISPATCH PANIPAT BRANCH,4,Y
125044,PANIPAT,HARYANA,HHPJ REGIONAL OFFICE,J60,IP DISPATCH PANIPAT BRANCH,4,Y
125048,PANIPAT,HARYANA,HHPJ REGIONAL OFFICE,J60,IP DISPATCH PANIPAT BRANCH,4,Y
125049,PANIPAT,HARYANA,HHPJ REGIONAL OFFICE,J60,IP DISPATCH PANIPAT BRANCH,4,Y
125054,PANIPAT,HARYANA,HHPJ REGIONAL OFFICE,J60,IP DISPATCH PANIPAT BRANCH,4,Y
125056,PANIPAT,HARYANA,HHPJ REGIONAL OFFICE,J60,IP DISPATCH PANIPAT BRANCH,4,Y
125058,PANIPAT,HARYANA,HHPJ REGIONAL OFFICE,J60,IP DISPATCH PANIPAT BRANCH,4,Y
125060,PANIPAT,HARYANA,HHPJ REGIONAL OFFICE,J60,IP DISPATCH PANIPAT BRANCH,4,Y
125061,PANIPAT,HARYANA,HHPJ REGIONAL OFFICE,J60,IP DISPATCH PANIPAT BRANCH,4,Y
125077,PANIPAT,HARYANA,HHPJ REGIONAL OFFICE,J60,IP DISPATCH PANIPAT BRANCH,4,Y
125078,PANIPAT,HARYANA,HHPJ REGIONAL OFFICE,J60,IP DISPATCH PANIPAT BRANCH,4,Y
125101,PANIPAT,HARYANA,HHPJ REGIONAL OFFICE,J60,IP DISPATCH PANIPAT BRANCH,4,Y
125103,PANIPAT,HARYANA,HHPJ REGIONAL OFFICE,J60,IP DISPATCH PANIPAT BRANCH,4,Y
125110,PANIPAT,HARYANA,HHPJ REGIONAL OFFICE,J60,IP DISPATCH PANIPAT BRANCH,4,Y
126110,PANIPAT,HARYANA,HHPJ REGIONAL OFFICE,J60,IP DISPATCH PANIPAT BRANCH,4,Y
126111,PANIPAT,HARYANA,HHPJ REGIONAL OFFICE,J60,IP DISPATCH PANIPAT BRANCH,4,Y
126114,PANIPAT,HARYANA,HHPJ REGIONAL OFFICE,J60,IP DISPATCH PANIPAT BRANCH,4,Y
126125,PANIPAT,HARYANA,HHPJ REGIONAL OFFICE,J60,IP DISPATCH PANIPAT BRANCH,4,Y
126152,PANIPAT,HARYANA,HHPJ REGIONAL OFFICE,J60,IP DISPATCH PANIPAT BRANCH,4,Y
127022,PANIPAT,HARYANA,HHPJ REGIONAL OFFICE,J60,IP DISPATCH PANIPAT BRANCH,4,Y
127025,PANIPAT,HARYANA,HHPJ REGIONAL OFFICE,J60,IP DISPATCH PANIPAT BRANCH,4,Y
127026,PANIPAT,HARYANA,HHPJ REGIONAL OFFICE,J60,IP DISPATCH PANIPAT BRANCH,4,Y
127027,PANIPAT,HARYANA,HHPJ REGIONAL OFFICE,J60,IP DISPATCH PANIPAT BRANCH,4,Y
127029,PANIPAT,HARYANA,HHPJ REGIONAL OFFICE,J60,IP DISPATCH PANIPAT BRANCH,4,Y
127031,PANIPAT,HARYANA,HHPJ REGIONAL OFFICE,J60,IP DISPATCH PANIPAT BRANCH,4,Y
127035,PANIPAT,HARYANA,HHPJ REGIONAL OFFICE,J60,IP DISPATCH PANIPAT BRANCH,4,Y
127041,PANIPAT,HARYANA,HHPJ REGIONAL OFFICE,J60,IP DISPATCH PANIPAT BRANCH,4,Y
127042,PANIPAT,HARYANA,HHPJ REGIONAL OFFICE,J60,IP DISPATCH PANIPAT BRANCH,4,Y
127043,PANIPAT,HARYANA,HHPJ REGIONAL OFFICE,J60,IP DISPATCH PANIPAT BRANCH,4,Y
127045,PANIPAT,HARYANA,HHPJ REGIONAL OFFICE,J60,IP DISPATCH PANIPAT BRANCH,4,Y
127111,PANIPAT,HARYANA,HHPJ REGIONAL OFFICE,J60,IP DISPATCH PANIPAT BRANCH,4,Y
127114,PANIPAT,HARYANA,HHPJ REGIONAL OFFICE,J60,IP DISPATCH PANIPAT BRANCH,4,Y
127307,PANIPAT,HARYANA,HHPJ REGIONAL OFFICE,J60,IP DISPATCH PANIPAT BRANCH,4,Y
127309,PANIPAT,HARYANA,HHPJ REGIONAL OFFICE,J60,IP DISPATCH PANIPAT BRANCH,4,Y
127310,PANIPAT,HARYANA,HHPJ REGIONAL OFFICE,J60,IP DISPATCH PANIPAT BRANCH,4,Y
127311,PANIPAT,HARYANA,HHPJ REGIONAL OFFICE,J60,IP DISPATCH PANIPAT BRANCH,4,Y
127312,PANIPAT,HARYANA,HHPJ REGIONAL OFFICE,J60,IP DISPATCH PANIPAT BRANCH,4,Y
131024,PANIPAT,HARYANA,HHPJ REGIONAL OFFICE,J60,IP DISPATCH PANIPAT BRANCH,3,Y
131030,PANIPAT,HARYANA,HHPJ REGIONAL OFFICE,J60,IP DISPATCH PANIPAT BRANCH,3,Y
131102,PANIPAT,HARYANA,HHPJ REGIONAL OFFICE,J60,IP DISPATCH PANIPAT BRANCH,3,Y
131302,PANIPAT,HARYANA,HHPJ REGIONAL OFFICE,J60,IP DISPATCH PANIPAT BRANCH,3,Y
131304,PANIPAT,HARYANA,HHPJ REGIONAL OFFICE,J60,IP DISPATCH PANIPAT BRANCH,3,Y
131306,PANIPAT,HARYANA,HHPJ REGIONAL OFFICE,J60,IP DISPATCH PANIPAT BRANCH,3,Y
131403,PANIPAT,HARYANA,HHPJ REGIONAL OFFICE,J60,IP DISPATCH PANIPAT BRANCH,3,Y
131408,PANIPAT,HARYANA,HHPJ REGIONAL OFFICE,J60,IP DISPATCH PANIPAT BRANCH,3,Y
131409,PANIPAT,HARYANA,HHPJ REGIONAL OFFICE,J60,IP DISPATCH PANIPAT BRANCH,3,Y
132037,PANIPAT,HARYANA,HHPJ REGIONAL OFFICE,J60,IP DISPATCH PANIPAT BRANCH,3,Y
132040,PANIPAT,HARYANA,HHPJ REGIONAL OFFICE,J60,IP DISPATCH PANIPAT BRANCH,3,Y
132046,PANIPAT,HARYANA,HHPJ REGIONAL OFFICE,J60,IP DISPATCH PANIPAT BRANCH,3,Y
132108,PANIPAT,HARYANA,HHPJ REGIONAL OFFICE,J60,IP DISPATCH PANIPAT BRANCH,3,Y
132115,PANIPAT,HARYANA,HHPJ REGIONAL OFFICE,J60,IP DISPATCH PANIPAT BRANCH,3,Y
132122,PANIPAT,HARYANA,HHPJ REGIONAL OFFICE,J60,IP DISPATCH PANIPAT BRANCH,3,Y
132145,PANIPAT,HARYANA,HHPJ REGIONAL OFFICE,J60,IP DISPATCH PANIPAT BRANCH,3,Y
132157,PANIPAT,HARYANA,HHPJ REGIONAL OFFICE,J60,IP DISPATCH PANIPAT BRANCH,3,Y
133008,PANIPAT,HARYANA,HHPJ REGIONAL OFFICE,J60,IP DISPATCH PANIPAT BRANCH,3,Y
133010,PANIPAT,HARYANA,HHPJ REGIONAL OFFICE,J60,IP DISPATCH PANIPAT BRANCH,3,Y
133101,PANIPAT,HARYANA,HHPJ REGIONAL OFFICE,J60,IP DISPATCH PANIPAT BRANCH,3,Y
133205,PANIPAT,HARYANA,HHPJ REGIONAL OFFICE,J60,IP DISPATCH PANIPAT BRANCH,3,Y
133206,PANIPAT,HARYANA,HHPJ REGIONAL OFFICE,J60,IP DISPATCH PANIPAT BRANCH,3,Y
133207,PANIPAT,HARYANA,HHPJ REGIONAL OFFICE,J60,IP DISPATCH PANIPAT BRANCH,3,Y
133301,PANIPAT,HARYANA,HHPJ REGIONAL OFFICE,J60,IP DISPATCH PANIPAT BRANCH,3,Y
134008,PANIPAT,HARYANA,HHPJ REGIONAL OFFICE,J60,IP DISPATCH PANIPAT BRANCH,3,Y
134201,PANIPAT,HARYANA,HHPJ REGIONAL OFFICE,J60,IP DISPATCH PANIPAT BRANCH,3,Y
134205,PANIPAT,HARYANA,HHPJ REGIONAL OFFICE,J60,IP DISPATCH PANIPAT BRANCH,3,Y
135004,PANIPAT,HARYANA,HHPJ REGIONAL OFFICE,J60,IP DISPATCH PANIPAT BRANCH,3,Y
135021,PANIPAT,HARYANA,HHPJ REGIONAL OFFICE,J60,IP DISPATCH PANIPAT BRANCH,3,Y
135101,PANIPAT,HARYANA,HHPJ REGIONAL OFFICE,J60,IP DISPATCH PANIPAT BRANCH,3,Y
135103,PANIPAT,HARYANA,HHPJ REGIONAL OFFICE,J60,IP DISPATCH PANIPAT BRANCH,3,Y
135106,PANIPAT,HARYANA,HHPJ REGIONAL OFFICE,J60,IP DISPATCH PANIPAT BRANCH,3,Y
136021,PANIPAT,HARYANA,HHPJ REGIONAL OFFICE,J60,IP DISPATCH PANIPAT BRANCH,3,Y
136026,PANIPAT,HARYANA,HHPJ REGIONAL OFFICE,J60,IP DISPATCH PANIPAT BRANCH,3,Y
136030,PANIPAT,HARYANA,HHPJ REGIONAL OFFICE,J60,IP DISPATCH PANIPAT BRANCH,3,Y
136035,PANIPAT,HARYANA,HHPJ REGIONAL OFFICE,J60,IP DISPATCH PANIPAT BRANCH,3,Y
136038,PANIPAT,HARYANA,HHPJ REGIONAL OFFICE,J60,IP DISPATCH PANIPAT BRANCH,3,Y
136042,PANIPAT,HARYANA,HHPJ REGIONAL OFFICE,J60,IP DISPATCH PANIPAT BRANCH,3,Y
136043,PANIPAT,HARYANA,HHPJ REGIONAL OFFICE,J60,IP DISPATCH PANIPAT BRANCH,3,Y
136130,PANIPAT,HARYANA,HHPJ REGIONAL OFFICE,J60,IP DISPATCH PANIPAT BRANCH,3,Y
136134,PANIPAT,HARYANA,HHPJ REGIONAL OFFICE,J60,IP DISPATCH PANIPAT BRANCH,3,Y
136136,PANIPAT,HARYANA,HHPJ REGIONAL OFFICE,J60,IP DISPATCH PANIPAT BRANCH,3,Y
140102,CHANDIGARH,CHANDIGARH,HHPJ REGIONAL OFFICE,J59,IP DISPATCH CHANDIGARH BRANCH,2,Y
140109,CHANDIGARH,CHANDIGARH,HHPJ REGIONAL OFFICE,J59,IP DISPATCH CHANDIGARH BRANCH,2,Y
140110,CHANDIGARH,CHANDIGARH,HHPJ REGIONAL OFFICE,J59,IP DISPATCH CHANDIGARH BRANCH,2,Y
140114,CHANDIGARH,CHANDIGARH,HHPJ REGIONAL OFFICE,J59,IP DISPATCH CHANDIGARH BRANCH,2,Y
140115,CHANDIGARH,CHANDIGARH,HHPJ REGIONAL OFFICE,J59,IP DISPATCH CHANDIGARH BRANCH,2,Y
140116,CHANDIGARH,CHANDIGARH,HHPJ REGIONAL OFFICE,J59,IP DISPATCH CHANDIGARH BRANCH,2,Y
140119,CHANDIGARH,CHANDIGARH,HHPJ REGIONAL OFFICE,J59,IP DISPATCH CHANDIGARH BRANCH,2,Y
140123,CHANDIGARH,CHANDIGARH,HHPJ REGIONAL OFFICE,J59,IP DISPATCH CHANDIGARH BRANCH,2,Y
140126,CHANDIGARH,CHANDIGARH,HHPJ REGIONAL OFFICE,J59,IP DISPATCH CHANDIGARH BRANCH,2,Y
140127,CHANDIGARH,CHANDIGARH,HHPJ REGIONAL OFFICE,J59,IP DISPATCH CHANDIGARH BRANCH,2,Y
140128,CHANDIGARH,CHANDIGARH,HHPJ REGIONAL OFFICE,J59,IP DISPATCH CHANDIGARH BRANCH,2,Y
140133,CHANDIGARH,CHANDIGARH,HHPJ REGIONAL OFFICE,J59,IP DISPATCH CHANDIGARH BRANCH,2,Y
140307,CHANDIGARH,CHANDIGARH,HHPJ REGIONAL OFFICE,J59,IP DISPATCH CHANDIGARH BRANCH,2,Y
140402,CHANDIGARH,CHANDIGARH,HHPJ REGIONAL OFFICE,J59,IP DISPATCH CHANDIGARH BRANCH,2,Y
140405,CHANDIGARH,CHANDIGARH,HHPJ REGIONAL OFFICE,J59,IP DISPATCH CHANDIGARH BRANCH,2,Y
140407,CHANDIGARH,CHANDIGARH,HHPJ REGIONAL OFFICE,J59,IP DISPATCH CHANDIGARH BRANCH,2,Y
140408,CHANDIGARH,CHANDIGARH,HHPJ REGIONAL OFFICE,J59,IP DISPATCH CHANDIGARH BRANCH,2,Y
140506,CHANDIGARH,CHANDIGARH,HHPJ REGIONAL OFFICE,J59,IP DISPATCH CHANDIGARH BRANCH,2,Y
140602,CHANDIGARH,CHANDIGARH,HHPJ REGIONAL OFFICE,J59,IP DISPATCH CHANDIGARH BRANCH,2,Y
140701,CHANDIGARH,CHANDIGARH,HHPJ REGIONAL OFFICE,J59,IP DISPATCH CHANDIGARH BRANCH,2,Y
140702,CHANDIGARH,CHANDIGARH,HHPJ REGIONAL OFFICE,J59,IP DISPATCH CHANDIGARH BRANCH,2,Y
140802,CHANDIGARH,CHANDIGARH,HHPJ REGIONAL OFFICE,J59,IP DISPATCH CHANDIGARH BRANCH,2,Y
141102,CHANDIGARH,CHANDIGARH,HHPJ REGIONAL OFFICE,J59,IP DISPATCH CHANDIGARH BRANCH,2,Y
141103,CHANDIGARH,CHANDIGARH,HHPJ REGIONAL OFFICE,J59,IP DISPATCH CHANDIGARH BRANCH,2,Y
141107,CHANDIGARH,CHANDIGARH,HHPJ REGIONAL OFFICE,J59,IP DISPATCH CHANDIGARH BRANCH,2,Y
141108,CHANDIGARH,CHANDIGARH,HHPJ REGIONAL OFFICE,J59,IP DISPATCH CHANDIGARH BRANCH,2,Y
141113,CHANDIGARH,CHANDIGARH,HHPJ REGIONAL OFFICE,J59,IP DISPATCH CHANDIGARH BRANCH,2,Y
141117,CHANDIGARH,CHANDIGARH,HHPJ REGIONAL OFFICE,J59,IP DISPATCH CHANDIGARH BRANCH,2,Y
141121,CHANDIGARH,CHANDIGARH,HHPJ REGIONAL OFFICE,J59,IP DISPATCH CHANDIGARH BRANCH,2,Y
141122,CHANDIGARH,CHANDIGARH,HHPJ REGIONAL OFFICE,J59,IP DISPATCH CHANDIGARH BRANCH,2,Y
141125,CHANDIGARH,CHANDIGARH,HHPJ REGIONAL OFFICE,J59,IP DISPATCH CHANDIGARH BRANCH,2,Y
141126,CHANDIGARH,CHANDIGARH,HHPJ REGIONAL OFFICE,J59,IP DISPATCH CHANDIGARH BRANCH,2,Y
141127,CHANDIGARH,CHANDIGARH,HHPJ REGIONAL OFFICE,J59,IP DISPATCH CHANDIGARH BRANCH,2,Y
141202,CHANDIGARH,CHANDIGARH,HHPJ REGIONAL OFFICE,J59,IP DISPATCH CHANDIGARH BRANCH,2,Y
141203,CHANDIGARH,CHANDIGARH,HHPJ REGIONAL OFFICE,J59,IP DISPATCH CHANDIGARH BRANCH,2,Y
141205,CHANDIGARH,CHANDIGARH,HHPJ REGIONAL OFFICE,J59,IP DISPATCH CHANDIGARH BRANCH,2,Y
141411,CHANDIGARH,CHANDIGARH,HHPJ REGIONAL OFFICE,J59,IP DISPATCH CHANDIGARH BRANCH,2,Y
141413,CHANDIGARH,CHANDIGARH,HHPJ REGIONAL OFFICE,J59,IP DISPATCH CHANDIGARH BRANCH,2,Y
141414,CHANDIGARH,CHANDIGARH,HHPJ REGIONAL OFFICE,J59,IP DISPATCH CHANDIGARH BRANCH,2,Y
141415,CHANDIGARH,CHANDIGARH,HHPJ REGIONAL OFFICE,J59,IP DISPATCH CHANDIGARH BRANCH,2,Y
141417,CHANDIGARH,CHANDIGARH,HHPJ REGIONAL OFFICE,J59,IP DISPATCH CHANDIGARH BRANCH,2,Y
141419,CHANDIGARH,CHANDIGARH,HHPJ REGIONAL OFFICE,J59,IP DISPATCH CHANDIGARH BRANCH,2,Y
141422,CHANDIGARH,CHANDIGARH,HHPJ REGIONAL OFFICE,J59,IP DISPATCH CHANDIGARH BRANCH,2,Y
142002,CHANDIGARH,CHANDIGARH,HHPJ REGIONAL OFFICE,J59,IP DISPATCH CHANDIGARH BRANCH,3,Y
142003,CHANDIGARH,CHANDIGARH,HHPJ REGIONAL OFFICE,J59,IP DISPATCH CHANDIGARH BRANCH,3,Y
142011,CHANDIGARH,CHANDIGARH,HHPJ REGIONAL OFFICE,J59,IP DISPATCH CHANDIGARH BRANCH,3,Y
142022,CHANDIGARH,CHANDIGARH,HHPJ REGIONAL OFFICE,J59,IP DISPATCH CHANDIGARH BRANCH,2,Y
142023,CHANDIGARH,CHANDIGARH,HHPJ REGIONAL OFFICE,J59,IP DISPATCH CHANDIGARH BRANCH,2,Y
142024,CHANDIGARH,CHANDIGARH,HHPJ REGIONAL OFFICE,J59,IP DISPATCH CHANDIGARH BRANCH,2,Y
142025,CHANDIGARH,CHANDIGARH,HHPJ REGIONAL OFFICE,J59,IP DISPATCH CHANDIGARH BRANCH,2,Y
142029,CHANDIGARH,CHANDIGARH,HHPJ REGIONAL OFFICE,J59,IP DISPATCH CHANDIGARH BRANCH,2,Y
142030,CHANDIGARH,CHANDIGARH,HHPJ REGIONAL OFFICE,J59,IP DISPATCH CHANDIGARH BRANCH,2,Y
142031,CHANDIGARH,CHANDIGARH,HHPJ REGIONAL OFFICE,J59,IP DISPATCH CHANDIGARH BRANCH,2,Y
142032,CHANDIGARH,CHANDIGARH,HHPJ REGIONAL OFFICE,J59,IP DISPATCH CHANDIGARH BRANCH,2,Y
142034,CHANDIGARH,CHANDIGARH,HHPJ REGIONAL OFFICE,J59,IP DISPATCH CHANDIGARH BRANCH,2,Y
142035,CHANDIGARH,CHANDIGARH,HHPJ REGIONAL OFFICE,J59,IP DISPATCH CHANDIGARH BRANCH,2,Y
142036,CHANDIGARH,CHANDIGARH,HHPJ REGIONAL OFFICE,J59,IP DISPATCH CHANDIGARH BRANCH,2,Y
142039,CHANDIGARH,CHANDIGARH,HHPJ REGIONAL OFFICE,J59,IP DISPATCH CHANDIGARH BRANCH,3,Y
142040,CHANDIGARH,CHANDIGARH,HHPJ REGIONAL OFFICE,J59,IP DISPATCH CHANDIGARH BRANCH,3,Y
142041,CHANDIGARH,CHANDIGARH,HHPJ REGIONAL OFFICE,J59,IP DISPATCH CHANDIGARH BRANCH,3,Y
142045,CHANDIGARH,CHANDIGARH,HHPJ REGIONAL OFFICE,J59,IP DISPATCH CHANDIGARH BRANCH,3,Y
142046,CHANDIGARH,CHANDIGARH,HHPJ REGIONAL OFFICE,J59,IP DISPATCH CHANDIGARH BRANCH,3,Y
142048,CHANDIGARH,CHANDIGARH,HHPJ REGIONAL OFFICE,J59,IP DISPATCH CHANDIGARH BRANCH,3,Y
142054,CHANDIGARH,CHANDIGARH,HHPJ REGIONAL OFFICE,J59,IP DISPATCH CHANDIGARH BRANCH,3,Y
142056,CHANDIGARH,CHANDIGARH,HHPJ REGIONAL OFFICE,J59,IP DISPATCH CHANDIGARH BRANCH,3,Y
142057,CHANDIGARH,CHANDIGARH,HHPJ REGIONAL OFFICE,J59,IP DISPATCH CHANDIGARH BRANCH,3,Y
142058,CHANDIGARH,CHANDIGARH,HHPJ REGIONAL OFFICE,J59,IP DISPATCH CHANDIGARH BRANCH,3,Y
143009,CHANDIGARH,CHANDIGARH,HHPJ REGIONAL OFFICE,J59,IP DISPATCH CHANDIGARH BRANCH,3,Y
143022,CHANDIGARH,CHANDIGARH,HHPJ REGIONAL OFFICE,J59,IP DISPATCH CHANDIGARH BRANCH,3,Y
143108,CHANDIGARH,CHANDIGARH,HHPJ REGIONAL OFFICE,J59,IP DISPATCH CHANDIGARH BRANCH,3,Y
143109,CHANDIGARH,CHANDIGARH,HHPJ REGIONAL OFFICE,J59,IP DISPATCH CHANDIGARH BRANCH,3,Y
143113,CHANDIGARH,CHANDIGARH,HHPJ REGIONAL OFFICE,J59,IP DISPATCH CHANDIGARH BRANCH,3,Y
143117,CHANDIGARH,CHANDIGARH,HHPJ REGIONAL OFFICE,J59,IP DISPATCH CHANDIGARH BRANCH,3,Y
143118,CHANDIGARH,CHANDIGARH,HHPJ REGIONAL OFFICE,J59,IP DISPATCH CHANDIGARH BRANCH,3,Y
143119,CHANDIGARH,CHANDIGARH,HHPJ REGIONAL OFFICE,J59,IP DISPATCH CHANDIGARH BRANCH,3,Y
143202,CHANDIGARH,CHANDIGARH,HHPJ REGIONAL OFFICE,J59,IP DISPATCH CHANDIGARH BRANCH,3,Y
143204,CHANDIGARH,CHANDIGARH,HHPJ REGIONAL OFFICE,J59,IP DISPATCH CHANDIGARH BRANCH,3,Y
143205,CHANDIGARH,CHANDIGARH,HHPJ REGIONAL OFFICE,J59,IP DISPATCH CHANDIGARH BRANCH,3,Y
143302,CHANDIGARH,CHANDIGARH,HHPJ REGIONAL OFFICE,J59,IP DISPATCH CHANDIGARH BRANCH,3,Y
143304,CHANDIGARH,CHANDIGARH,HHPJ REGIONAL OFFICE,J59,IP DISPATCH CHANDIGARH BRANCH,3,Y
143305,CHANDIGARH,CHANDIGARH,HHPJ REGIONAL OFFICE,J59,IP DISPATCH CHANDIGARH BRANCH,3,Y
143402,CHANDIGARH,CHANDIGARH,HHPJ REGIONAL OFFICE,J59,IP DISPATCH CHANDIGARH BRANCH,3,Y
143406,CHANDIGARH,CHANDIGARH,HHPJ REGIONAL OFFICE,J59,IP DISPATCH CHANDIGARH BRANCH,3,Y
143407,CHANDIGARH,CHANDIGARH,HHPJ REGIONAL OFFICE,J59,IP DISPATCH CHANDIGARH BRANCH,3,Y
143408,CHANDIGARH,CHANDIGARH,HHPJ REGIONAL OFFICE,J59,IP DISPATCH CHANDIGARH BRANCH,3,Y
143409,CHANDIGARH,CHANDIGARH,HHPJ REGIONAL OFFICE,J59,IP DISPATCH CHANDIGARH BRANCH,3,Y
143410,CHANDIGARH,CHANDIGARH,HHPJ REGIONAL OFFICE,J59,IP DISPATCH CHANDIGARH BRANCH,3,Y
143411,CHANDIGARH,CHANDIGARH,HHPJ REGIONAL OFFICE,J59,IP DISPATCH CHANDIGARH BRANCH,3,Y
143413,CHANDIGARH,CHANDIGARH,HHPJ REGIONAL OFFICE,J59,IP DISPATCH CHANDIGARH BRANCH,3,Y
143414,CHANDIGARH,CHANDIGARH,HHPJ REGIONAL OFFICE,J59,IP DISPATCH CHANDIGARH BRANCH,3,Y
143415,CHANDIGARH,CHANDIGARH,HHPJ REGIONAL OFFICE,J59,IP DISPATCH CHANDIGARH BRANCH,3,Y
143419,CHANDIGARH,CHANDIGARH,HHPJ REGIONAL OFFICE,J59,IP DISPATCH CHANDIGARH BRANCH,3,Y
143422,CHANDIGARH,CHANDIGARH,HHPJ REGIONAL OFFICE,J59,IP DISPATCH CHANDIGARH BRANCH,3,Y
143504,CHANDIGARH,CHANDIGARH,HHPJ REGIONAL OFFICE,J59,IP DISPATCH CHANDIGARH BRANCH,3,Y
143506,CHANDIGARH,CHANDIGARH,HHPJ REGIONAL OFFICE,J59,IP DISPATCH CHANDIGARH BRANCH,3,Y
143507,CHANDIGARH,CHANDIGARH,HHPJ REGIONAL OFFICE,J59,IP DISPATCH CHANDIGARH BRANCH,3,Y
143511,CHANDIGARH,CHANDIGARH,HHPJ REGIONAL OFFICE,J59,IP DISPATCH CHANDIGARH BRANCH,3,Y
143513,CHANDIGARH,CHANDIGARH,HHPJ REGIONAL OFFICE,J59,IP DISPATCH CHANDIGARH BRANCH,3,Y
143514,CHANDIGARH,CHANDIGARH,HHPJ REGIONAL OFFICE,J59,IP DISPATCH CHANDIGARH BRANCH,3,Y
143515,CHANDIGARH,CHANDIGARH,HHPJ REGIONAL OFFICE,J59,IP DISPATCH CHANDIGARH BRANCH,3,Y
143516,CHANDIGARH,CHANDIGARH,HHPJ REGIONAL OFFICE,J59,IP DISPATCH CHANDIGARH BRANCH,3,Y
143517,CHANDIGARH,CHANDIGARH,HHPJ REGIONAL OFFICE,J59,IP DISPATCH CHANDIGARH BRANCH,3,Y
143518,CHANDIGARH,CHANDIGARH,HHPJ REGIONAL OFFICE,J59,IP DISPATCH CHANDIGARH BRANCH,3,Y
143520,CHANDIGARH,CHANDIGARH,HHPJ REGIONAL OFFICE,J59,IP DISPATCH CHANDIGARH BRANCH,3,Y
143525,CHANDIGARH,CHANDIGARH,HHPJ REGIONAL OFFICE,J59,IP DISPATCH CHANDIGARH BRANCH,3,Y
143526,CHANDIGARH,CHANDIGARH,HHPJ REGIONAL OFFICE,J59,IP DISPATCH CHANDIGARH BRANCH,3,Y
143527,CHANDIGARH,CHANDIGARH,HHPJ REGIONAL OFFICE,J59,IP DISPATCH CHANDIGARH BRANCH,3,Y
143528,CHANDIGARH,CHANDIGARH,HHPJ REGIONAL OFFICE,J59,IP DISPATCH CHANDIGARH BRANCH,3,Y
143529,CHANDIGARH,CHANDIGARH,HHPJ REGIONAL OFFICE,J59,IP DISPATCH CHANDIGARH BRANCH,3,Y
143532,CHANDIGARH,CHANDIGARH,HHPJ REGIONAL OFFICE,J59,IP DISPATCH CHANDIGARH BRANCH,3,Y
143602,CHANDIGARH,CHANDIGARH,HHPJ REGIONAL OFFICE,J59,IP DISPATCH CHANDIGARH BRANCH,3,Y
143603,CHANDIGARH,CHANDIGARH,HHPJ REGIONAL OFFICE,J59,IP DISPATCH CHANDIGARH BRANCH,3,Y
143605,CHANDIGARH,CHANDIGARH,HHPJ REGIONAL OFFICE,J59,IP DISPATCH CHANDIGARH BRANCH,3,Y
143606,CHANDIGARH,CHANDIGARH,HHPJ REGIONAL OFFICE,J59,IP DISPATCH CHANDIGARH BRANCH,3,Y
144026,CHANDIGARH,CHANDIGARH,HHPJ REGIONAL OFFICE,J59,IP DISPATCH CHANDIGARH BRANCH,3,Y
144028,CHANDIGARH,CHANDIGARH,HHPJ REGIONAL OFFICE,J59,IP DISPATCH CHANDIGARH BRANCH,3,Y
144029,CHANDIGARH,CHANDIGARH,HHPJ REGIONAL OFFICE,J59,IP DISPATCH CHANDIGARH BRANCH,3,Y
144030,CHANDIGARH,CHANDIGARH,HHPJ REGIONAL OFFICE,J59,IP DISPATCH CHANDIGARH BRANCH,3,Y
144031,CHANDIGARH,CHANDIGARH,HHPJ REGIONAL OFFICE,J59,IP DISPATCH CHANDIGARH BRANCH,3,Y
144032,CHANDIGARH,CHANDIGARH,HHPJ REGIONAL OFFICE,J59,IP DISPATCH CHANDIGARH BRANCH,3,Y
144033,CHANDIGARH,CHANDIGARH,HHPJ REGIONAL OFFICE,J59,IP DISPATCH CHANDIGARH BRANCH,3,Y
144034,CHANDIGARH,CHANDIGARH,HHPJ REGIONAL OFFICE,J59,IP DISPATCH CHANDIGARH BRANCH,3,Y
144035,CHANDIGARH,CHANDIGARH,HHPJ REGIONAL OFFICE,J59,IP DISPATCH CHANDIGARH BRANCH,3,Y
144036,CHANDIGARH,CHANDIGARH,HHPJ REGIONAL OFFICE,J59,IP DISPATCH CHANDIGARH BRANCH,3,Y
144037,CHANDIGARH,CHANDIGARH,HHPJ REGIONAL OFFICE,J59,IP DISPATCH CHANDIGARH BRANCH,3,Y
144041,CHANDIGARH,CHANDIGARH,HHPJ REGIONAL OFFICE,J59,IP DISPATCH CHANDIGARH BRANCH,3,Y
144042,CHANDIGARH,CHANDIGARH,HHPJ REGIONAL OFFICE,J59,IP DISPATCH CHANDIGARH BRANCH,3,Y
144043,CHANDIGARH,CHANDIGARH,HHPJ REGIONAL OFFICE,J59,IP DISPATCH CHANDIGARH BRANCH,3,Y
144044,CHANDIGARH,CHANDIGARH,HHPJ REGIONAL OFFICE,J59,IP DISPATCH CHANDIGARH BRANCH,3,Y
144101,CHANDIGARH,CHANDIGARH,HHPJ REGIONAL OFFICE,J59,IP DISPATCH CHANDIGARH BRANCH,3,Y
144104,CHANDIGARH,CHANDIGARH,HHPJ REGIONAL OFFICE,J59,IP DISPATCH CHANDIGARH BRANCH,3,Y
144105,CHANDIGARH,CHANDIGARH,HHPJ REGIONAL OFFICE,J59,IP DISPATCH CHANDIGARH BRANCH,3,Y
144202,CHANDIGARH,CHANDIGARH,HHPJ REGIONAL OFFICE,J59,IP DISPATCH CHANDIGARH BRANCH,3,Y
144206,CHANDIGARH,CHANDIGARH,HHPJ REGIONAL OFFICE,J59,IP DISPATCH CHANDIGARH BRANCH,3,Y
144209,CHANDIGARH,CHANDIGARH,HHPJ REGIONAL OFFICE,J59,IP DISPATCH CHANDIGARH BRANCH,3,Y
144210,CHANDIGARH,CHANDIGARH,HHPJ REGIONAL OFFICE,J59,IP DISPATCH CHANDIGARH BRANCH,3,Y
144212,CHANDIGARH,CHANDIGARH,HHPJ REGIONAL OFFICE,J59,IP DISPATCH CHANDIGARH BRANCH,3,Y
144214,CHANDIGARH,CHANDIGARH,HHPJ REGIONAL OFFICE,J59,IP DISPATCH CHANDIGARH BRANCH,3,Y
144221,CHANDIGARH,CHANDIGARH,HHPJ REGIONAL OFFICE,J59,IP DISPATCH CHANDIGARH BRANCH,3,Y
144222,CHANDIGARH,CHANDIGARH,HHPJ REGIONAL OFFICE,J59,IP DISPATCH CHANDIGARH BRANCH,3,Y
144223,CHANDIGARH,CHANDIGARH,HHPJ REGIONAL OFFICE,J59,IP DISPATCH CHANDIGARH BRANCH,3,Y
144224,CHANDIGARH,CHANDIGARH,HHPJ REGIONAL OFFICE,J59,IP DISPATCH CHANDIGARH BRANCH,3,Y
144301,CHANDIGARH,CHANDIGARH,HHPJ REGIONAL OFFICE,J59,IP DISPATCH CHANDIGARH BRANCH,3,Y
144302,CHANDIGARH,CHANDIGARH,HHPJ REGIONAL OFFICE,J59,IP DISPATCH CHANDIGARH BRANCH,3,Y
144303,CHANDIGARH,CHANDIGARH,HHPJ REGIONAL OFFICE,J59,IP DISPATCH CHANDIGARH BRANCH,3,Y
144305,CHANDIGARH,CHANDIGARH,HHPJ REGIONAL OFFICE,J59,IP DISPATCH CHANDIGARH BRANCH,3,Y
144311,CHANDIGARH,CHANDIGARH,HHPJ REGIONAL OFFICE,J59,IP DISPATCH CHANDIGARH BRANCH,3,Y
144403,CHANDIGARH,CHANDIGARH,HHPJ REGIONAL OFFICE,J59,IP DISPATCH CHANDIGARH BRANCH,3,Y
144404,CHANDIGARH,CHANDIGARH,HHPJ REGIONAL OFFICE,J59,IP DISPATCH CHANDIGARH BRANCH,3,Y
144405,CHANDIGARH,CHANDIGARH,HHPJ REGIONAL OFFICE,J59,IP DISPATCH CHANDIGARH BRANCH,3,Y
144406,CHANDIGARH,CHANDIGARH,HHPJ REGIONAL OFFICE,J59,IP DISPATCH CHANDIGARH BRANCH,3,Y
144407,CHANDIGARH,CHANDIGARH,HHPJ REGIONAL OFFICE,J59,IP DISPATCH CHANDIGARH BRANCH,3,Y
144408,CHANDIGARH,CHANDIGARH,HHPJ REGIONAL OFFICE,J59,IP DISPATCH CHANDIGARH BRANCH,3,Y
144415,CHANDIGARH,CHANDIGARH,HHPJ REGIONAL OFFICE,J59,IP DISPATCH CHANDIGARH BRANCH,3,Y
144416,CHANDIGARH,CHANDIGARH,HHPJ REGIONAL OFFICE,J59,IP DISPATCH CHANDIGARH BRANCH,3,Y
144417,CHANDIGARH,CHANDIGARH,HHPJ REGIONAL OFFICE,J59,IP DISPATCH CHANDIGARH BRANCH,3,Y
144418,CHANDIGARH,CHANDIGARH,HHPJ REGIONAL OFFICE,J59,IP DISPATCH CHANDIGARH BRANCH,3,Y
144419,CHANDIGARH,CHANDIGARH,HHPJ REGIONAL OFFICE,J59,IP DISPATCH CHANDIGARH BRANCH,3,Y
144421,CHANDIGARH,CHANDIGARH,HHPJ REGIONAL OFFICE,J59,IP DISPATCH CHANDIGARH BRANCH,3,Y
144422,CHANDIGARH,CHANDIGARH,HHPJ REGIONAL OFFICE,J59,IP DISPATCH CHANDIGARH BRANCH,3,Y
144501,CHANDIGARH,CHANDIGARH,HHPJ REGIONAL OFFICE,J59,IP DISPATCH CHANDIGARH BRANCH,3,Y
144502,CHANDIGARH,CHANDIGARH,HHPJ REGIONAL OFFICE,J59,IP DISPATCH CHANDIGARH BRANCH,3,Y
144503,CHANDIGARH,CHANDIGARH,HHPJ REGIONAL OFFICE,J59,IP DISPATCH CHANDIGARH BRANCH,3,Y
144506,CHANDIGARH,CHANDIGARH,HHPJ REGIONAL OFFICE,J59,IP DISPATCH CHANDIGARH BRANCH,3,Y
144507,CHANDIGARH,CHANDIGARH,HHPJ REGIONAL OFFICE,J59,IP DISPATCH CHANDIGARH BRANCH,3,Y
144508,CHANDIGARH,CHANDIGARH,HHPJ REGIONAL OFFICE,J59,IP DISPATCH CHANDIGARH BRANCH,3,Y
144509,CHANDIGARH,CHANDIGARH,HHPJ REGIONAL OFFICE,J59,IP DISPATCH CHANDIGARH BRANCH,3,Y
144510,CHANDIGARH,CHANDIGARH,HHPJ REGIONAL OFFICE,J59,IP DISPATCH CHANDIGARH BRANCH,3,Y
144511,CHANDIGARH,CHANDIGARH,HHPJ REGIONAL OFFICE,J59,IP DISPATCH CHANDIGARH BRANCH,3,Y
144512,CHANDIGARH,CHANDIGARH,HHPJ REGIONAL OFFICE,J59,IP DISPATCH CHANDIGARH BRANCH,3,Y
144513,CHANDIGARH,CHANDIGARH,HHPJ REGIONAL OFFICE,J59,IP DISPATCH CHANDIGARH BRANCH,3,Y
144515,CHANDIGARH,CHANDIGARH,HHPJ REGIONAL OFFICE,J59,IP DISPATCH CHANDIGARH BRANCH,3,Y
144516,CHANDIGARH,CHANDIGARH,HHPJ REGIONAL OFFICE,J59,IP DISPATCH CHANDIGARH BRANCH,3,Y
144517,CHANDIGARH,CHANDIGARH,HHPJ REGIONAL OFFICE,J59,IP DISPATCH CHANDIGARH BRANCH,3,Y
144518,CHANDIGARH,CHANDIGARH,HHPJ REGIONAL OFFICE,J59,IP DISPATCH CHANDIGARH BRANCH,3,Y
144519,CHANDIGARH,CHANDIGARH,HHPJ REGIONAL OFFICE,J59,IP DISPATCH CHANDIGARH BRANCH,3,Y
144520,CHANDIGARH,CHANDIGARH,HHPJ REGIONAL OFFICE,J59,IP DISPATCH CHANDIGARH BRANCH,3,Y
144522,CHANDIGARH,CHANDIGARH,HHPJ REGIONAL OFFICE,J59,IP DISPATCH CHANDIGARH BRANCH,3,Y
144524,CHANDIGARH,CHANDIGARH,HHPJ REGIONAL OFFICE,J59,IP DISPATCH CHANDIGARH BRANCH,3,Y
144525,CHANDIGARH,CHANDIGARH,HHPJ REGIONAL OFFICE,J59,IP DISPATCH CHANDIGARH BRANCH,3,Y
144526,CHANDIGARH,CHANDIGARH,HHPJ REGIONAL OFFICE,J59,IP DISPATCH CHANDIGARH BRANCH,3,Y
144528,CHANDIGARH,CHANDIGARH,HHPJ REGIONAL OFFICE,J59,IP DISPATCH CHANDIGARH BRANCH,3,Y
144530,CHANDIGARH,CHANDIGARH,HHPJ REGIONAL OFFICE,J59,IP DISPATCH CHANDIGARH BRANCH,3,Y
144531,CHANDIGARH,CHANDIGARH,HHPJ REGIONAL OFFICE,J59,IP DISPATCH CHANDIGARH BRANCH,3,Y
144532,CHANDIGARH,CHANDIGARH,HHPJ REGIONAL OFFICE,J59,IP DISPATCH CHANDIGARH BRANCH,3,Y
144603,CHANDIGARH,CHANDIGARH,HHPJ REGIONAL OFFICE,J59,IP DISPATCH CHANDIGARH BRANCH,3,Y
144606,CHANDIGARH,CHANDIGARH,HHPJ REGIONAL OFFICE,J59,IP DISPATCH CHANDIGARH BRANCH,3,Y
144620,CHANDIGARH,CHANDIGARH,HHPJ REGIONAL OFFICE,J59,IP DISPATCH CHANDIGARH BRANCH,3,Y
144622,CHANDIGARH,CHANDIGARH,HHPJ REGIONAL OFFICE,J59,IP DISPATCH CHANDIGARH BRANCH,3,Y
144623,CHANDIGARH,CHANDIGARH,HHPJ REGIONAL OFFICE,J59,IP DISPATCH CHANDIGARH BRANCH,3,Y
144624,CHANDIGARH,CHANDIGARH,HHPJ REGIONAL OFFICE,J59,IP DISPATCH CHANDIGARH BRANCH,3,Y
144625,CHANDIGARH,CHANDIGARH,HHPJ REGIONAL OFFICE,J59,IP DISPATCH CHANDIGARH BRANCH,3,Y
144630,CHANDIGARH,CHANDIGARH,HHPJ REGIONAL OFFICE,J59,IP DISPATCH CHANDIGARH BRANCH,3,Y
144631,CHANDIGARH,CHANDIGARH,HHPJ REGIONAL OFFICE,J59,IP DISPATCH CHANDIGARH BRANCH,3,Y
144633,CHANDIGARH,CHANDIGARH,HHPJ REGIONAL OFFICE,J59,IP DISPATCH CHANDIGARH BRANCH,3,Y
144702,CHANDIGARH,CHANDIGARH,HHPJ REGIONAL OFFICE,J59,IP DISPATCH CHANDIGARH BRANCH,3,Y
144703,CHANDIGARH,CHANDIGARH,HHPJ REGIONAL OFFICE,J59,IP DISPATCH CHANDIGARH BRANCH,3,Y
144802,CHANDIGARH,CHANDIGARH,HHPJ REGIONAL OFFICE,J59,IP DISPATCH CHANDIGARH BRANCH,3,Y
144803,CHANDIGARH,CHANDIGARH,HHPJ REGIONAL OFFICE,J59,IP DISPATCH CHANDIGARH BRANCH,3,Y
144804,CHANDIGARH,CHANDIGARH,HHPJ REGIONAL OFFICE,J59,IP DISPATCH CHANDIGARH BRANCH,3,Y
144805,CHANDIGARH,CHANDIGARH,HHPJ REGIONAL OFFICE,J59,IP DISPATCH CHANDIGARH BRANCH,3,Y
144806,CHANDIGARH,CHANDIGARH,HHPJ REGIONAL OFFICE,J59,IP DISPATCH CHANDIGARH BRANCH,3,Y
144819,CHANDIGARH,CHANDIGARH,HHPJ REGIONAL OFFICE,J59,IP DISPATCH CHANDIGARH BRANCH,3,Y
145022,CHANDIGARH,CHANDIGARH,HHPJ REGIONAL OFFICE,J59,IP DISPATCH CHANDIGARH BRANCH,3,Y
145026,CHANDIGARH,CHANDIGARH,HHPJ REGIONAL OFFICE,J59,IP DISPATCH CHANDIGARH BRANCH,3,Y
145027,CHANDIGARH,CHANDIGARH,HHPJ REGIONAL OFFICE,J59,IP DISPATCH CHANDIGARH BRANCH,3,Y
145029,CHANDIGARH,CHANDIGARH,HHPJ REGIONAL OFFICE,J59,IP DISPATCH CHANDIGARH BRANCH,3,Y
145101,CHANDIGARH,CHANDIGARH,HHPJ REGIONAL OFFICE,J59,IP DISPATCH CHANDIGARH BRANCH,3,Y
146024,CHANDIGARH,CHANDIGARH,HHPJ REGIONAL OFFICE,J59,IP DISPATCH CHANDIGARH BRANCH,3,Y
146101,CHANDIGARH,CHANDIGARH,HHPJ REGIONAL OFFICE,J59,IP DISPATCH CHANDIGARH BRANCH,3,Y
146103,CHANDIGARH,CHANDIGARH,HHPJ REGIONAL OFFICE,J59,IP DISPATCH CHANDIGARH BRANCH,3,Y
146104,CHANDIGARH,CHANDIGARH,HHPJ REGIONAL OFFICE,J59,IP DISPATCH CHANDIGARH BRANCH,3,Y
146106,CHANDIGARH,CHANDIGARH,HHPJ REGIONAL OFFICE,J59,IP DISPATCH CHANDIGARH BRANCH,3,Y
146107,CHANDIGARH,CHANDIGARH,HHPJ REGIONAL OFFICE,J59,IP DISPATCH CHANDIGARH BRANCH,3,Y
146108,CHANDIGARH,CHANDIGARH,HHPJ REGIONAL OFFICE,J59,IP DISPATCH CHANDIGARH BRANCH,3,Y
146109,CHANDIGARH,CHANDIGARH,HHPJ REGIONAL OFFICE,J59,IP DISPATCH CHANDIGARH BRANCH,3,Y
146110,CHANDIGARH,CHANDIGARH,HHPJ REGIONAL OFFICE,J59,IP DISPATCH CHANDIGARH BRANCH,3,Y
146111,CHANDIGARH,CHANDIGARH,HHPJ REGIONAL OFFICE,J59,IP DISPATCH CHANDIGARH BRANCH,3,Y
146114,CHANDIGARH,CHANDIGARH,HHPJ REGIONAL OFFICE,J59,IP DISPATCH CHANDIGARH BRANCH,3,Y
146115,CHANDIGARH,CHANDIGARH,HHPJ REGIONAL OFFICE,J59,IP DISPATCH CHANDIGARH BRANCH,3,Y
146116,CHANDIGARH,CHANDIGARH,HHPJ REGIONAL OFFICE,J59,IP DISPATCH CHANDIGARH BRANCH,3,Y
147006,CHANDIGARH,CHANDIGARH,HHPJ REGIONAL OFFICE,J59,IP DISPATCH CHANDIGARH BRANCH,2,Y
147007,CHANDIGARH,CHANDIGARH,HHPJ REGIONAL OFFICE,J59,IP DISPATCH CHANDIGARH BRANCH,2,Y
147008,CHANDIGARH,CHANDIGARH,HHPJ REGIONAL OFFICE,J59,IP DISPATCH CHANDIGARH BRANCH,2,Y
147102,CHANDIGARH,CHANDIGARH,HHPJ REGIONAL OFFICE,J59,IP DISPATCH CHANDIGARH BRANCH,2,Y
147104,CHANDIGARH,CHANDIGARH,HHPJ REGIONAL OFFICE,J59,IP DISPATCH CHANDIGARH BRANCH,2,Y
148002,CHANDIGARH,CHANDIGARH,HHPJ REGIONAL OFFICE,J59,IP DISPATCH CHANDIGARH BRANCH,2,Y
148017,CHANDIGARH,CHANDIGARH,HHPJ REGIONAL OFFICE,J59,IP DISPATCH CHANDIGARH BRANCH,2,Y
148018,CHANDIGARH,CHANDIGARH,HHPJ REGIONAL OFFICE,J59,IP DISPATCH CHANDIGARH BRANCH,2,Y
148019,CHANDIGARH,CHANDIGARH,HHPJ REGIONAL OFFICE,J59,IP DISPATCH CHANDIGARH BRANCH,2,Y
148020,CHANDIGARH,CHANDIGARH,HHPJ REGIONAL OFFICE,J59,IP DISPATCH CHANDIGARH BRANCH,2,Y
148029,CHANDIGARH,CHANDIGARH,HHPJ REGIONAL OFFICE,J59,IP DISPATCH CHANDIGARH BRANCH,2,Y
148030,CHANDIGARH,CHANDIGARH,HHPJ REGIONAL OFFICE,J59,IP DISPATCH CHANDIGARH BRANCH,2,Y
148031,CHANDIGARH,CHANDIGARH,HHPJ REGIONAL OFFICE,J59,IP DISPATCH CHANDIGARH BRANCH,2,Y
148034,CHANDIGARH,CHANDIGARH,HHPJ REGIONAL OFFICE,J59,IP DISPATCH CHANDIGARH BRANCH,2,Y
148103,CHANDIGARH,CHANDIGARH,HHPJ REGIONAL OFFICE,J59,IP DISPATCH CHANDIGARH BRANCH,2,Y
148109,CHANDIGARH,CHANDIGARH,HHPJ REGIONAL OFFICE,J59,IP DISPATCH CHANDIGARH BRANCH,2,Y
151004,CHANDIGARH,CHANDIGARH,HHPJ REGIONAL OFFICE,J59,IP DISPATCH CHANDIGARH BRANCH,3,Y
151006,CHANDIGARH,CHANDIGARH,HHPJ REGIONAL OFFICE,J59,IP DISPATCH CHANDIGARH BRANCH,3,Y
151007,CHANDIGARH,CHANDIGARH,HHPJ REGIONAL OFFICE,J59,IP DISPATCH CHANDIGARH BRANCH,3,Y
151104,CHANDIGARH,CHANDIGARH,HHPJ REGIONAL OFFICE,J59,IP DISPATCH CHANDIGARH BRANCH,3,Y
151105,CHANDIGARH,CHANDIGARH,HHPJ REGIONAL OFFICE,J59,IP DISPATCH CHANDIGARH BRANCH,3,Y
151106,CHANDIGARH,CHANDIGARH,HHPJ REGIONAL OFFICE,J59,IP DISPATCH CHANDIGARH BRANCH,3,Y
151108,CHANDIGARH,CHANDIGARH,HHPJ REGIONAL OFFICE,J59,IP DISPATCH CHANDIGARH BRANCH,3,Y
151111,CHANDIGARH,CHANDIGARH,HHPJ REGIONAL OFFICE,J59,IP DISPATCH CHANDIGARH BRANCH,3,Y
151205,CHANDIGARH,CHANDIGARH,HHPJ REGIONAL OFFICE,J59,IP DISPATCH CHANDIGARH BRANCH,3,Y
151207,CHANDIGARH,CHANDIGARH,HHPJ REGIONAL OFFICE,J59,IP DISPATCH CHANDIGARH BRANCH,3,Y
151208,CHANDIGARH,CHANDIGARH,HHPJ REGIONAL OFFICE,J59,IP DISPATCH CHANDIGARH BRANCH,3,Y
151209,CHANDIGARH,CHANDIGARH,HHPJ REGIONAL OFFICE,J59,IP DISPATCH CHANDIGARH BRANCH,3,Y
151210,CHANDIGARH,CHANDIGARH,HHPJ REGIONAL OFFICE,J59,IP DISPATCH CHANDIGARH BRANCH,3,Y
151212,CHANDIGARH,CHANDIGARH,HHPJ REGIONAL OFFICE,J59,IP DISPATCH CHANDIGARH BRANCH,3,Y
151213,CHANDIGARH,CHANDIGARH,HHPJ REGIONAL OFFICE,J59,IP DISPATCH CHANDIGARH BRANCH,3,Y
151214,CHANDIGARH,CHANDIGARH,HHPJ REGIONAL OFFICE,J59,IP DISPATCH CHANDIGARH BRANCH,3,Y
151302,CHANDIGARH,CHANDIGARH,HHPJ REGIONAL OFFICE,J59,IP DISPATCH CHANDIGARH BRANCH,3,Y
151401,CHANDIGARH,CHANDIGARH,HHPJ REGIONAL OFFICE,J59,IP DISPATCH CHANDIGARH BRANCH,3,Y
151502,CHANDIGARH,CHANDIGARH,HHPJ REGIONAL OFFICE,J59,IP DISPATCH CHANDIGARH BRANCH,3,Y
151503,CHANDIGARH,CHANDIGARH,HHPJ REGIONAL OFFICE,J59,IP DISPATCH CHANDIGARH BRANCH,3,Y
151506,CHANDIGARH,CHANDIGARH,HHPJ REGIONAL OFFICE,J59,IP DISPATCH CHANDIGARH BRANCH,3,Y
151508,CHANDIGARH,CHANDIGARH,HHPJ REGIONAL OFFICE,J59,IP DISPATCH CHANDIGARH BRANCH,3,Y
151510,CHANDIGARH,CHANDIGARH,HHPJ REGIONAL OFFICE,J59,IP DISPATCH CHANDIGARH BRANCH,3,Y
152003,CHANDIGARH,CHANDIGARH,HHPJ REGIONAL OFFICE,J59,IP DISPATCH CHANDIGARH BRANCH,3,Y
152004,CHANDIGARH,CHANDIGARH,HHPJ REGIONAL OFFICE,J59,IP DISPATCH CHANDIGARH BRANCH,3,Y
152005,CHANDIGARH,CHANDIGARH,HHPJ REGIONAL OFFICE,J59,IP DISPATCH CHANDIGARH BRANCH,3,Y
152020,CHANDIGARH,CHANDIGARH,HHPJ REGIONAL OFFICE,J59,IP DISPATCH CHANDIGARH BRANCH,3,Y
152023,CHANDIGARH,CHANDIGARH,HHPJ REGIONAL OFFICE,J59,IP DISPATCH CHANDIGARH BRANCH,3,Y
152025,CHANDIGARH,CHANDIGARH,HHPJ REGIONAL OFFICE,J59,IP DISPATCH CHANDIGARH BRANCH,3,Y
152028,CHANDIGARH,CHANDIGARH,HHPJ REGIONAL OFFICE,J59,IP DISPATCH CHANDIGARH BRANCH,3,Y
152031,CHANDIGARH,CHANDIGARH,HHPJ REGIONAL OFFICE,J59,IP DISPATCH CHANDIGARH BRANCH,3,Y
152032,CHANDIGARH,CHANDIGARH,HHPJ REGIONAL OFFICE,J59,IP DISPATCH CHANDIGARH BRANCH,3,Y
152033,CHANDIGARH,CHANDIGARH,HHPJ REGIONAL OFFICE,J59,IP DISPATCH CHANDIGARH BRANCH,3,Y
152112,CHANDIGARH,CHANDIGARH,HHPJ REGIONAL OFFICE,J59,IP DISPATCH CHANDIGARH BRANCH,3,Y
152113,CHANDIGARH,CHANDIGARH,HHPJ REGIONAL OFFICE,J59,IP DISPATCH CHANDIGARH BRANCH,3,Y
152114,CHANDIGARH,CHANDIGARH,HHPJ REGIONAL OFFICE,J59,IP DISPATCH CHANDIGARH BRANCH,3,Y
152115,CHANDIGARH,CHANDIGARH,HHPJ REGIONAL OFFICE,J59,IP DISPATCH CHANDIGARH BRANCH,3,Y
152117,CHANDIGARH,CHANDIGARH,HHPJ REGIONAL OFFICE,J59,IP DISPATCH CHANDIGARH BRANCH,3,Y
152118,CHANDIGARH,CHANDIGARH,HHPJ REGIONAL OFFICE,J59,IP DISPATCH CHANDIGARH BRANCH,3,Y
152121,CHANDIGARH,CHANDIGARH,HHPJ REGIONAL OFFICE,J59,IP DISPATCH CHANDIGARH BRANCH,3,Y
152122,CHANDIGARH,CHANDIGARH,HHPJ REGIONAL OFFICE,J59,IP DISPATCH CHANDIGARH BRANCH,3,Y
152128,CHANDIGARH,CHANDIGARH,HHPJ REGIONAL OFFICE,J59,IP DISPATCH CHANDIGARH BRANCH,3,Y
152132,CHANDIGARH,CHANDIGARH,HHPJ REGIONAL OFFICE,J59,IP DISPATCH CHANDIGARH BRANCH,3,Y
171007,SOLAN,HIMACHAL PRADESH,HHPJ REGIONAL OFFICE,J61,IP DISPATCH SOLAN BRANCH,4,Y
171012,SOLAN,HIMACHAL PRADESH,HHPJ REGIONAL OFFICE,J61,IP DISPATCH SOLAN BRANCH,4,Y
171013,SOLAN,HIMACHAL PRADESH,HHPJ REGIONAL OFFICE,J61,IP DISPATCH SOLAN BRANCH,4,Y
171014,SOLAN,HIMACHAL PRADESH,HHPJ REGIONAL OFFICE,J61,IP DISPATCH SOLAN BRANCH,4,Y
171015,SOLAN,HIMACHAL PRADESH,HHPJ REGIONAL OFFICE,J61,IP DISPATCH SOLAN BRANCH,4,Y
171018,SOLAN,HIMACHAL PRADESH,HHPJ REGIONAL OFFICE,J61,IP DISPATCH SOLAN BRANCH,4,Y
171019,SOLAN,HIMACHAL PRADESH,HHPJ REGIONAL OFFICE,J61,IP DISPATCH SOLAN BRANCH,4,Y
171103,SOLAN,HIMACHAL PRADESH,HHPJ REGIONAL OFFICE,J61,IP DISPATCH SOLAN BRANCH,4,Y
171202,SOLAN,HIMACHAL PRADESH,HHPJ REGIONAL OFFICE,J61,IP DISPATCH SOLAN BRANCH,4,Y
171203,SOLAN,HIMACHAL PRADESH,HHPJ REGIONAL OFFICE,J61,IP DISPATCH SOLAN BRANCH,5,Y
171204,SOLAN,HIMACHAL PRADESH,HHPJ REGIONAL OFFICE,J61,IP DISPATCH SOLAN BRANCH,4,Y
171205,SOLAN,HIMACHAL PRADESH,HHPJ REGIONAL OFFICE,J61,IP DISPATCH SOLAN BRANCH,4,Y
171206,SOLAN,HIMACHAL PRADESH,HHPJ REGIONAL OFFICE,J61,IP DISPATCH SOLAN BRANCH,4,Y
171208,SOLAN,HIMACHAL PRADESH,HHPJ REGIONAL OFFICE,J61,IP DISPATCH SOLAN BRANCH,4,Y
171209,SOLAN,HIMACHAL PRADESH,HHPJ REGIONAL OFFICE,J61,IP DISPATCH SOLAN BRANCH,4,Y
171210,SOLAN,HIMACHAL PRADESH,HHPJ REGIONAL OFFICE,J61,IP DISPATCH SOLAN BRANCH,4,Y
171211,SOLAN,HIMACHAL PRADESH,HHPJ REGIONAL OFFICE,J61,IP DISPATCH SOLAN BRANCH,4,Y
171212,SOLAN,HIMACHAL PRADESH,HHPJ REGIONAL OFFICE,J61,IP DISPATCH SOLAN BRANCH,4,Y
171214,SOLAN,HIMACHAL PRADESH,HHPJ REGIONAL OFFICE,J61,IP DISPATCH SOLAN BRANCH,4,Y
171215,SOLAN,HIMACHAL PRADESH,HHPJ REGIONAL OFFICE,J61,IP DISPATCH SOLAN BRANCH,4,Y
171216,SOLAN,HIMACHAL PRADESH,HHPJ REGIONAL OFFICE,J61,IP DISPATCH SOLAN BRANCH,4,Y
171217,SOLAN,HIMACHAL PRADESH,HHPJ REGIONAL OFFICE,J61,IP DISPATCH SOLAN BRANCH,5,Y
171218,SOLAN,HIMACHAL PRADESH,HHPJ REGIONAL OFFICE,J61,IP DISPATCH SOLAN BRANCH,4,Y
171220,SOLAN,HIMACHAL PRADESH,HHPJ REGIONAL OFFICE,J61,IP DISPATCH SOLAN BRANCH,4,Y
171221,SOLAN,HIMACHAL PRADESH,HHPJ REGIONAL OFFICE,J61,IP DISPATCH SOLAN BRANCH,5,Y
171222,SOLAN,HIMACHAL PRADESH,HHPJ REGIONAL OFFICE,J61,IP DISPATCH SOLAN BRANCH,4,Y
171223,SOLAN,HIMACHAL PRADESH,HHPJ REGIONAL OFFICE,J61,IP DISPATCH SOLAN BRANCH,4,Y
171224,SOLAN,HIMACHAL PRADESH,HHPJ REGIONAL OFFICE,J61,IP DISPATCH SOLAN BRANCH,4,Y
171225,SOLAN,HIMACHAL PRADESH,HHPJ REGIONAL OFFICE,J61,IP DISPATCH SOLAN BRANCH,5,Y
171226,SOLAN,HIMACHAL PRADESH,HHPJ REGIONAL OFFICE,J61,IP DISPATCH SOLAN BRANCH,5,Y
172002,SOLAN,HIMACHAL PRADESH,HHPJ REGIONAL OFFICE,J61,IP DISPATCH SOLAN BRANCH,5,Y
172021,SOLAN,HIMACHAL PRADESH,HHPJ REGIONAL OFFICE,J61,IP DISPATCH SOLAN BRANCH,5,Y
172022,SOLAN,HIMACHAL PRADESH,HHPJ REGIONAL OFFICE,J61,IP DISPATCH SOLAN BRANCH,5,Y
172023,SOLAN,HIMACHAL PRADESH,HHPJ REGIONAL OFFICE,J61,IP DISPATCH SOLAN BRANCH,5,Y
172024,SOLAN,HIMACHAL PRADESH,HHPJ REGIONAL OFFICE,J61,IP DISPATCH SOLAN BRANCH,4,Y
172025,SOLAN,HIMACHAL PRADESH,HHPJ REGIONAL OFFICE,J61,IP DISPATCH SOLAN BRANCH,4,Y
172026,SOLAN,HIMACHAL PRADESH,HHPJ REGIONAL OFFICE,J61,IP DISPATCH SOLAN BRANCH,4,Y
172027,SOLAN,HIMACHAL PRADESH,HHPJ REGIONAL OFFICE,J61,IP DISPATCH SOLAN BRANCH,5,Y
172028,SOLAN,HIMACHAL PRADESH,HHPJ REGIONAL OFFICE,J61,IP DISPATCH SOLAN BRANCH,5,Y
172031,SOLAN,HIMACHAL PRADESH,HHPJ REGIONAL OFFICE,J61,IP DISPATCH SOLAN BRANCH,5,Y
172032,SOLAN,HIMACHAL PRADESH,HHPJ REGIONAL OFFICE,J61,IP DISPATCH SOLAN BRANCH,4,Y
172033,SOLAN,HIMACHAL PRADESH,HHPJ REGIONAL OFFICE,J61,IP DISPATCH SOLAN BRANCH,5,Y
172034,SOLAN,HIMACHAL PRADESH,HHPJ REGIONAL OFFICE,J61,IP DISPATCH SOLAN BRANCH,4,Y
172101,SOLAN,HIMACHAL PRADESH,HHPJ REGIONAL OFFICE,J61,IP DISPATCH SOLAN BRANCH,5,Y
172102,SOLAN,HIMACHAL PRADESH,HHPJ REGIONAL OFFICE,J61,IP DISPATCH SOLAN BRANCH,4,Y
172103,SOLAN,HIMACHAL PRADESH,HHPJ REGIONAL OFFICE,J61,IP DISPATCH SOLAN BRANCH,5,Y
172104,SOLAN,HIMACHAL PRADESH,HHPJ REGIONAL OFFICE,J61,IP DISPATCH SOLAN BRANCH,5,Y
172105,SOLAN,HIMACHAL PRADESH,HHPJ REGIONAL OFFICE,J61,IP DISPATCH SOLAN BRANCH,5,Y
172106,SOLAN,HIMACHAL PRADESH,HHPJ REGIONAL OFFICE,J61,IP DISPATCH SOLAN BRANCH,5,Y
172107,SOLAN,HIMACHAL PRADESH,HHPJ REGIONAL OFFICE,J61,IP DISPATCH SOLAN BRANCH,5,Y
172108,SOLAN,HIMACHAL PRADESH,HHPJ REGIONAL OFFICE,J61,IP DISPATCH SOLAN BRANCH,5,Y
172109,SOLAN,HIMACHAL PRADESH,HHPJ REGIONAL OFFICE,J61,IP DISPATCH SOLAN BRANCH,5,Y
172110,SOLAN,HIMACHAL PRADESH,HHPJ REGIONAL OFFICE,J61,IP DISPATCH SOLAN BRANCH,5,Y
172111,SOLAN,HIMACHAL PRADESH,HHPJ REGIONAL OFFICE,J61,IP DISPATCH SOLAN BRANCH,5,Y
172112,SOLAN,HIMACHAL PRADESH,HHPJ REGIONAL OFFICE,J61,IP DISPATCH SOLAN BRANCH,5,Y
172113,SOLAN,HIMACHAL PRADESH,HHPJ REGIONAL OFFICE,J61,IP DISPATCH SOLAN BRANCH,5,Y
172114,SOLAN,HIMACHAL PRADESH,HHPJ REGIONAL OFFICE,J61,IP DISPATCH SOLAN BRANCH,5,Y
172115,SOLAN,HIMACHAL PRADESH,HHPJ REGIONAL OFFICE,J61,IP DISPATCH SOLAN BRANCH,5,Y
172116,SOLAN,HIMACHAL PRADESH,HHPJ REGIONAL OFFICE,J61,IP DISPATCH SOLAN BRANCH,5,Y
172117,SOLAN,HIMACHAL PRADESH,HHPJ REGIONAL OFFICE,J61,IP DISPATCH SOLAN BRANCH,5,Y
172118,SOLAN,HIMACHAL PRADESH,HHPJ REGIONAL OFFICE,J61,IP DISPATCH SOLAN BRANCH,5,Y
172201,SOLAN,HIMACHAL PRADESH,HHPJ REGIONAL OFFICE,J61,IP DISPATCH SOLAN BRANCH,4,Y
173001,SOLAN,HIMACHAL PRADESH,HHPJ REGIONAL OFFICE,J61,IP DISPATCH SOLAN BRANCH,4,Y
173022,SOLAN,HIMACHAL PRADESH,HHPJ REGIONAL OFFICE,J61,IP DISPATCH SOLAN BRANCH,4,Y
173023,SOLAN,HIMACHAL PRADESH,HHPJ REGIONAL OFFICE,J61,IP DISPATCH SOLAN BRANCH,4,Y
173026,SOLAN,HIMACHAL PRADESH,HHPJ REGIONAL OFFICE,J61,IP DISPATCH SOLAN BRANCH,4,Y
173027,SOLAN,HIMACHAL PRADESH,HHPJ REGIONAL OFFICE,J61,IP DISPATCH SOLAN BRANCH,4,Y
173029,SOLAN,HIMACHAL PRADESH,HHPJ REGIONAL OFFICE,J61,IP DISPATCH SOLAN BRANCH,4,Y
173031,SOLAN,HIMACHAL PRADESH,HHPJ REGIONAL OFFICE,J61,IP DISPATCH SOLAN BRANCH,4,Y
173032,SOLAN,HIMACHAL PRADESH,HHPJ REGIONAL OFFICE,J61,IP DISPATCH SOLAN BRANCH,4,Y
173033,SOLAN,HIMACHAL PRADESH,HHPJ REGIONAL OFFICE,J61,IP DISPATCH SOLAN BRANCH,4,Y
173104,SOLAN,HIMACHAL PRADESH,HHPJ REGIONAL OFFICE,J61,IP DISPATCH SOLAN BRANCH,3,Y
173217,SOLAN,HIMACHAL PRADESH,HHPJ REGIONAL OFFICE,J61,IP DISPATCH SOLAN BRANCH,3,Y
173218,SOLAN,HIMACHAL PRADESH,HHPJ REGIONAL OFFICE,J61,IP DISPATCH SOLAN BRANCH,3,Y
173221,SOLAN,HIMACHAL PRADESH,HHPJ REGIONAL OFFICE,J61,IP DISPATCH SOLAN BRANCH,3,Y
173222,SOLAN,HIMACHAL PRADESH,HHPJ REGIONAL OFFICE,J61,IP DISPATCH SOLAN BRANCH,3,Y
173223,SOLAN,HIMACHAL PRADESH,HHPJ REGIONAL OFFICE,J61,IP DISPATCH SOLAN BRANCH,3,Y
173225,SOLAN,HIMACHAL PRADESH,HHPJ REGIONAL OFFICE,J61,IP DISPATCH SOLAN BRANCH,3,Y
173234,SOLAN,HIMACHAL PRADESH,HHPJ REGIONAL OFFICE,J61,IP DISPATCH SOLAN BRANCH,3,Y
173235,SOLAN,HIMACHAL PRADESH,HHPJ REGIONAL OFFICE,J61,IP DISPATCH SOLAN BRANCH,3,Y
173236,SOLAN,HIMACHAL PRADESH,HHPJ REGIONAL OFFICE,J61,IP DISPATCH SOLAN BRANCH,3,Y
173237,SOLAN,HIMACHAL PRADESH,HHPJ REGIONAL OFFICE,J61,IP DISPATCH SOLAN BRANCH,3,Y
174002,SOLAN,HIMACHAL PRADESH,HHPJ REGIONAL OFFICE,J61,IP DISPATCH SOLAN BRANCH,4,Y
174003,SOLAN,HIMACHAL PRADESH,HHPJ REGIONAL OFFICE,J61,IP DISPATCH SOLAN BRANCH,4,Y
174012,SOLAN,HIMACHAL PRADESH,HHPJ REGIONAL OFFICE,J61,IP DISPATCH SOLAN BRANCH,4,Y
174015,SOLAN,HIMACHAL PRADESH,HHPJ REGIONAL OFFICE,J61,IP DISPATCH SOLAN BRANCH,4,Y
174017,SOLAN,HIMACHAL PRADESH,HHPJ REGIONAL OFFICE,J61,IP DISPATCH SOLAN BRANCH,4,Y
174023,SOLAN,HIMACHAL PRADESH,HHPJ REGIONAL OFFICE,J61,IP DISPATCH SOLAN BRANCH,4,Y
174024,SOLAN,HIMACHAL PRADESH,HHPJ REGIONAL OFFICE,J61,IP DISPATCH SOLAN BRANCH,4,Y
174026,SOLAN,HIMACHAL PRADESH,HHPJ REGIONAL OFFICE,J61,IP DISPATCH SOLAN BRANCH,4,Y
174027,SOLAN,HIMACHAL PRADESH,HHPJ REGIONAL OFFICE,J61,IP DISPATCH SOLAN BRANCH,4,Y
174028,SOLAN,HIMACHAL PRADESH,HHPJ REGIONAL OFFICE,J61,IP DISPATCH SOLAN BRANCH,4,Y
174029,SOLAN,HIMACHAL PRADESH,HHPJ REGIONAL OFFICE,J61,IP DISPATCH SOLAN BRANCH,4,Y
174030,SOLAN,HIMACHAL PRADESH,HHPJ REGIONAL OFFICE,J61,IP DISPATCH SOLAN BRANCH,4,Y
174031,SOLAN,HIMACHAL PRADESH,HHPJ REGIONAL OFFICE,J61,IP DISPATCH SOLAN BRANCH,4,Y
174032,SOLAN,HIMACHAL PRADESH,HHPJ REGIONAL OFFICE,J61,IP DISPATCH SOLAN BRANCH,4,Y
174033,SOLAN,HIMACHAL PRADESH,HHPJ REGIONAL OFFICE,J61,IP DISPATCH SOLAN BRANCH,4,Y
174034,SOLAN,HIMACHAL PRADESH,HHPJ REGIONAL OFFICE,J61,IP DISPATCH SOLAN BRANCH,4,Y
174035,SOLAN,HIMACHAL PRADESH,HHPJ REGIONAL OFFICE,J61,IP DISPATCH SOLAN BRANCH,4,Y
174036,SOLAN,HIMACHAL PRADESH,HHPJ REGIONAL OFFICE,J61,IP DISPATCH SOLAN BRANCH,4,Y
174102,SOLAN,HIMACHAL PRADESH,HHPJ REGIONAL OFFICE,J61,IP DISPATCH SOLAN BRANCH,3,Y
174201,SOLAN,HIMACHAL PRADESH,HHPJ REGIONAL OFFICE,J61,IP DISPATCH SOLAN BRANCH,4,Y
174302,SOLAN,HIMACHAL PRADESH,HHPJ REGIONAL OFFICE,J61,IP DISPATCH SOLAN BRANCH,6,Y
174304,SOLAN,HIMACHAL PRADESH,HHPJ REGIONAL OFFICE,J61,IP DISPATCH SOLAN BRANCH,5,Y
174308,SOLAN,HIMACHAL PRADESH,HHPJ REGIONAL OFFICE,J61,IP DISPATCH SOLAN BRANCH,6,Y
174309,SOLAN,HIMACHAL PRADESH,HHPJ REGIONAL OFFICE,J61,IP DISPATCH SOLAN BRANCH,5,Y
174310,SOLAN,HIMACHAL PRADESH,HHPJ REGIONAL OFFICE,J61,IP DISPATCH SOLAN BRANCH,4,Y
174311,SOLAN,HIMACHAL PRADESH,HHPJ REGIONAL OFFICE,J61,IP DISPATCH SOLAN BRANCH,5,Y
174312,SOLAN,HIMACHAL PRADESH,HHPJ REGIONAL OFFICE,J61,IP DISPATCH SOLAN BRANCH,5,Y
174314,SOLAN,HIMACHAL PRADESH,HHPJ REGIONAL OFFICE,J61,IP DISPATCH SOLAN BRANCH,6,Y
174316,SOLAN,HIMACHAL PRADESH,HHPJ REGIONAL OFFICE,J61,IP DISPATCH SOLAN BRANCH,6,Y
174317,SOLAN,HIMACHAL PRADESH,HHPJ REGIONAL OFFICE,J61,IP DISPATCH SOLAN BRANCH,6,Y
174319,SOLAN,HIMACHAL PRADESH,HHPJ REGIONAL OFFICE,J61,IP DISPATCH SOLAN BRANCH,6,Y
174320,SOLAN,HIMACHAL PRADESH,HHPJ REGIONAL OFFICE,J61,IP DISPATCH SOLAN BRANCH,6,Y
174405,SOLAN,HIMACHAL PRADESH,HHPJ REGIONAL OFFICE,J61,IP DISPATCH SOLAN BRANCH,5,Y
174503,SOLAN,HIMACHAL PRADESH,HHPJ REGIONAL OFFICE,J61,IP DISPATCH SOLAN BRANCH,6,Y
174505,SOLAN,HIMACHAL PRADESH,HHPJ REGIONAL OFFICE,J61,IP DISPATCH SOLAN BRANCH,5,Y
175003,SOLAN,HIMACHAL PRADESH,HHPJ REGIONAL OFFICE,J61,IP DISPATCH SOLAN BRANCH,4,Y
175004,SOLAN,HIMACHAL PRADESH,HHPJ REGIONAL OFFICE,J61,IP DISPATCH SOLAN BRANCH,4,Y
175005,SOLAN,HIMACHAL PRADESH,HHPJ REGIONAL OFFICE,J61,IP DISPATCH SOLAN BRANCH,4,Y
175006,SOLAN,HIMACHAL PRADESH,HHPJ REGIONAL OFFICE,J61,IP DISPATCH SOLAN BRANCH,4,Y
175007,SOLAN,HIMACHAL PRADESH,HHPJ REGIONAL OFFICE,J61,IP DISPATCH SOLAN BRANCH,4,Y
175009,SOLAN,HIMACHAL PRADESH,HHPJ REGIONAL OFFICE,J61,IP DISPATCH SOLAN BRANCH,4,Y
175012,SOLAN,HIMACHAL PRADESH,HHPJ REGIONAL OFFICE,J61,IP DISPATCH SOLAN BRANCH,4,Y
175013,SOLAN,HIMACHAL PRADESH,HHPJ REGIONAL OFFICE,J61,IP DISPATCH SOLAN BRANCH,4,Y
175014,SOLAN,HIMACHAL PRADESH,HHPJ REGIONAL OFFICE,J61,IP DISPATCH SOLAN BRANCH,4,Y
175015,SOLAN,HIMACHAL PRADESH,HHPJ REGIONAL OFFICE,J61,IP DISPATCH SOLAN BRANCH,4,Y
175016,SOLAN,HIMACHAL PRADESH,HHPJ REGIONAL OFFICE,J61,IP DISPATCH SOLAN BRANCH,4,Y
175017,SOLAN,HIMACHAL PRADESH,HHPJ REGIONAL OFFICE,J61,IP DISPATCH SOLAN BRANCH,4,Y
175018,SOLAN,HIMACHAL PRADESH,HHPJ REGIONAL OFFICE,J61,IP DISPATCH SOLAN BRANCH,4,Y
175019,SOLAN,HIMACHAL PRADESH,HHPJ REGIONAL OFFICE,J61,IP DISPATCH SOLAN BRANCH,4,Y
175020,SOLAN,HIMACHAL PRADESH,HHPJ REGIONAL OFFICE,J61,IP DISPATCH SOLAN BRANCH,4,Y
175023,SOLAN,HIMACHAL PRADESH,HHPJ REGIONAL OFFICE,J61,IP DISPATCH SOLAN BRANCH,4,Y
175025,SOLAN,HIMACHAL PRADESH,HHPJ REGIONAL OFFICE,J61,IP DISPATCH SOLAN BRANCH,4,Y
175026,SOLAN,HIMACHAL PRADESH,HHPJ REGIONAL OFFICE,J61,IP DISPATCH SOLAN BRANCH,4,Y
175027,SOLAN,HIMACHAL PRADESH,HHPJ REGIONAL OFFICE,J61,IP DISPATCH SOLAN BRANCH,4,Y
175028,SOLAN,HIMACHAL PRADESH,HHPJ REGIONAL OFFICE,J61,IP DISPATCH SOLAN BRANCH,4,Y
175029,SOLAN,HIMACHAL PRADESH,HHPJ REGIONAL OFFICE,J61,IP DISPATCH SOLAN BRANCH,4,Y
175030,SOLAN,HIMACHAL PRADESH,HHPJ REGIONAL OFFICE,J61,IP DISPATCH SOLAN BRANCH,4,Y
175031,SOLAN,HIMACHAL PRADESH,HHPJ REGIONAL OFFICE,J61,IP DISPATCH SOLAN BRANCH,4,Y
175032,SOLAN,HIMACHAL PRADESH,HHPJ REGIONAL OFFICE,J61,IP DISPATCH SOLAN BRANCH,4,Y
175033,SOLAN,HIMACHAL PRADESH,HHPJ REGIONAL OFFICE,J61,IP DISPATCH SOLAN BRANCH,4,Y
175034,SOLAN,HIMACHAL PRADESH,HHPJ REGIONAL OFFICE,J61,IP DISPATCH SOLAN BRANCH,4,Y
175035,SOLAN,HIMACHAL PRADESH,HHPJ REGIONAL OFFICE,J61,IP DISPATCH SOLAN BRANCH,4,Y
175036,SOLAN,HIMACHAL PRADESH,HHPJ REGIONAL OFFICE,J61,IP DISPATCH SOLAN BRANCH,4,Y
175037,SOLAN,HIMACHAL PRADESH,HHPJ REGIONAL OFFICE,J61,IP DISPATCH SOLAN BRANCH,4,Y
175038,SOLAN,HIMACHAL PRADESH,HHPJ REGIONAL OFFICE,J61,IP DISPATCH SOLAN BRANCH,4,Y
175039,SOLAN,HIMACHAL PRADESH,HHPJ REGIONAL OFFICE,J61,IP DISPATCH SOLAN BRANCH,4,Y
175040,SOLAN,HIMACHAL PRADESH,HHPJ REGIONAL OFFICE,J61,IP DISPATCH SOLAN BRANCH,4,Y
175042,SOLAN,HIMACHAL PRADESH,HHPJ REGIONAL OFFICE,J61,IP DISPATCH SOLAN BRANCH,4,Y
175045,SOLAN,HIMACHAL PRADESH,HHPJ REGIONAL OFFICE,J61,IP DISPATCH SOLAN BRANCH,4,Y
175046,SOLAN,HIMACHAL PRADESH,HHPJ REGIONAL OFFICE,J61,IP DISPATCH SOLAN BRANCH,4,Y
175047,SOLAN,HIMACHAL PRADESH,HHPJ REGIONAL OFFICE,J61,IP DISPATCH SOLAN BRANCH,4,Y
175048,SOLAN,HIMACHAL PRADESH,HHPJ REGIONAL OFFICE,J61,IP DISPATCH SOLAN BRANCH,4,Y
175049,SOLAN,HIMACHAL PRADESH,HHPJ REGIONAL OFFICE,J61,IP DISPATCH SOLAN BRANCH,4,Y
175050,SOLAN,HIMACHAL PRADESH,HHPJ REGIONAL OFFICE,J61,IP DISPATCH SOLAN BRANCH,4,Y
175051,SOLAN,HIMACHAL PRADESH,HHPJ REGIONAL OFFICE,J61,IP DISPATCH SOLAN BRANCH,4,Y
175052,SOLAN,HIMACHAL PRADESH,HHPJ REGIONAL OFFICE,J61,IP DISPATCH SOLAN BRANCH,4,Y
175075,SOLAN,HIMACHAL PRADESH,HHPJ REGIONAL OFFICE,J61,IP DISPATCH SOLAN BRANCH,4,Y
175102,SOLAN,HIMACHAL PRADESH,HHPJ REGIONAL OFFICE,J61,IP DISPATCH SOLAN BRANCH,4,Y
175103,SOLAN,HIMACHAL PRADESH,HHPJ REGIONAL OFFICE,J61,IP DISPATCH SOLAN BRANCH,4,Y
175104,SOLAN,HIMACHAL PRADESH,HHPJ REGIONAL OFFICE,J61,IP DISPATCH SOLAN BRANCH,4,Y
175105,SOLAN,HIMACHAL PRADESH,HHPJ REGIONAL OFFICE,J61,IP DISPATCH SOLAN BRANCH,4,Y
175106,SOLAN,HIMACHAL PRADESH,HHPJ REGIONAL OFFICE,J61,IP DISPATCH SOLAN BRANCH,4,Y
175123,SOLAN,HIMACHAL PRADESH,HHPJ REGIONAL OFFICE,J61,IP DISPATCH SOLAN BRANCH,4,Y
175128,SOLAN,HIMACHAL PRADESH,HHPJ REGIONAL OFFICE,J61,IP DISPATCH SOLAN BRANCH,4,Y
175130,SOLAN,HIMACHAL PRADESH,HHPJ REGIONAL OFFICE,J61,IP DISPATCH SOLAN BRANCH,4,Y
175132,SOLAN,HIMACHAL PRADESH,HHPJ REGIONAL OFFICE,J61,IP DISPATCH SOLAN BRANCH,5,Y
175133,SOLAN,HIMACHAL PRADESH,HHPJ REGIONAL OFFICE,J61,IP DISPATCH SOLAN BRANCH,5,Y
175134,SOLAN,HIMACHAL PRADESH,HHPJ REGIONAL OFFICE,J61,IP DISPATCH SOLAN BRANCH,4,Y
175136,SOLAN,HIMACHAL PRADESH,HHPJ REGIONAL OFFICE,J61,IP DISPATCH SOLAN BRANCH,4,Y
175138,SOLAN,HIMACHAL PRADESH,HHPJ REGIONAL OFFICE,J61,IP DISPATCH SOLAN BRANCH,4,Y
175139,SOLAN,HIMACHAL PRADESH,HHPJ REGIONAL OFFICE,J61,IP DISPATCH SOLAN BRANCH,5,Y
175140,SOLAN,HIMACHAL PRADESH,HHPJ REGIONAL OFFICE,J61,IP DISPATCH SOLAN BRANCH,5,Y
175141,SOLAN,HIMACHAL PRADESH,HHPJ REGIONAL OFFICE,J61,IP DISPATCH SOLAN BRANCH,4,Y
175142,SOLAN,HIMACHAL PRADESH,HHPJ REGIONAL OFFICE,J61,IP DISPATCH SOLAN BRANCH,5,Y
175143,SOLAN,HIMACHAL PRADESH,HHPJ REGIONAL OFFICE,J61,IP DISPATCH SOLAN BRANCH,4,Y
176021,SOLAN,HIMACHAL PRADESH,HHPJ REGIONAL OFFICE,J61,IP DISPATCH SOLAN BRANCH,4,Y
176022,SOLAN,HIMACHAL PRADESH,HHPJ REGIONAL OFFICE,J61,IP DISPATCH SOLAN BRANCH,4,Y
176026,SOLAN,HIMACHAL PRADESH,HHPJ REGIONAL OFFICE,J61,IP DISPATCH SOLAN BRANCH,4,Y
176027,SOLAN,HIMACHAL PRADESH,HHPJ REGIONAL OFFICE,J61,IP DISPATCH SOLAN BRANCH,4,Y
176028,SOLAN,HIMACHAL PRADESH,HHPJ REGIONAL OFFICE,J61,IP DISPATCH SOLAN BRANCH,4,Y
176029,SOLAN,HIMACHAL PRADESH,HHPJ REGIONAL OFFICE,J61,IP DISPATCH SOLAN BRANCH,4,Y
176030,SOLAN,HIMACHAL PRADESH,HHPJ REGIONAL OFFICE,J61,IP DISPATCH SOLAN BRANCH,4,Y
176032,SOLAN,HIMACHAL PRADESH,HHPJ REGIONAL OFFICE,J61,IP DISPATCH SOLAN BRANCH,4,Y
176033,SOLAN,HIMACHAL PRADESH,HHPJ REGIONAL OFFICE,J61,IP DISPATCH SOLAN BRANCH,4,Y
176036,SOLAN,HIMACHAL PRADESH,HHPJ REGIONAL OFFICE,J61,IP DISPATCH SOLAN BRANCH,4,Y
176037,SOLAN,HIMACHAL PRADESH,HHPJ REGIONAL OFFICE,J61,IP DISPATCH SOLAN BRANCH,4,Y
176038,SOLAN,HIMACHAL PRADESH,HHPJ REGIONAL OFFICE,J61,IP DISPATCH SOLAN BRANCH,4,Y
176039,SOLAN,HIMACHAL PRADESH,HHPJ REGIONAL OFFICE,J61,IP DISPATCH SOLAN BRANCH,5,Y
176040,SOLAN,HIMACHAL PRADESH,HHPJ REGIONAL OFFICE,J61,IP DISPATCH SOLAN BRANCH,5,Y
176042,SOLAN,HIMACHAL PRADESH,HHPJ REGIONAL OFFICE,J61,IP DISPATCH SOLAN BRANCH,5,Y
176043,SOLAN,HIMACHAL PRADESH,HHPJ REGIONAL OFFICE,J61,IP DISPATCH SOLAN BRANCH,5,Y
176044,SOLAN,HIMACHAL PRADESH,HHPJ REGIONAL OFFICE,J61,IP DISPATCH SOLAN BRANCH,5,Y
176045,SOLAN,HIMACHAL PRADESH,HHPJ REGIONAL OFFICE,J61,IP DISPATCH SOLAN BRANCH,5,Y
176049,SOLAN,HIMACHAL PRADESH,HHPJ REGIONAL OFFICE,J61,IP DISPATCH SOLAN BRANCH,5,Y
176054,SOLAN,HIMACHAL PRADESH,HHPJ REGIONAL OFFICE,J61,IP DISPATCH SOLAN BRANCH,4,Y
176055,SOLAN,HIMACHAL PRADESH,HHPJ REGIONAL OFFICE,J61,IP DISPATCH SOLAN BRANCH,4,Y
176056,SOLAN,HIMACHAL PRADESH,HHPJ REGIONAL OFFICE,J61,IP DISPATCH SOLAN BRANCH,4,Y
176058,SOLAN,HIMACHAL PRADESH,HHPJ REGIONAL OFFICE,J61,IP DISPATCH SOLAN BRANCH,4,Y
176060,SOLAN,HIMACHAL PRADESH,HHPJ REGIONAL OFFICE,J61,IP DISPATCH SOLAN BRANCH,4,Y
176062,SOLAN,HIMACHAL PRADESH,HHPJ REGIONAL OFFICE,J61,IP DISPATCH SOLAN BRANCH,4,Y
176063,SOLAN,HIMACHAL PRADESH,HHPJ REGIONAL OFFICE,J61,IP DISPATCH SOLAN BRANCH,4,Y
176064,SOLAN,HIMACHAL PRADESH,HHPJ REGIONAL OFFICE,J61,IP DISPATCH SOLAN BRANCH,4,Y
176065,SOLAN,HIMACHAL PRADESH,HHPJ REGIONAL OFFICE,J61,IP DISPATCH SOLAN BRANCH,4,Y
176066,SOLAN,HIMACHAL PRADESH,HHPJ REGIONAL OFFICE,J61,IP DISPATCH SOLAN BRANCH,4,Y
176067,SOLAN,HIMACHAL PRADESH,HHPJ REGIONAL OFFICE,J61,IP DISPATCH SOLAN BRANCH,4,Y
176071,SOLAN,HIMACHAL PRADESH,HHPJ REGIONAL OFFICE,J61,IP DISPATCH SOLAN BRANCH,4,Y
176073,SOLAN,HIMACHAL PRADESH,HHPJ REGIONAL OFFICE,J61,IP DISPATCH SOLAN BRANCH,4,Y
176075,SOLAN,HIMACHAL PRADESH,HHPJ REGIONAL OFFICE,J61,IP DISPATCH SOLAN BRANCH,4,Y
176076,SOLAN,HIMACHAL PRADESH,HHPJ REGIONAL OFFICE,J61,IP DISPATCH SOLAN BRANCH,4,Y
176077,SOLAN,HIMACHAL PRADESH,HHPJ REGIONAL OFFICE,J61,IP DISPATCH SOLAN BRANCH,4,Y
176081,SOLAN,HIMACHAL PRADESH,HHPJ REGIONAL OFFICE,J61,IP DISPATCH SOLAN BRANCH,4,Y
176082,SOLAN,HIMACHAL PRADESH,HHPJ REGIONAL OFFICE,J61,IP DISPATCH SOLAN BRANCH,4,Y
176084,SOLAN,HIMACHAL PRADESH,HHPJ REGIONAL OFFICE,J61,IP DISPATCH SOLAN BRANCH,4,Y
176085,SOLAN,HIMACHAL PRADESH,HHPJ REGIONAL OFFICE,J61,IP DISPATCH SOLAN BRANCH,4,Y
176086,SOLAN,HIMACHAL PRADESH,HHPJ REGIONAL OFFICE,J61,IP DISPATCH SOLAN BRANCH,4,Y
176087,SOLAN,HIMACHAL PRADESH,HHPJ REGIONAL OFFICE,J61,IP DISPATCH SOLAN BRANCH,4,Y
176088,SOLAN,HIMACHAL PRADESH,HHPJ REGIONAL OFFICE,J61,IP DISPATCH SOLAN BRANCH,4,Y
176089,SOLAN,HIMACHAL PRADESH,HHPJ REGIONAL OFFICE,J61,IP DISPATCH SOLAN BRANCH,4,Y
176090,SOLAN,HIMACHAL PRADESH,HHPJ REGIONAL OFFICE,J61,IP DISPATCH SOLAN BRANCH,4,Y
176091,SOLAN,HIMACHAL PRADESH,HHPJ REGIONAL OFFICE,J61,IP DISPATCH SOLAN BRANCH,4,Y
176092,SOLAN,HIMACHAL PRADESH,HHPJ REGIONAL OFFICE,J61,IP DISPATCH SOLAN BRANCH,4,Y
176093,SOLAN,HIMACHAL PRADESH,HHPJ REGIONAL OFFICE,J61,IP DISPATCH SOLAN BRANCH,4,Y
176094,SOLAN,HIMACHAL PRADESH,HHPJ REGIONAL OFFICE,J61,IP DISPATCH SOLAN BRANCH,4,Y
176095,SOLAN,HIMACHAL PRADESH,HHPJ REGIONAL OFFICE,J61,IP DISPATCH SOLAN BRANCH,4,Y
176096,SOLAN,HIMACHAL PRADESH,HHPJ REGIONAL OFFICE,J61,IP DISPATCH SOLAN BRANCH,4,Y
176097,SOLAN,HIMACHAL PRADESH,HHPJ REGIONAL OFFICE,J61,IP DISPATCH SOLAN BRANCH,4,Y
176098,SOLAN,HIMACHAL PRADESH,HHPJ REGIONAL OFFICE,J61,IP DISPATCH SOLAN BRANCH,4,Y
176101,SOLAN,HIMACHAL PRADESH,HHPJ REGIONAL OFFICE,J61,IP DISPATCH SOLAN BRANCH,4,Y
176102,SOLAN,HIMACHAL PRADESH,HHPJ REGIONAL OFFICE,J61,IP DISPATCH SOLAN BRANCH,4,Y
176103,SOLAN,HIMACHAL PRADESH,HHPJ REGIONAL OFFICE,J61,IP DISPATCH SOLAN BRANCH,4,Y
176107,SOLAN,HIMACHAL PRADESH,HHPJ REGIONAL OFFICE,J61,IP DISPATCH SOLAN BRANCH,4,Y
176108,SOLAN,HIMACHAL PRADESH,HHPJ REGIONAL OFFICE,J61,IP DISPATCH SOLAN BRANCH,5,Y
176109,SOLAN,HIMACHAL PRADESH,HHPJ REGIONAL OFFICE,J61,IP DISPATCH SOLAN BRANCH,5,Y
176111,SOLAN,HIMACHAL PRADESH,HHPJ REGIONAL OFFICE,J61,IP DISPATCH SOLAN BRANCH,5,Y
176115,SOLAN,HIMACHAL PRADESH,HHPJ REGIONAL OFFICE,J61,IP DISPATCH SOLAN BRANCH,4,Y
176125,SOLAN,HIMACHAL PRADESH,HHPJ REGIONAL OFFICE,J61,IP DISPATCH SOLAN BRANCH,4,Y
176128,SOLAN,HIMACHAL PRADESH,HHPJ REGIONAL OFFICE,J61,IP DISPATCH SOLAN BRANCH,4,Y
176200,SOLAN,HIMACHAL PRADESH,HHPJ REGIONAL OFFICE,J61,IP DISPATCH SOLAN BRANCH,4,Y
176203,SOLAN,HIMACHAL PRADESH,HHPJ REGIONAL OFFICE,J61,IP DISPATCH SOLAN BRANCH,4,Y
176204,SOLAN,HIMACHAL PRADESH,HHPJ REGIONAL OFFICE,J61,IP DISPATCH SOLAN BRANCH,4,Y
176205,SOLAN,HIMACHAL PRADESH,HHPJ REGIONAL OFFICE,J61,IP DISPATCH SOLAN BRANCH,4,Y
176207,SOLAN,HIMACHAL PRADESH,HHPJ REGIONAL OFFICE,J61,IP DISPATCH SOLAN BRANCH,4,Y
176208,SOLAN,HIMACHAL PRADESH,HHPJ REGIONAL OFFICE,J61,IP DISPATCH SOLAN BRANCH,4,Y
176210,SOLAN,HIMACHAL PRADESH,HHPJ REGIONAL OFFICE,J61,IP DISPATCH SOLAN BRANCH,4,Y
176211,SOLAN,HIMACHAL PRADESH,HHPJ REGIONAL OFFICE,J61,IP DISPATCH SOLAN BRANCH,4,Y
176214,SOLAN,HIMACHAL PRADESH,HHPJ REGIONAL OFFICE,J61,IP DISPATCH SOLAN BRANCH,4,Y
176217,SOLAN,HIMACHAL PRADESH,HHPJ REGIONAL OFFICE,J61,IP DISPATCH SOLAN BRANCH,4,Y
176218,SOLAN,HIMACHAL PRADESH,HHPJ REGIONAL OFFICE,J61,IP DISPATCH SOLAN BRANCH,4,Y
176225,SOLAN,HIMACHAL PRADESH,HHPJ REGIONAL OFFICE,J61,IP DISPATCH SOLAN BRANCH,4,Y
176301,SOLAN,HIMACHAL PRADESH,HHPJ REGIONAL OFFICE,J61,IP DISPATCH SOLAN BRANCH,4,Y
176302,SOLAN,HIMACHAL PRADESH,HHPJ REGIONAL OFFICE,J61,IP DISPATCH SOLAN BRANCH,4,Y
176304,SOLAN,HIMACHAL PRADESH,HHPJ REGIONAL OFFICE,J61,IP DISPATCH SOLAN BRANCH,4,Y
176305,SOLAN,HIMACHAL PRADESH,HHPJ REGIONAL OFFICE,J61,IP DISPATCH SOLAN BRANCH,4,Y
176306,SOLAN,HIMACHAL PRADESH,HHPJ REGIONAL OFFICE,J61,IP DISPATCH SOLAN BRANCH,4,Y
176307,SOLAN,HIMACHAL PRADESH,HHPJ REGIONAL OFFICE,J61,IP DISPATCH SOLAN BRANCH,5,Y
176308,SOLAN,HIMACHAL PRADESH,HHPJ REGIONAL OFFICE,J61,IP DISPATCH SOLAN BRANCH,5,Y
176309,SOLAN,HIMACHAL PRADESH,HHPJ REGIONAL OFFICE,J61,IP DISPATCH SOLAN BRANCH,5,Y
176311,SOLAN,HIMACHAL PRADESH,HHPJ REGIONAL OFFICE,J61,IP DISPATCH SOLAN BRANCH,5,Y
176312,SOLAN,HIMACHAL PRADESH,HHPJ REGIONAL OFFICE,J61,IP DISPATCH SOLAN BRANCH,5,Y
176313,SOLAN,HIMACHAL PRADESH,HHPJ REGIONAL OFFICE,J61,IP DISPATCH SOLAN BRANCH,4,Y
176314,SOLAN,HIMACHAL PRADESH,HHPJ REGIONAL OFFICE,J61,IP DISPATCH SOLAN BRANCH,4,Y
176315,SOLAN,HIMACHAL PRADESH,HHPJ REGIONAL OFFICE,J61,IP DISPATCH SOLAN BRANCH,5,Y
176316,SOLAN,HIMACHAL PRADESH,HHPJ REGIONAL OFFICE,J61,IP DISPATCH SOLAN BRANCH,5,Y
176317,SOLAN,HIMACHAL PRADESH,HHPJ REGIONAL OFFICE,J61,IP DISPATCH SOLAN BRANCH,5,Y
176318,SOLAN,HIMACHAL PRADESH,HHPJ REGIONAL OFFICE,J61,IP DISPATCH SOLAN BRANCH,4,Y
176319,SOLAN,HIMACHAL PRADESH,HHPJ REGIONAL OFFICE,J61,IP DISPATCH SOLAN BRANCH,5,Y
176320,SOLAN,HIMACHAL PRADESH,HHPJ REGIONAL OFFICE,J61,IP DISPATCH SOLAN BRANCH,5,Y
176321,SOLAN,HIMACHAL PRADESH,HHPJ REGIONAL OFFICE,J61,IP DISPATCH SOLAN BRANCH,5,Y
176323,SOLAN,HIMACHAL PRADESH,HHPJ REGIONAL OFFICE,J61,IP DISPATCH SOLAN BRANCH,7,Y
176324,SOLAN,HIMACHAL PRADESH,HHPJ REGIONAL OFFICE,J61,IP DISPATCH SOLAN BRANCH,5,Y
176325,SOLAN,HIMACHAL PRADESH,HHPJ REGIONAL OFFICE,J61,IP DISPATCH SOLAN BRANCH,4,Y
176326,SOLAN,HIMACHAL PRADESH,HHPJ REGIONAL OFFICE,J61,IP DISPATCH SOLAN BRANCH,5,Y
176330,SOLAN,HIMACHAL PRADESH,HHPJ REGIONAL OFFICE,J61,IP DISPATCH SOLAN BRANCH,5,Y
176401,SOLAN,HIMACHAL PRADESH,HHPJ REGIONAL OFFICE,J61,IP DISPATCH SOLAN BRANCH,4,Y
176402,SOLAN,HIMACHAL PRADESH,HHPJ REGIONAL OFFICE,J61,IP DISPATCH SOLAN BRANCH,4,Y
176403,SOLAN,HIMACHAL PRADESH,HHPJ REGIONAL OFFICE,J61,IP DISPATCH SOLAN BRANCH,4,Y
176501,SOLAN,HIMACHAL PRADESH,HHPJ REGIONAL OFFICE,J61,IP DISPATCH SOLAN BRANCH,4,Y
176502,SOLAN,HIMACHAL PRADESH,HHPJ REGIONAL OFFICE,J61,IP DISPATCH SOLAN BRANCH,4,Y
176601,SOLAN,HIMACHAL PRADESH,HHPJ REGIONAL OFFICE,J61,IP DISPATCH SOLAN BRANCH,6,Y
177007,SOLAN,HIMACHAL PRADESH,HHPJ REGIONAL OFFICE,J61,IP DISPATCH SOLAN BRANCH,5,Y
177020,SOLAN,HIMACHAL PRADESH,HHPJ REGIONAL OFFICE,J61,IP DISPATCH SOLAN BRANCH,5,Y
177021,SOLAN,HIMACHAL PRADESH,HHPJ REGIONAL OFFICE,J61,IP DISPATCH SOLAN BRANCH,5,Y
177022,SOLAN,HIMACHAL PRADESH,HHPJ REGIONAL OFFICE,J61,IP DISPATCH SOLAN BRANCH,5,Y
177023,SOLAN,HIMACHAL PRADESH,HHPJ REGIONAL OFFICE,J61,IP DISPATCH SOLAN BRANCH,5,Y
177024,SOLAN,HIMACHAL PRADESH,HHPJ REGIONAL OFFICE,J61,IP DISPATCH SOLAN BRANCH,5,Y
177025,SOLAN,HIMACHAL PRADESH,HHPJ REGIONAL OFFICE,J61,IP DISPATCH SOLAN BRANCH,5,Y
177026,SOLAN,HIMACHAL PRADESH,HHPJ REGIONAL OFFICE,J61,IP DISPATCH SOLAN BRANCH,5,Y
177027,SOLAN,HIMACHAL PRADESH,HHPJ REGIONAL OFFICE,J61,IP DISPATCH SOLAN BRANCH,5,Y
177028,SOLAN,HIMACHAL PRADESH,HHPJ REGIONAL OFFICE,J61,IP DISPATCH SOLAN BRANCH,5,Y
177029,SOLAN,HIMACHAL PRADESH,HHPJ REGIONAL OFFICE,J61,IP DISPATCH SOLAN BRANCH,5,Y
177031,SOLAN,HIMACHAL PRADESH,HHPJ REGIONAL OFFICE,J61,IP DISPATCH SOLAN BRANCH,6,Y
177034,SOLAN,HIMACHAL PRADESH,HHPJ REGIONAL OFFICE,J61,IP DISPATCH SOLAN BRANCH,4,Y
177038,SOLAN,HIMACHAL PRADESH,HHPJ REGIONAL OFFICE,J61,IP DISPATCH SOLAN BRANCH,5,Y
177039,SOLAN,HIMACHAL PRADESH,HHPJ REGIONAL OFFICE,J61,IP DISPATCH SOLAN BRANCH,6,Y
177040,SOLAN,HIMACHAL PRADESH,HHPJ REGIONAL OFFICE,J61,IP DISPATCH SOLAN BRANCH,5,Y
177041,SOLAN,HIMACHAL PRADESH,HHPJ REGIONAL OFFICE,J61,IP DISPATCH SOLAN BRANCH,5,Y
177043,SOLAN,HIMACHAL PRADESH,HHPJ REGIONAL OFFICE,J61,IP DISPATCH SOLAN BRANCH,4,Y
177044,SOLAN,HIMACHAL PRADESH,HHPJ REGIONAL OFFICE,J61,IP DISPATCH SOLAN BRANCH,5,Y
177045,SOLAN,HIMACHAL PRADESH,HHPJ REGIONAL OFFICE,J61,IP DISPATCH SOLAN BRANCH,5,Y
177048,SOLAN,HIMACHAL PRADESH,HHPJ REGIONAL OFFICE,J61,IP DISPATCH SOLAN BRANCH,5,Y
177105,SOLAN,HIMACHAL PRADESH,HHPJ REGIONAL OFFICE,J61,IP DISPATCH SOLAN BRANCH,4,Y
177106,SOLAN,HIMACHAL PRADESH,HHPJ REGIONAL OFFICE,J61,IP DISPATCH SOLAN BRANCH,4,Y
177107,SOLAN,HIMACHAL PRADESH,HHPJ REGIONAL OFFICE,J61,IP DISPATCH SOLAN BRANCH,4,Y
177108,SOLAN,HIMACHAL PRADESH,HHPJ REGIONAL OFFICE,J61,IP DISPATCH SOLAN BRANCH,4,Y
177110,SOLAN,HIMACHAL PRADESH,HHPJ REGIONAL OFFICE,J61,IP DISPATCH SOLAN BRANCH,6,Y
177111,SOLAN,HIMACHAL PRADESH,HHPJ REGIONAL OFFICE,J61,IP DISPATCH SOLAN BRANCH,4,Y
177112,SOLAN,HIMACHAL PRADESH,HHPJ REGIONAL OFFICE,J61,IP DISPATCH SOLAN BRANCH,4,Y
177113,SOLAN,HIMACHAL PRADESH,HHPJ REGIONAL OFFICE,J61,IP DISPATCH SOLAN BRANCH,4,Y
177114,SOLAN,HIMACHAL PRADESH,HHPJ REGIONAL OFFICE,J61,IP DISPATCH SOLAN BRANCH,4,Y
177117,SOLAN,HIMACHAL PRADESH,HHPJ REGIONAL OFFICE,J61,IP DISPATCH SOLAN BRANCH,4,Y
177118,SOLAN,HIMACHAL PRADESH,HHPJ REGIONAL OFFICE,J61,IP DISPATCH SOLAN BRANCH,5,Y
177119,SOLAN,HIMACHAL PRADESH,HHPJ REGIONAL OFFICE,J61,IP DISPATCH SOLAN BRANCH,5,Y
177205,SOLAN,HIMACHAL PRADESH,HHPJ REGIONAL OFFICE,J61,IP DISPATCH SOLAN BRANCH,6,Y
177206,SOLAN,HIMACHAL PRADESH,HHPJ REGIONAL OFFICE,J61,IP DISPATCH SOLAN BRANCH,6,Y
177207,SOLAN,HIMACHAL PRADESH,HHPJ REGIONAL OFFICE,J61,IP DISPATCH SOLAN BRANCH,6,Y
177208,SOLAN,HIMACHAL PRADESH,HHPJ REGIONAL OFFICE,J61,IP DISPATCH SOLAN BRANCH,6,Y
177209,SOLAN,HIMACHAL PRADESH,HHPJ REGIONAL OFFICE,J61,IP DISPATCH SOLAN BRANCH,6,Y
177210,SOLAN,HIMACHAL PRADESH,HHPJ REGIONAL OFFICE,J61,IP DISPATCH SOLAN BRANCH,6,Y
177211,SOLAN,HIMACHAL PRADESH,HHPJ REGIONAL OFFICE,J61,IP DISPATCH SOLAN BRANCH,6,Y
177212,SOLAN,HIMACHAL PRADESH,HHPJ REGIONAL OFFICE,J61,IP DISPATCH SOLAN BRANCH,6,Y
177213,SOLAN,HIMACHAL PRADESH,HHPJ REGIONAL OFFICE,J61,IP DISPATCH SOLAN BRANCH,6,Y
177219,SOLAN,HIMACHAL PRADESH,HHPJ REGIONAL OFFICE,J61,IP DISPATCH SOLAN BRANCH,6,Y
177220,SOLAN,HIMACHAL PRADESH,HHPJ REGIONAL OFFICE,J61,IP DISPATCH SOLAN BRANCH,6,Y
177301,SOLAN,HIMACHAL PRADESH,HHPJ REGIONAL OFFICE,J61,IP DISPATCH SOLAN BRANCH,5,Y
177401,SOLAN,HIMACHAL PRADESH,HHPJ REGIONAL OFFICE,J61,IP DISPATCH SOLAN BRANCH,5,Y
177501,SOLAN,HIMACHAL PRADESH,HHPJ REGIONAL OFFICE,J61,IP DISPATCH SOLAN BRANCH,5,Y
177601,SOLAN,HIMACHAL PRADESH,HHPJ REGIONAL OFFICE,J61,IP DISPATCH SOLAN BRANCH,5,Y
201018,GHAZIABAD,UTTAR PRADESH,GHAZIABAD RO,U151,IP DISPATCH GHAZIABAD BRANCH,2,Y
201020,GHAZIABAD,UTTAR PRADESH,GHAZIABAD RO,U151,IP DISPATCH GHAZIABAD BRANCH,2,Y
201022,GHAZIABAD,UTTAR PRADESH,GHAZIABAD RO,U151,IP DISPATCH GHAZIABAD BRANCH,2,Y
202121,GHAZIABAD,UTTAR PRADESH,GHAZIABAD RO,U151,IP DISPATCH GHAZIABAD BRANCH,3,Y
202123,GHAZIABAD,UTTAR PRADESH,GHAZIABAD RO,U151,IP DISPATCH GHAZIABAD BRANCH,3,Y
202126,GHAZIABAD,UTTAR PRADESH,GHAZIABAD RO,U151,IP DISPATCH GHAZIABAD BRANCH,3,Y
202127,GHAZIABAD,UTTAR PRADESH,GHAZIABAD RO,U151,IP DISPATCH GHAZIABAD BRANCH,3,Y
202128,GHAZIABAD,UTTAR PRADESH,GHAZIABAD RO,U151,IP DISPATCH GHAZIABAD BRANCH,3,Y
202129,GHAZIABAD,UTTAR PRADESH,GHAZIABAD RO,U151,IP DISPATCH GHAZIABAD BRANCH,3,Y
202131,GHAZIABAD,UTTAR PRADESH,GHAZIABAD RO,U151,IP DISPATCH GHAZIABAD BRANCH,3,Y
202132,GHAZIABAD,UTTAR PRADESH,GHAZIABAD RO,U151,IP DISPATCH GHAZIABAD BRANCH,3,Y
202133,GHAZIABAD,UTTAR PRADESH,GHAZIABAD RO,U151,IP DISPATCH GHAZIABAD BRANCH,3,Y
202134,GHAZIABAD,UTTAR PRADESH,GHAZIABAD RO,U151,IP DISPATCH GHAZIABAD BRANCH,3,Y
202135,GHAZIABAD,UTTAR PRADESH,GHAZIABAD RO,U151,IP DISPATCH GHAZIABAD BRANCH,3,Y
202136,GHAZIABAD,UTTAR PRADESH,GHAZIABAD RO,U151,IP DISPATCH GHAZIABAD BRANCH,3,Y
202137,GHAZIABAD,UTTAR PRADESH,GHAZIABAD RO,U151,IP DISPATCH GHAZIABAD BRANCH,3,Y
202139,GHAZIABAD,UTTAR PRADESH,GHAZIABAD RO,U151,IP DISPATCH GHAZIABAD BRANCH,3,Y
202140,GHAZIABAD,UTTAR PRADESH,GHAZIABAD RO,U151,IP DISPATCH GHAZIABAD BRANCH,3,Y
202141,GHAZIABAD,UTTAR PRADESH,GHAZIABAD RO,U151,IP DISPATCH GHAZIABAD BRANCH,3,Y
202142,GHAZIABAD,UTTAR PRADESH,GHAZIABAD RO,U151,IP DISPATCH GHAZIABAD BRANCH,3,Y
202143,GHAZIABAD,UTTAR PRADESH,GHAZIABAD RO,U151,IP DISPATCH GHAZIABAD BRANCH,3,Y
202146,GHAZIABAD,UTTAR PRADESH,GHAZIABAD RO,U151,IP DISPATCH GHAZIABAD BRANCH,3,Y
202150,GHAZIABAD,UTTAR PRADESH,GHAZIABAD RO,U151,IP DISPATCH GHAZIABAD BRANCH,3,Y
202155,GHAZIABAD,UTTAR PRADESH,GHAZIABAD RO,U151,IP DISPATCH GHAZIABAD BRANCH,3,Y
202170,GHAZIABAD,UTTAR PRADESH,GHAZIABAD RO,U151,IP DISPATCH GHAZIABAD BRANCH,3,Y
202281,GHAZIABAD,UTTAR PRADESH,GHAZIABAD RO,U151,IP DISPATCH GHAZIABAD BRANCH,3,Y
202282,GHAZIABAD,UTTAR PRADESH,GHAZIABAD RO,U151,IP DISPATCH GHAZIABAD BRANCH,3,Y
203202,GHAZIABAD,UTTAR PRADESH,GHAZIABAD RO,U151,IP DISPATCH GHAZIABAD BRANCH,2,Y
203389,GHAZIABAD,UTTAR PRADESH,GHAZIABAD RO,U151,IP DISPATCH GHAZIABAD BRANCH,2,Y
203397,GHAZIABAD,UTTAR PRADESH,GHAZIABAD RO,U151,IP DISPATCH GHAZIABAD BRANCH,2,Y
203398,GHAZIABAD,UTTAR PRADESH,GHAZIABAD RO,U151,IP DISPATCH GHAZIABAD BRANCH,2,Y
203399,GHAZIABAD,UTTAR PRADESH,GHAZIABAD RO,U151,IP DISPATCH GHAZIABAD BRANCH,2,Y
203401,GHAZIABAD,UTTAR PRADESH,GHAZIABAD RO,U151,IP DISPATCH GHAZIABAD BRANCH,2,Y
203402,GHAZIABAD,UTTAR PRADESH,GHAZIABAD RO,U151,IP DISPATCH GHAZIABAD BRANCH,2,Y
203403,GHAZIABAD,UTTAR PRADESH,GHAZIABAD RO,U151,IP DISPATCH GHAZIABAD BRANCH,2,Y
203405,GHAZIABAD,UTTAR PRADESH,GHAZIABAD RO,U151,IP DISPATCH GHAZIABAD BRANCH,2,Y
203407,GHAZIABAD,UTTAR PRADESH,GHAZIABAD RO,U151,IP DISPATCH GHAZIABAD BRANCH,2,Y
203409,GHAZIABAD,UTTAR PRADESH,GHAZIABAD RO,U151,IP DISPATCH GHAZIABAD BRANCH,2,Y
203413,GHAZIABAD,UTTAR PRADESH,GHAZIABAD RO,U151,IP DISPATCH GHAZIABAD BRANCH,2,Y
204211,GHAZIABAD,UTTAR PRADESH,GHAZIABAD RO,U151,IP DISPATCH GHAZIABAD BRANCH,3,Y
204212,GHAZIABAD,UTTAR PRADESH,GHAZIABAD RO,U151,IP DISPATCH GHAZIABAD BRANCH,3,Y
204214,GHAZIABAD,UTTAR PRADESH,GHAZIABAD RO,U151,IP DISPATCH GHAZIABAD BRANCH,3,Y
205119,GHAZIABAD,UTTAR PRADESH,GHAZIABAD RO,U151,IP DISPATCH GHAZIABAD BRANCH,3,Y
205121,GHAZIABAD,UTTAR PRADESH,GHAZIABAD RO,U151,IP DISPATCH GHAZIABAD BRANCH,3,Y
205247,GHAZIABAD,UTTAR PRADESH,GHAZIABAD RO,U151,IP DISPATCH GHAZIABAD BRANCH,3,Y
205261,GHAZIABAD,UTTAR PRADESH,GHAZIABAD RO,U151,IP DISPATCH GHAZIABAD BRANCH,3,Y
205263,GHAZIABAD,UTTAR PRADESH,GHAZIABAD RO,U151,IP DISPATCH GHAZIABAD BRANCH,3,Y
205267,GHAZIABAD,UTTAR PRADESH,GHAZIABAD RO,U151,IP DISPATCH GHAZIABAD BRANCH,3,Y
205268,GHAZIABAD,UTTAR PRADESH,GHAZIABAD RO,U151,IP DISPATCH GHAZIABAD BRANCH,3,Y
205303,GHAZIABAD,UTTAR PRADESH,GHAZIABAD RO,U151,IP DISPATCH GHAZIABAD BRANCH,3,Y
205304,GHAZIABAD,UTTAR PRADESH,GHAZIABAD RO,U151,IP DISPATCH GHAZIABAD BRANCH,3,Y
206120,GHAZIABAD,UTTAR PRADESH,GHAZIABAD RO,U151,IP DISPATCH GHAZIABAD BRANCH,3,Y
206121,GHAZIABAD,UTTAR PRADESH,GHAZIABAD RO,U151,IP DISPATCH GHAZIABAD BRANCH,3,Y
206123,GHAZIABAD,UTTAR PRADESH,GHAZIABAD RO,U151,IP DISPATCH GHAZIABAD BRANCH,3,Y
206124,GHAZIABAD,UTTAR PRADESH,GHAZIABAD RO,U151,IP DISPATCH GHAZIABAD BRANCH,3,Y
206125,GHAZIABAD,UTTAR PRADESH,GHAZIABAD RO,U151,IP DISPATCH GHAZIABAD BRANCH,3,Y
206126,GHAZIABAD,UTTAR PRADESH,GHAZIABAD RO,U151,IP DISPATCH GHAZIABAD BRANCH,3,Y
206127,GHAZIABAD,UTTAR PRADESH,GHAZIABAD RO,U151,IP DISPATCH GHAZIABAD BRANCH,3,Y
206128,GHAZIABAD,UTTAR PRADESH,GHAZIABAD RO,U151,IP DISPATCH GHAZIABAD BRANCH,3,Y
206129,GHAZIABAD,UTTAR PRADESH,GHAZIABAD RO,U151,IP DISPATCH GHAZIABAD BRANCH,3,Y
206130,GHAZIABAD,UTTAR PRADESH,GHAZIABAD RO,U151,IP DISPATCH GHAZIABAD BRANCH,3,Y
206242,GHAZIABAD,UTTAR PRADESH,GHAZIABAD RO,U151,IP DISPATCH GHAZIABAD BRANCH,3,Y
206243,GHAZIABAD,UTTAR PRADESH,GHAZIABAD RO,U151,IP DISPATCH GHAZIABAD BRANCH,3,Y
206245,GHAZIABAD,UTTAR PRADESH,GHAZIABAD RO,U151,IP DISPATCH GHAZIABAD BRANCH,3,Y
206246,GHAZIABAD,UTTAR PRADESH,GHAZIABAD RO,U151,IP DISPATCH GHAZIABAD BRANCH,3,Y
206248,GHAZIABAD,UTTAR PRADESH,GHAZIABAD RO,U151,IP DISPATCH GHAZIABAD BRANCH,3,Y
206249,GHAZIABAD,UTTAR PRADESH,GHAZIABAD RO,U151,IP DISPATCH GHAZIABAD BRANCH,3,Y
206250,GHAZIABAD,UTTAR PRADESH,GHAZIABAD RO,U151,IP DISPATCH GHAZIABAD BRANCH,3,Y
206251,GHAZIABAD,UTTAR PRADESH,GHAZIABAD RO,U151,IP DISPATCH GHAZIABAD BRANCH,3,Y
206252,GHAZIABAD,UTTAR PRADESH,GHAZIABAD RO,U151,IP DISPATCH GHAZIABAD BRANCH,3,Y
206253,GHAZIABAD,UTTAR PRADESH,GHAZIABAD RO,U151,IP DISPATCH GHAZIABAD BRANCH,3,Y
206255,GHAZIABAD,UTTAR PRADESH,GHAZIABAD RO,U151,IP DISPATCH GHAZIABAD BRANCH,3,Y
207002,GHAZIABAD,UTTAR PRADESH,GHAZIABAD RO,U151,IP DISPATCH GHAZIABAD BRANCH,3,Y
207003,GHAZIABAD,UTTAR PRADESH,GHAZIABAD RO,U151,IP DISPATCH GHAZIABAD BRANCH,3,Y
207120,GHAZIABAD,UTTAR PRADESH,GHAZIABAD RO,U151,IP DISPATCH GHAZIABAD BRANCH,3,Y
207121,GHAZIABAD,UTTAR PRADESH,GHAZIABAD RO,U151,IP DISPATCH GHAZIABAD BRANCH,3,Y
207122,GHAZIABAD,UTTAR PRADESH,GHAZIABAD RO,U151,IP DISPATCH GHAZIABAD BRANCH,3,Y
207124,GHAZIABAD,UTTAR PRADESH,GHAZIABAD RO,U151,IP DISPATCH GHAZIABAD BRANCH,3,Y
207125,GHAZIABAD,UTTAR PRADESH,GHAZIABAD RO,U151,IP DISPATCH GHAZIABAD BRANCH,3,Y
207241,GHAZIABAD,UTTAR PRADESH,GHAZIABAD RO,U151,IP DISPATCH GHAZIABAD BRANCH,3,Y
207242,GHAZIABAD,UTTAR PRADESH,GHAZIABAD RO,U151,IP DISPATCH GHAZIABAD BRANCH,3,Y
207243,GHAZIABAD,UTTAR PRADESH,GHAZIABAD RO,U151,IP DISPATCH GHAZIABAD BRANCH,3,Y
207244,GHAZIABAD,UTTAR PRADESH,GHAZIABAD RO,U151,IP DISPATCH GHAZIABAD BRANCH,3,Y
207245,GHAZIABAD,UTTAR PRADESH,GHAZIABAD RO,U151,IP DISPATCH GHAZIABAD BRANCH,3,Y
207246,GHAZIABAD,UTTAR PRADESH,GHAZIABAD RO,U151,IP DISPATCH GHAZIABAD BRANCH,3,Y
207247,GHAZIABAD,UTTAR PRADESH,GHAZIABAD RO,U151,IP DISPATCH GHAZIABAD BRANCH,3,Y
207248,GHAZIABAD,UTTAR PRADESH,GHAZIABAD RO,U151,IP DISPATCH GHAZIABAD BRANCH,3,Y
207249,GHAZIABAD,UTTAR PRADESH,GHAZIABAD RO,U151,IP DISPATCH GHAZIABAD BRANCH,3,Y
207250,GHAZIABAD,UTTAR PRADESH,GHAZIABAD RO,U151,IP DISPATCH GHAZIABAD BRANCH,3,Y
207301,GHAZIABAD,UTTAR PRADESH,GHAZIABAD RO,U151,IP DISPATCH GHAZIABAD BRANCH,3,Y
207302,GHAZIABAD,UTTAR PRADESH,GHAZIABAD RO,U151,IP DISPATCH GHAZIABAD BRANCH,3,Y
207401,GHAZIABAD,UTTAR PRADESH,GHAZIABAD RO,U151,IP DISPATCH GHAZIABAD BRANCH,3,Y
207402,GHAZIABAD,UTTAR PRADESH,GHAZIABAD RO,U151,IP DISPATCH GHAZIABAD BRANCH,3,Y
207403,GHAZIABAD,UTTAR PRADESH,GHAZIABAD RO,U151,IP DISPATCH GHAZIABAD BRANCH,3,Y
208028,LUCKNOW,UTTAR PRADESH,GHAZIABAD RO,U152,IP DISPATCH LUCKNOW BRANCH,3,Y
209111,LUCKNOW,UTTAR PRADESH,GHAZIABAD RO,U152,IP DISPATCH LUCKNOW BRANCH,3,Y
209112,LUCKNOW,UTTAR PRADESH,GHAZIABAD RO,U152,IP DISPATCH LUCKNOW BRANCH,3,Y
209115,LUCKNOW,UTTAR PRADESH,GHAZIABAD RO,U152,IP DISPATCH LUCKNOW BRANCH,3,Y
209121,LUCKNOW,UTTAR PRADESH,GHAZIABAD RO,U152,IP DISPATCH LUCKNOW BRANCH,3,Y
209125,LUCKNOW,UTTAR PRADESH,GHAZIABAD RO,U152,IP DISPATCH LUCKNOW BRANCH,3,Y
209203,LUCKNOW,UTTAR PRADESH,GHAZIABAD RO,U152,IP DISPATCH LUCKNOW BRANCH,3,Y
209204,LUCKNOW,UTTAR PRADESH,GHAZIABAD RO,U152,IP DISPATCH LUCKNOW BRANCH,3,Y
209208,LUCKNOW,UTTAR PRADESH,GHAZIABAD RO,U152,IP DISPATCH LUCKNOW BRANCH,3,Y
209209,LUCKNOW,UTTAR PRADESH,GHAZIABAD RO,U152,IP DISPATCH LUCKNOW BRANCH,3,Y
209210,LUCKNOW,UTTAR PRADESH,GHAZIABAD RO,U152,IP DISPATCH LUCKNOW BRANCH,3,Y
209301,LUCKNOW,UTTAR PRADESH,GHAZIABAD RO,U152,IP DISPATCH LUCKNOW BRANCH,3,Y
209302,LUCKNOW,UTTAR PRADESH,GHAZIABAD RO,U152,IP DISPATCH LUCKNOW BRANCH,3,Y
209306,LUCKNOW,UTTAR PRADESH,GHAZIABAD RO,U152,IP DISPATCH LUCKNOW BRANCH,3,Y
209308,LUCKNOW,UTTAR PRADESH,GHAZIABAD RO,U152,IP DISPATCH LUCKNOW BRANCH,3,Y
209310,LUCKNOW,UTTAR PRADESH,GHAZIABAD RO,U152,IP DISPATCH LUCKNOW BRANCH,3,Y
209311,LUCKNOW,UTTAR PRADESH,GHAZIABAD RO,U152,IP DISPATCH LUCKNOW BRANCH,3,Y
209312,LUCKNOW,UTTAR PRADESH,GHAZIABAD RO,U152,IP DISPATCH LUCKNOW BRANCH,3,Y
209401,LUCKNOW,UTTAR PRADESH,GHAZIABAD RO,U152,IP DISPATCH LUCKNOW BRANCH,3,Y
209504,LUCKNOW,UTTAR PRADESH,GHAZIABAD RO,U152,IP DISPATCH LUCKNOW BRANCH,3,Y
209505,LUCKNOW,UTTAR PRADESH,GHAZIABAD RO,U152,IP DISPATCH LUCKNOW BRANCH,3,Y
209602,LUCKNOW,UTTAR PRADESH,GHAZIABAD RO,U152,IP DISPATCH LUCKNOW BRANCH,3,Y
209621,LUCKNOW,UTTAR PRADESH,GHAZIABAD RO,U152,IP DISPATCH LUCKNOW BRANCH,3,Y
209652,LUCKNOW,UTTAR PRADESH,GHAZIABAD RO,U152,IP DISPATCH LUCKNOW BRANCH,3,Y
209720,LUCKNOW,UTTAR PRADESH,GHAZIABAD RO,U152,IP DISPATCH LUCKNOW BRANCH,3,Y
209724,LUCKNOW,UTTAR PRADESH,GHAZIABAD RO,U152,IP DISPATCH LUCKNOW BRANCH,3,Y
209728,LUCKNOW,UTTAR PRADESH,GHAZIABAD RO,U152,IP DISPATCH LUCKNOW BRANCH,3,Y
209731,LUCKNOW,UTTAR PRADESH,GHAZIABAD RO,U152,IP DISPATCH LUCKNOW BRANCH,3,Y
209735,LUCKNOW,UTTAR PRADESH,GHAZIABAD RO,U152,IP DISPATCH LUCKNOW BRANCH,3,Y
209743,LUCKNOW,UTTAR PRADESH,GHAZIABAD RO,U152,IP DISPATCH LUCKNOW BRANCH,3,Y
209747,LUCKNOW,UTTAR PRADESH,GHAZIABAD RO,U152,IP DISPATCH LUCKNOW BRANCH,3,Y
209749,LUCKNOW,UTTAR PRADESH,GHAZIABAD RO,U152,IP DISPATCH LUCKNOW BRANCH,3,Y
209827,LUCKNOW,UTTAR PRADESH,GHAZIABAD RO,U152,IP DISPATCH LUCKNOW BRANCH,3,Y
209831,LUCKNOW,UTTAR PRADESH,GHAZIABAD RO,U152,IP DISPATCH LUCKNOW BRANCH,3,Y
209841,LUCKNOW,UTTAR PRADESH,GHAZIABAD RO,U152,IP DISPATCH LUCKNOW BRANCH,3,Y
209863,LUCKNOW,UTTAR PRADESH,GHAZIABAD RO,U152,IP DISPATCH LUCKNOW BRANCH,3,Y
209864,LUCKNOW,UTTAR PRADESH,GHAZIABAD RO,U152,IP DISPATCH LUCKNOW BRANCH,3,Y
209865,LUCKNOW,UTTAR PRADESH,GHAZIABAD RO,U152,IP DISPATCH LUCKNOW BRANCH,3,Y
209866,LUCKNOW,UTTAR PRADESH,GHAZIABAD RO,U152,IP DISPATCH LUCKNOW BRANCH,3,Y
209867,LUCKNOW,UTTAR PRADESH,GHAZIABAD RO,U152,IP DISPATCH LUCKNOW BRANCH,3,Y
210122,LUCKNOW,UTTAR PRADESH,GHAZIABAD RO,U152,IP DISPATCH LUCKNOW BRANCH,3,Y
210125,LUCKNOW,UTTAR PRADESH,GHAZIABAD RO,U152,IP DISPATCH LUCKNOW BRANCH,3,Y
210126,LUCKNOW,UTTAR PRADESH,GHAZIABAD RO,U152,IP DISPATCH LUCKNOW BRANCH,3,Y
210202,LUCKNOW,UTTAR PRADESH,GHAZIABAD RO,U152,IP DISPATCH LUCKNOW BRANCH,3,Y
210203,LUCKNOW,UTTAR PRADESH,GHAZIABAD RO,U152,IP DISPATCH LUCKNOW BRANCH,3,Y
210206,LUCKNOW,UTTAR PRADESH,GHAZIABAD RO,U152,IP DISPATCH LUCKNOW BRANCH,3,Y
210207,LUCKNOW,UTTAR PRADESH,GHAZIABAD RO,U152,IP DISPATCH LUCKNOW BRANCH,3,Y
210208,LUCKNOW,UTTAR PRADESH,GHAZIABAD RO,U152,IP DISPATCH LUCKNOW BRANCH,3,Y
210209,LUCKNOW,UTTAR PRADESH,GHAZIABAD RO,U152,IP DISPATCH LUCKNOW BRANCH,3,Y
210341,LUCKNOW,UTTAR PRADESH,GHAZIABAD RO,U152,IP DISPATCH LUCKNOW BRANCH,3,Y
210423,LUCKNOW,UTTAR PRADESH,GHAZIABAD RO,U152,IP DISPATCH LUCKNOW BRANCH,3,Y
210425,LUCKNOW,UTTAR PRADESH,GHAZIABAD RO,U152,IP DISPATCH LUCKNOW BRANCH,3,Y
210428,LUCKNOW,UTTAR PRADESH,GHAZIABAD RO,U152,IP DISPATCH LUCKNOW BRANCH,3,Y
210430,LUCKNOW,UTTAR PRADESH,GHAZIABAD RO,U152,IP DISPATCH LUCKNOW BRANCH,3,Y
210432,LUCKNOW,UTTAR PRADESH,GHAZIABAD RO,U152,IP DISPATCH LUCKNOW BRANCH,3,Y
210433,LUCKNOW,UTTAR PRADESH,GHAZIABAD RO,U152,IP DISPATCH LUCKNOW BRANCH,3,Y
210504,LUCKNOW,UTTAR PRADESH,GHAZIABAD RO,U152,IP DISPATCH LUCKNOW BRANCH,3,Y
210505,LUCKNOW,UTTAR PRADESH,GHAZIABAD RO,U152,IP DISPATCH LUCKNOW BRANCH,3,Y
210507,LUCKNOW,UTTAR PRADESH,GHAZIABAD RO,U152,IP DISPATCH LUCKNOW BRANCH,3,Y
211020,LUCKNOW,UTTAR PRADESH,GHAZIABAD RO,U152,IP DISPATCH LUCKNOW BRANCH,3,Y
211022,LUCKNOW,UTTAR PRADESH,GHAZIABAD RO,U152,IP DISPATCH LUCKNOW BRANCH,3,Y
211023,LUCKNOW,UTTAR PRADESH,GHAZIABAD RO,U152,IP DISPATCH LUCKNOW BRANCH,3,Y
212106,LUCKNOW,UTTAR PRADESH,GHAZIABAD RO,U152,IP DISPATCH LUCKNOW BRANCH,3,Y
212107,LUCKNOW,UTTAR PRADESH,GHAZIABAD RO,U152,IP DISPATCH LUCKNOW BRANCH,3,Y
212109,LUCKNOW,UTTAR PRADESH,GHAZIABAD RO,U152,IP DISPATCH LUCKNOW BRANCH,3,Y
212110,LUCKNOW,UTTAR PRADESH,GHAZIABAD RO,U152,IP DISPATCH LUCKNOW BRANCH,3,Y
212111,LUCKNOW,UTTAR PRADESH,GHAZIABAD RO,U152,IP DISPATCH LUCKNOW BRANCH,3,Y
212202,LUCKNOW,UTTAR PRADESH,GHAZIABAD RO,U152,IP DISPATCH LUCKNOW BRANCH,3,Y
212203,LUCKNOW,UTTAR PRADESH,GHAZIABAD RO,U152,IP DISPATCH LUCKNOW BRANCH,3,Y
212204,LUCKNOW,UTTAR PRADESH,GHAZIABAD RO,U152,IP DISPATCH LUCKNOW BRANCH,3,Y
212205,LUCKNOW,UTTAR PRADESH,GHAZIABAD RO,U152,IP DISPATCH LUCKNOW BRANCH,3,Y
212206,LUCKNOW,UTTAR PRADESH,GHAZIABAD RO,U152,IP DISPATCH LUCKNOW BRANCH,3,Y
212208,LUCKNOW,UTTAR PRADESH,GHAZIABAD RO,U152,IP DISPATCH LUCKNOW BRANCH,3,Y
212212,LUCKNOW,UTTAR PRADESH,GHAZIABAD RO,U152,IP DISPATCH LUCKNOW BRANCH,3,Y
212213,LUCKNOW,UTTAR PRADESH,GHAZIABAD RO,U152,IP DISPATCH LUCKNOW BRANCH,3,Y
212214,LUCKNOW,UTTAR PRADESH,GHAZIABAD RO,U152,IP DISPATCH LUCKNOW BRANCH,3,Y
212216,LUCKNOW,UTTAR PRADESH,GHAZIABAD RO,U152,IP DISPATCH LUCKNOW BRANCH,3,Y
212217,LUCKNOW,UTTAR PRADESH,GHAZIABAD RO,U152,IP DISPATCH LUCKNOW BRANCH,3,Y
212218,LUCKNOW,UTTAR PRADESH,GHAZIABAD RO,U152,IP DISPATCH LUCKNOW BRANCH,3,Y
212302,LUCKNOW,UTTAR PRADESH,GHAZIABAD RO,U152,IP DISPATCH LUCKNOW BRANCH,3,Y
212305,LUCKNOW,UTTAR PRADESH,GHAZIABAD RO,U152,IP DISPATCH LUCKNOW BRANCH,3,Y
212306,LUCKNOW,UTTAR PRADESH,GHAZIABAD RO,U152,IP DISPATCH LUCKNOW BRANCH,3,Y
212307,LUCKNOW,UTTAR PRADESH,GHAZIABAD RO,U152,IP DISPATCH LUCKNOW BRANCH,3,Y
212308,LUCKNOW,UTTAR PRADESH,GHAZIABAD RO,U152,IP DISPATCH LUCKNOW BRANCH,3,Y
212401,LUCKNOW,UTTAR PRADESH,GHAZIABAD RO,U152,IP DISPATCH LUCKNOW BRANCH,3,Y
212404,LUCKNOW,UTTAR PRADESH,GHAZIABAD RO,U152,IP DISPATCH LUCKNOW BRANCH,3,Y
212405,LUCKNOW,UTTAR PRADESH,GHAZIABAD RO,U152,IP DISPATCH LUCKNOW BRANCH,3,Y
212502,LUCKNOW,UTTAR PRADESH,GHAZIABAD RO,U152,IP DISPATCH LUCKNOW BRANCH,3,Y
212503,LUCKNOW,UTTAR PRADESH,GHAZIABAD RO,U152,IP DISPATCH LUCKNOW BRANCH,3,Y
212507,LUCKNOW,UTTAR PRADESH,GHAZIABAD RO,U152,IP DISPATCH LUCKNOW BRANCH,3,Y
212621,LUCKNOW,UTTAR PRADESH,GHAZIABAD RO,U152,IP DISPATCH LUCKNOW BRANCH,3,Y
212622,LUCKNOW,UTTAR PRADESH,GHAZIABAD RO,U152,IP DISPATCH LUCKNOW BRANCH,3,Y
212641,LUCKNOW,UTTAR PRADESH,GHAZIABAD RO,U152,IP DISPATCH LUCKNOW BRANCH,3,Y
212645,LUCKNOW,UTTAR PRADESH,GHAZIABAD RO,U152,IP DISPATCH LUCKNOW BRANCH,3,Y
212650,LUCKNOW,UTTAR PRADESH,GHAZIABAD RO,U152,IP DISPATCH LUCKNOW BRANCH,3,Y
212651,LUCKNOW,UTTAR PRADESH,GHAZIABAD RO,U152,IP DISPATCH LUCKNOW BRANCH,3,Y
212652,LUCKNOW,UTTAR PRADESH,GHAZIABAD RO,U152,IP DISPATCH LUCKNOW BRANCH,3,Y
212654,LUCKNOW,UTTAR PRADESH,GHAZIABAD RO,U152,IP DISPATCH LUCKNOW BRANCH,3,Y
212656,LUCKNOW,UTTAR PRADESH,GHAZIABAD RO,U152,IP DISPATCH LUCKNOW BRANCH,3,Y
212658,LUCKNOW,UTTAR PRADESH,GHAZIABAD RO,U152,IP DISPATCH LUCKNOW BRANCH,3,Y
212661,LUCKNOW,UTTAR PRADESH,GHAZIABAD RO,U152,IP DISPATCH LUCKNOW BRANCH,3,Y
212663,LUCKNOW,UTTAR PRADESH,GHAZIABAD RO,U152,IP DISPATCH LUCKNOW BRANCH,3,Y
221012,LUCKNOW,UTTAR PRADESH,GHAZIABAD RO,U152,IP DISPATCH LUCKNOW BRANCH,3,Y
221109,LUCKNOW,UTTAR PRADESH,GHAZIABAD RO,U152,IP DISPATCH LUCKNOW BRANCH,3,Y
221115,LUCKNOW,UTTAR PRADESH,GHAZIABAD RO,U152,IP DISPATCH LUCKNOW BRANCH,3,Y
221116,LUCKNOW,UTTAR PRADESH,GHAZIABAD RO,U152,IP DISPATCH LUCKNOW BRANCH,3,Y
221201,LUCKNOW,UTTAR PRADESH,GHAZIABAD RO,U152,IP DISPATCH LUCKNOW BRANCH,3,Y
221202,LUCKNOW,UTTAR PRADESH,GHAZIABAD RO,U152,IP DISPATCH LUCKNOW BRANCH,3,Y
221204,LUCKNOW,UTTAR PRADESH,GHAZIABAD RO,U152,IP DISPATCH LUCKNOW BRANCH,3,Y
221207,LUCKNOW,UTTAR PRADESH,GHAZIABAD RO,U152,IP DISPATCH LUCKNOW BRANCH,3,Y
221305,LUCKNOW,UTTAR PRADESH,GHAZIABAD RO,U152,IP DISPATCH LUCKNOW BRANCH,3,Y
221308,LUCKNOW,UTTAR PRADESH,GHAZIABAD RO,U152,IP DISPATCH LUCKNOW BRANCH,3,Y
221309,LUCKNOW,UTTAR PRADESH,GHAZIABAD RO,U152,IP DISPATCH LUCKNOW BRANCH,3,Y
221314,LUCKNOW,UTTAR PRADESH,GHAZIABAD RO,U152,IP DISPATCH LUCKNOW BRANCH,3,Y
221402,LUCKNOW,UTTAR PRADESH,GHAZIABAD RO,U152,IP DISPATCH LUCKNOW BRANCH,3,Y
221403,LUCKNOW,UTTAR PRADESH,GHAZIABAD RO,U152,IP DISPATCH LUCKNOW BRANCH,3,Y
221404,LUCKNOW,UTTAR PRADESH,GHAZIABAD RO,U152,IP DISPATCH LUCKNOW BRANCH,3,Y
221407,LUCKNOW,UTTAR PRADESH,GHAZIABAD RO,U152,IP DISPATCH LUCKNOW BRANCH,3,Y
221409,LUCKNOW,UTTAR PRADESH,GHAZIABAD RO,U152,IP DISPATCH LUCKNOW BRANCH,3,Y
221502,LUCKNOW,UTTAR PRADESH,GHAZIABAD RO,U152,IP DISPATCH LUCKNOW BRANCH,3,Y
221508,LUCKNOW,UTTAR PRADESH,GHAZIABAD RO,U152,IP DISPATCH LUCKNOW BRANCH,3,Y
221701,LUCKNOW,UTTAR PRADESH,GHAZIABAD RO,U152,IP DISPATCH LUCKNOW BRANCH,3,Y
221705,LUCKNOW,UTTAR PRADESH,GHAZIABAD RO,U152,IP DISPATCH LUCKNOW BRANCH,3,Y
221709,LUCKNOW,UTTAR PRADESH,GHAZIABAD RO,U152,IP DISPATCH LUCKNOW BRANCH,3,Y
221713,LUCKNOW,UTTAR PRADESH,GHAZIABAD RO,U152,IP DISPATCH LUCKNOW BRANCH,3,Y
221716,LUCKNOW,UTTAR PRADESH,GHAZIABAD RO,U152,IP DISPATCH LUCKNOW BRANCH,3,Y
221717,LUCKNOW,UTTAR PRADESH,GHAZIABAD RO,U152,IP DISPATCH LUCKNOW BRANCH,3,Y
221718,LUCKNOW,UTTAR PRADESH,GHAZIABAD RO,U152,IP DISPATCH LUCKNOW BRANCH,3,Y
222004,LUCKNOW,UTTAR PRADESH,GHAZIABAD RO,U152,IP DISPATCH LUCKNOW BRANCH,3,Y
222101,LUCKNOW,UTTAR PRADESH,GHAZIABAD RO,U152,IP DISPATCH LUCKNOW BRANCH,3,Y
222126,LUCKNOW,UTTAR PRADESH,GHAZIABAD RO,U152,IP DISPATCH LUCKNOW BRANCH,3,Y
222127,LUCKNOW,UTTAR PRADESH,GHAZIABAD RO,U152,IP DISPATCH LUCKNOW BRANCH,3,Y
222128,LUCKNOW,UTTAR PRADESH,GHAZIABAD RO,U152,IP DISPATCH LUCKNOW BRANCH,3,Y
222129,LUCKNOW,UTTAR PRADESH,GHAZIABAD RO,U152,IP DISPATCH LUCKNOW BRANCH,3,Y
222135,LUCKNOW,UTTAR PRADESH,GHAZIABAD RO,U152,IP DISPATCH LUCKNOW BRANCH,3,Y
222144,LUCKNOW,UTTAR PRADESH,GHAZIABAD RO,U152,IP DISPATCH LUCKNOW BRANCH,3,Y
222145,LUCKNOW,UTTAR PRADESH,GHAZIABAD RO,U152,IP DISPATCH LUCKNOW BRANCH,3,Y
222146,LUCKNOW,UTTAR PRADESH,GHAZIABAD RO,U152,IP DISPATCH LUCKNOW BRANCH,3,Y
222148,LUCKNOW,UTTAR PRADESH,GHAZIABAD RO,U152,IP DISPATCH LUCKNOW BRANCH,3,Y
222149,LUCKNOW,UTTAR PRADESH,GHAZIABAD RO,U152,IP DISPATCH LUCKNOW BRANCH,3,Y
222162,LUCKNOW,UTTAR PRADESH,GHAZIABAD RO,U152,IP DISPATCH LUCKNOW BRANCH,3,Y
222165,LUCKNOW,UTTAR PRADESH,GHAZIABAD RO,U152,IP DISPATCH LUCKNOW BRANCH,3,Y
222170,LUCKNOW,UTTAR PRADESH,GHAZIABAD RO,U152,IP DISPATCH LUCKNOW BRANCH,3,Y
222175,LUCKNOW,UTTAR PRADESH,GHAZIABAD RO,U152,IP DISPATCH LUCKNOW BRANCH,3,Y
222181,LUCKNOW,UTTAR PRADESH,GHAZIABAD RO,U152,IP DISPATCH LUCKNOW BRANCH,3,Y
222201,LUCKNOW,UTTAR PRADESH,GHAZIABAD RO,U152,IP DISPATCH LUCKNOW BRANCH,3,Y
222203,LUCKNOW,UTTAR PRADESH,GHAZIABAD RO,U152,IP DISPATCH LUCKNOW BRANCH,3,Y
222204,LUCKNOW,UTTAR PRADESH,GHAZIABAD RO,U152,IP DISPATCH LUCKNOW BRANCH,3,Y
222205,LUCKNOW,UTTAR PRADESH,GHAZIABAD RO,U152,IP DISPATCH LUCKNOW BRANCH,3,Y
222301,LUCKNOW,UTTAR PRADESH,GHAZIABAD RO,U152,IP DISPATCH LUCKNOW BRANCH,3,Y
222302,LUCKNOW,UTTAR PRADESH,GHAZIABAD RO,U152,IP DISPATCH LUCKNOW BRANCH,3,Y
222303,LUCKNOW,UTTAR PRADESH,GHAZIABAD RO,U152,IP DISPATCH LUCKNOW BRANCH,3,Y
223102,LUCKNOW,UTTAR PRADESH,GHAZIABAD RO,U152,IP DISPATCH LUCKNOW BRANCH,3,Y
223105,LUCKNOW,UTTAR PRADESH,GHAZIABAD RO,U152,IP DISPATCH LUCKNOW BRANCH,3,Y
223221,LUCKNOW,UTTAR PRADESH,GHAZIABAD RO,U152,IP DISPATCH LUCKNOW BRANCH,3,Y
223222,LUCKNOW,UTTAR PRADESH,GHAZIABAD RO,U152,IP DISPATCH LUCKNOW BRANCH,3,Y
223224,LUCKNOW,UTTAR PRADESH,GHAZIABAD RO,U152,IP DISPATCH LUCKNOW BRANCH,3,Y
223225,LUCKNOW,UTTAR PRADESH,GHAZIABAD RO,U152,IP DISPATCH LUCKNOW BRANCH,3,Y
223226,LUCKNOW,UTTAR PRADESH,GHAZIABAD RO,U152,IP DISPATCH LUCKNOW BRANCH,3,Y
223227,LUCKNOW,UTTAR PRADESH,GHAZIABAD RO,U152,IP DISPATCH LUCKNOW BRANCH,3,Y
224116,LUCKNOW,UTTAR PRADESH,GHAZIABAD RO,U152,IP DISPATCH LUCKNOW BRANCH,3,Y
224117,LUCKNOW,UTTAR PRADESH,GHAZIABAD RO,U152,IP DISPATCH LUCKNOW BRANCH,3,Y
224118,LUCKNOW,UTTAR PRADESH,GHAZIABAD RO,U152,IP DISPATCH LUCKNOW BRANCH,3,Y
224119,LUCKNOW,UTTAR PRADESH,GHAZIABAD RO,U152,IP DISPATCH LUCKNOW BRANCH,3,Y
224125,LUCKNOW,UTTAR PRADESH,GHAZIABAD RO,U152,IP DISPATCH LUCKNOW BRANCH,3,Y
224126,LUCKNOW,UTTAR PRADESH,GHAZIABAD RO,U152,IP DISPATCH LUCKNOW BRANCH,3,Y
224127,LUCKNOW,UTTAR PRADESH,GHAZIABAD RO,U152,IP DISPATCH LUCKNOW BRANCH,3,Y
224129,LUCKNOW,UTTAR PRADESH,GHAZIABAD RO,U152,IP DISPATCH LUCKNOW BRANCH,3,Y
224132,LUCKNOW,UTTAR PRADESH,GHAZIABAD RO,U152,IP DISPATCH LUCKNOW BRANCH,3,Y
224133,LUCKNOW,UTTAR PRADESH,GHAZIABAD RO,U152,IP DISPATCH LUCKNOW BRANCH,3,Y
224137,LUCKNOW,UTTAR PRADESH,GHAZIABAD RO,U152,IP DISPATCH LUCKNOW BRANCH,3,Y
224139,LUCKNOW,UTTAR PRADESH,GHAZIABAD RO,U152,IP DISPATCH LUCKNOW BRANCH,3,Y
224143,LUCKNOW,UTTAR PRADESH,GHAZIABAD RO,U152,IP DISPATCH LUCKNOW BRANCH,3,Y
224145,LUCKNOW,UTTAR PRADESH,GHAZIABAD RO,U152,IP DISPATCH LUCKNOW BRANCH,3,Y
224146,LUCKNOW,UTTAR PRADESH,GHAZIABAD RO,U152,IP DISPATCH LUCKNOW BRANCH,3,Y
224151,LUCKNOW,UTTAR PRADESH,GHAZIABAD RO,U152,IP DISPATCH LUCKNOW BRANCH,3,Y
224152,LUCKNOW,UTTAR PRADESH,GHAZIABAD RO,U152,IP DISPATCH LUCKNOW BRANCH,3,Y
224153,LUCKNOW,UTTAR PRADESH,GHAZIABAD RO,U152,IP DISPATCH LUCKNOW BRANCH,3,Y
224155,LUCKNOW,UTTAR PRADESH,GHAZIABAD RO,U152,IP DISPATCH LUCKNOW BRANCH,3,Y
224157,LUCKNOW,UTTAR PRADESH,GHAZIABAD RO,U152,IP DISPATCH LUCKNOW BRANCH,3,Y
224158,LUCKNOW,UTTAR PRADESH,GHAZIABAD RO,U152,IP DISPATCH LUCKNOW BRANCH,3,Y
224159,LUCKNOW,UTTAR PRADESH,GHAZIABAD RO,U152,IP DISPATCH LUCKNOW BRANCH,3,Y
224161,LUCKNOW,UTTAR PRADESH,GHAZIABAD RO,U152,IP DISPATCH LUCKNOW BRANCH,3,Y
224164,LUCKNOW,UTTAR PRADESH,GHAZIABAD RO,U152,IP DISPATCH LUCKNOW BRANCH,3,Y
224168,LUCKNOW,UTTAR PRADESH,GHAZIABAD RO,U152,IP DISPATCH LUCKNOW BRANCH,3,Y
224171,LUCKNOW,UTTAR PRADESH,GHAZIABAD RO,U152,IP DISPATCH LUCKNOW BRANCH,3,Y
224172,LUCKNOW,UTTAR PRADESH,GHAZIABAD RO,U152,IP DISPATCH LUCKNOW BRANCH,3,Y
224176,LUCKNOW,UTTAR PRADESH,GHAZIABAD RO,U152,IP DISPATCH LUCKNOW BRANCH,3,Y
224181,LUCKNOW,UTTAR PRADESH,GHAZIABAD RO,U152,IP DISPATCH LUCKNOW BRANCH,3,Y
224182,LUCKNOW,UTTAR PRADESH,GHAZIABAD RO,U152,IP DISPATCH LUCKNOW BRANCH,3,Y
224183,LUCKNOW,UTTAR PRADESH,GHAZIABAD RO,U152,IP DISPATCH LUCKNOW BRANCH,3,Y
224186,LUCKNOW,UTTAR PRADESH,GHAZIABAD RO,U152,IP DISPATCH LUCKNOW BRANCH,3,Y
224188,LUCKNOW,UTTAR PRADESH,GHAZIABAD RO,U152,IP DISPATCH LUCKNOW BRANCH,3,Y
224189,LUCKNOW,UTTAR PRADESH,GHAZIABAD RO,U152,IP DISPATCH LUCKNOW BRANCH,3,Y
224195,LUCKNOW,UTTAR PRADESH,GHAZIABAD RO,U152,IP DISPATCH LUCKNOW BRANCH,3,Y
224202,LUCKNOW,UTTAR PRADESH,GHAZIABAD RO,U152,IP DISPATCH LUCKNOW BRANCH,3,Y
224203,LUCKNOW,UTTAR PRADESH,GHAZIABAD RO,U152,IP DISPATCH LUCKNOW BRANCH,3,Y
224204,LUCKNOW,UTTAR PRADESH,GHAZIABAD RO,U152,IP DISPATCH LUCKNOW BRANCH,3,Y
224205,LUCKNOW,UTTAR PRADESH,GHAZIABAD RO,U152,IP DISPATCH LUCKNOW BRANCH,3,Y
224206,LUCKNOW,UTTAR PRADESH,GHAZIABAD RO,U152,IP DISPATCH LUCKNOW BRANCH,3,Y
224207,LUCKNOW,UTTAR PRADESH,GHAZIABAD RO,U152,IP DISPATCH LUCKNOW BRANCH,3,Y
224208,LUCKNOW,UTTAR PRADESH,GHAZIABAD RO,U152,IP DISPATCH LUCKNOW BRANCH,3,Y
224209,LUCKNOW,UTTAR PRADESH,GHAZIABAD RO,U152,IP DISPATCH LUCKNOW BRANCH,3,Y
224210,LUCKNOW,UTTAR PRADESH,GHAZIABAD RO,U152,IP DISPATCH LUCKNOW BRANCH,3,Y
224225,LUCKNOW,UTTAR PRADESH,GHAZIABAD RO,U152,IP DISPATCH LUCKNOW BRANCH,3,Y
224227,LUCKNOW,UTTAR PRADESH,GHAZIABAD RO,U152,IP DISPATCH LUCKNOW BRANCH,3,Y
224228,LUCKNOW,UTTAR PRADESH,GHAZIABAD RO,U152,IP DISPATCH LUCKNOW BRANCH,3,Y
224230,LUCKNOW,UTTAR PRADESH,GHAZIABAD RO,U152,IP DISPATCH LUCKNOW BRANCH,3,Y
224231,LUCKNOW,UTTAR PRADESH,GHAZIABAD RO,U152,IP DISPATCH LUCKNOW BRANCH,3,Y
224234,LUCKNOW,UTTAR PRADESH,GHAZIABAD RO,U152,IP DISPATCH LUCKNOW BRANCH,3,Y
224235,LUCKNOW,UTTAR PRADESH,GHAZIABAD RO,U152,IP DISPATCH LUCKNOW BRANCH,3,Y
224239,LUCKNOW,UTTAR PRADESH,GHAZIABAD RO,U152,IP DISPATCH LUCKNOW BRANCH,3,Y
224284,LUCKNOW,UTTAR PRADESH,GHAZIABAD RO,U152,IP DISPATCH LUCKNOW BRANCH,3,Y
225119,LUCKNOW,UTTAR PRADESH,GHAZIABAD RO,U152,IP DISPATCH LUCKNOW BRANCH,2,Y
225120,LUCKNOW,UTTAR PRADESH,GHAZIABAD RO,U152,IP DISPATCH LUCKNOW BRANCH,2,Y
225121,LUCKNOW,UTTAR PRADESH,GHAZIABAD RO,U152,IP DISPATCH LUCKNOW BRANCH,2,Y
225122,LUCKNOW,UTTAR PRADESH,GHAZIABAD RO,U152,IP DISPATCH LUCKNOW BRANCH,2,Y
225123,LUCKNOW,UTTAR PRADESH,GHAZIABAD RO,U152,IP DISPATCH LUCKNOW BRANCH,2,Y
225125,LUCKNOW,UTTAR PRADESH,GHAZIABAD RO,U152,IP DISPATCH LUCKNOW BRANCH,2,Y
225126,LUCKNOW,UTTAR PRADESH,GHAZIABAD RO,U152,IP DISPATCH LUCKNOW BRANCH,2,Y
225201,LUCKNOW,UTTAR PRADESH,GHAZIABAD RO,U152,IP DISPATCH LUCKNOW BRANCH,2,Y
225202,LUCKNOW,UTTAR PRADESH,GHAZIABAD RO,U152,IP DISPATCH LUCKNOW BRANCH,2,Y
225204,LUCKNOW,UTTAR PRADESH,GHAZIABAD RO,U152,IP DISPATCH LUCKNOW BRANCH,2,Y
225205,LUCKNOW,UTTAR PRADESH,GHAZIABAD RO,U152,IP DISPATCH LUCKNOW BRANCH,2,Y
225206,LUCKNOW,UTTAR PRADESH,GHAZIABAD RO,U152,IP DISPATCH LUCKNOW BRANCH,2,Y
225207,LUCKNOW,UTTAR PRADESH,GHAZIABAD RO,U152,IP DISPATCH LUCKNOW BRANCH,2,Y
225208,LUCKNOW,UTTAR PRADESH,GHAZIABAD RO,U152,IP DISPATCH LUCKNOW BRANCH,2,Y
225301,LUCKNOW,UTTAR PRADESH,GHAZIABAD RO,U152,IP DISPATCH LUCKNOW BRANCH,2,Y
225303,LUCKNOW,UTTAR PRADESH,GHAZIABAD RO,U152,IP DISPATCH LUCKNOW BRANCH,2,Y
225304,LUCKNOW,UTTAR PRADESH,GHAZIABAD RO,U152,IP DISPATCH LUCKNOW BRANCH,2,Y
225403,LUCKNOW,UTTAR PRADESH,GHAZIABAD RO,U152,IP DISPATCH LUCKNOW BRANCH,2,Y
225404,LUCKNOW,UTTAR PRADESH,GHAZIABAD RO,U152,IP DISPATCH LUCKNOW BRANCH,2,Y
225405,LUCKNOW,UTTAR PRADESH,GHAZIABAD RO,U152,IP DISPATCH LUCKNOW BRANCH,2,Y
225412,LUCKNOW,UTTAR PRADESH,GHAZIABAD RO,U152,IP DISPATCH LUCKNOW BRANCH,2,Y
225413,LUCKNOW,UTTAR PRADESH,GHAZIABAD RO,U152,IP DISPATCH LUCKNOW BRANCH,2,Y
225416,LUCKNOW,UTTAR PRADESH,GHAZIABAD RO,U152,IP DISPATCH LUCKNOW BRANCH,2,Y
226102,LUCKNOW,UTTAR PRADESH,GHAZIABAD RO,U152,IP DISPATCH LUCKNOW BRANCH,2,Y
226103,LUCKNOW,UTTAR PRADESH,GHAZIABAD RO,U152,IP DISPATCH LUCKNOW BRANCH,2,Y
226104,LUCKNOW,UTTAR PRADESH,GHAZIABAD RO,U152,IP DISPATCH LUCKNOW BRANCH,2,Y
226302,LUCKNOW,UTTAR PRADESH,GHAZIABAD RO,U152,IP DISPATCH LUCKNOW BRANCH,2,Y
226303,LUCKNOW,UTTAR PRADESH,GHAZIABAD RO,U152,IP DISPATCH LUCKNOW BRANCH,2,Y
227304,LUCKNOW,UTTAR PRADESH,GHAZIABAD RO,U152,IP DISPATCH LUCKNOW BRANCH,3,Y
227406,LUCKNOW,UTTAR PRADESH,GHAZIABAD RO,U152,IP DISPATCH LUCKNOW BRANCH,3,Y
227407,LUCKNOW,UTTAR PRADESH,GHAZIABAD RO,U152,IP DISPATCH LUCKNOW BRANCH,3,Y
227408,LUCKNOW,UTTAR PRADESH,GHAZIABAD RO,U152,IP DISPATCH LUCKNOW BRANCH,3,Y
227411,LUCKNOW,UTTAR PRADESH,GHAZIABAD RO,U152,IP DISPATCH LUCKNOW BRANCH,3,Y
227413,LUCKNOW,UTTAR PRADESH,GHAZIABAD RO,U152,IP DISPATCH LUCKNOW BRANCH,3,Y
227801,LUCKNOW,UTTAR PRADESH,GHAZIABAD RO,U152,IP DISPATCH LUCKNOW BRANCH,3,Y
227805,LUCKNOW,UTTAR PRADESH,GHAZIABAD RO,U152,IP DISPATCH LUCKNOW BRANCH,3,Y
227806,LUCKNOW,UTTAR PRADESH,GHAZIABAD RO,U152,IP DISPATCH LUCKNOW BRANCH,3,Y
227807,LUCKNOW,UTTAR PRADESH,GHAZIABAD RO,U152,IP DISPATCH LUCKNOW BRANCH,3,Y
227808,LUCKNOW,UTTAR PRADESH,GHAZIABAD RO,U152,IP DISPATCH LUCKNOW BRANCH,3,Y
227811,LUCKNOW,UTTAR PRADESH,GHAZIABAD RO,U152,IP DISPATCH LUCKNOW BRANCH,3,Y
227812,LUCKNOW,UTTAR PRADESH,GHAZIABAD RO,U152,IP DISPATCH LUCKNOW BRANCH,3,Y
227814,LUCKNOW,UTTAR PRADESH,GHAZIABAD RO,U152,IP DISPATCH LUCKNOW BRANCH,3,Y
227815,LUCKNOW,UTTAR PRADESH,GHAZIABAD RO,U152,IP DISPATCH LUCKNOW BRANCH,3,Y
227816,LUCKNOW,UTTAR PRADESH,GHAZIABAD RO,U152,IP DISPATCH LUCKNOW BRANCH,3,Y
228119,LUCKNOW,UTTAR PRADESH,GHAZIABAD RO,U152,IP DISPATCH LUCKNOW BRANCH,3,Y
228121,LUCKNOW,UTTAR PRADESH,GHAZIABAD RO,U152,IP DISPATCH LUCKNOW BRANCH,3,Y
228125,LUCKNOW,UTTAR PRADESH,GHAZIABAD RO,U152,IP DISPATCH LUCKNOW BRANCH,3,Y
228133,LUCKNOW,UTTAR PRADESH,GHAZIABAD RO,U152,IP DISPATCH LUCKNOW BRANCH,3,Y
228141,LUCKNOW,UTTAR PRADESH,GHAZIABAD RO,U152,IP DISPATCH LUCKNOW BRANCH,3,Y
228142,LUCKNOW,UTTAR PRADESH,GHAZIABAD RO,U152,IP DISPATCH LUCKNOW BRANCH,3,Y
228155,LUCKNOW,UTTAR PRADESH,GHAZIABAD RO,U152,IP DISPATCH LUCKNOW BRANCH,3,Y
228159,LUCKNOW,UTTAR PRADESH,GHAZIABAD RO,U152,IP DISPATCH LUCKNOW BRANCH,3,Y
228161,LUCKNOW,UTTAR PRADESH,GHAZIABAD RO,U152,IP DISPATCH LUCKNOW BRANCH,3,Y
228171,LUCKNOW,UTTAR PRADESH,GHAZIABAD RO,U152,IP DISPATCH LUCKNOW BRANCH,3,Y
228172,LUCKNOW,UTTAR PRADESH,GHAZIABAD RO,U152,IP DISPATCH LUCKNOW BRANCH,3,Y
229103,LUCKNOW,UTTAR PRADESH,GHAZIABAD RO,U152,IP DISPATCH LUCKNOW BRANCH,3,Y
229120,LUCKNOW,UTTAR PRADESH,GHAZIABAD RO,U152,IP DISPATCH LUCKNOW BRANCH,3,Y
229121,LUCKNOW,UTTAR PRADESH,GHAZIABAD RO,U152,IP DISPATCH LUCKNOW BRANCH,3,Y
229122,LUCKNOW,UTTAR PRADESH,GHAZIABAD RO,U152,IP DISPATCH LUCKNOW BRANCH,3,Y
229123,LUCKNOW,UTTAR PRADESH,GHAZIABAD RO,U152,IP DISPATCH LUCKNOW BRANCH,3,Y
229124,LUCKNOW,UTTAR PRADESH,GHAZIABAD RO,U152,IP DISPATCH LUCKNOW BRANCH,3,Y
229125,LUCKNOW,UTTAR PRADESH,GHAZIABAD RO,U152,IP DISPATCH LUCKNOW BRANCH,3,Y
229126,LUCKNOW,UTTAR PRADESH,GHAZIABAD RO,U152,IP DISPATCH LUCKNOW BRANCH,3,Y
229128,LUCKNOW,UTTAR PRADESH,GHAZIABAD RO,U152,IP DISPATCH LUCKNOW BRANCH,3,Y
229129,LUCKNOW,UTTAR PRADESH,GHAZIABAD RO,U152,IP DISPATCH LUCKNOW BRANCH,3,Y
229130,LUCKNOW,UTTAR PRADESH,GHAZIABAD RO,U152,IP DISPATCH LUCKNOW BRANCH,3,Y
229135,LUCKNOW,UTTAR PRADESH,GHAZIABAD RO,U152,IP DISPATCH LUCKNOW BRANCH,3,Y
229201,LUCKNOW,UTTAR PRADESH,GHAZIABAD RO,U152,IP DISPATCH LUCKNOW BRANCH,3,Y
229202,LUCKNOW,UTTAR PRADESH,GHAZIABAD RO,U152,IP DISPATCH LUCKNOW BRANCH,3,Y
229203,LUCKNOW,UTTAR PRADESH,GHAZIABAD RO,U152,IP DISPATCH LUCKNOW BRANCH,3,Y
229204,LUCKNOW,UTTAR PRADESH,GHAZIABAD RO,U152,IP DISPATCH LUCKNOW BRANCH,3,Y
229205,LUCKNOW,UTTAR PRADESH,GHAZIABAD RO,U152,IP DISPATCH LUCKNOW BRANCH,3,Y
229207,LUCKNOW,UTTAR PRADESH,GHAZIABAD RO,U152,IP DISPATCH LUCKNOW BRANCH,3,Y
229208,LUCKNOW,UTTAR PRADESH,GHAZIABAD RO,U152,IP DISPATCH LUCKNOW BRANCH,3,Y
229209,LUCKNOW,UTTAR PRADESH,GHAZIABAD RO,U152,IP DISPATCH LUCKNOW BRANCH,3,Y
229210,LUCKNOW,UTTAR PRADESH,GHAZIABAD RO,U152,IP DISPATCH LUCKNOW BRANCH,3,Y
229211,LUCKNOW,UTTAR PRADESH,GHAZIABAD RO,U152,IP DISPATCH LUCKNOW BRANCH,3,Y
229212,LUCKNOW,UTTAR PRADESH,GHAZIABAD RO,U152,IP DISPATCH LUCKNOW BRANCH,3,Y
229215,LUCKNOW,UTTAR PRADESH,GHAZIABAD RO,U152,IP DISPATCH LUCKNOW BRANCH,3,Y
229216,LUCKNOW,UTTAR PRADESH,GHAZIABAD RO,U152,IP DISPATCH LUCKNOW BRANCH,3,Y
229302,LUCKNOW,UTTAR PRADESH,GHAZIABAD RO,U152,IP DISPATCH LUCKNOW BRANCH,3,Y
229303,LUCKNOW,UTTAR PRADESH,GHAZIABAD RO,U152,IP DISPATCH LUCKNOW BRANCH,3,Y
229306,LUCKNOW,UTTAR PRADESH,GHAZIABAD RO,U152,IP DISPATCH LUCKNOW BRANCH,3,Y
229307,LUCKNOW,UTTAR PRADESH,GHAZIABAD RO,U152,IP DISPATCH LUCKNOW BRANCH,3,Y
229308,LUCKNOW,UTTAR PRADESH,GHAZIABAD RO,U152,IP DISPATCH LUCKNOW BRANCH,3,Y
229309,LUCKNOW,UTTAR PRADESH,GHAZIABAD RO,U152,IP DISPATCH LUCKNOW BRANCH,3,Y
229310,LUCKNOW,UTTAR PRADESH,GHAZIABAD RO,U152,IP DISPATCH LUCKNOW BRANCH,3,Y
229311,LUCKNOW,UTTAR PRADESH,GHAZIABAD RO,U152,IP DISPATCH LUCKNOW BRANCH,3,Y
229401,LUCKNOW,UTTAR PRADESH,GHAZIABAD RO,U152,IP DISPATCH LUCKNOW BRANCH,3,Y
229405,LUCKNOW,UTTAR PRADESH,GHAZIABAD RO,U152,IP DISPATCH LUCKNOW BRANCH,3,Y
229408,LUCKNOW,UTTAR PRADESH,GHAZIABAD RO,U152,IP DISPATCH LUCKNOW BRANCH,3,Y
229410,LUCKNOW,UTTAR PRADESH,GHAZIABAD RO,U152,IP DISPATCH LUCKNOW BRANCH,3,Y
229411,LUCKNOW,UTTAR PRADESH,GHAZIABAD RO,U152,IP DISPATCH LUCKNOW BRANCH,3,Y
229412,LUCKNOW,UTTAR PRADESH,GHAZIABAD RO,U152,IP DISPATCH LUCKNOW BRANCH,3,Y
229413,LUCKNOW,UTTAR PRADESH,GHAZIABAD RO,U152,IP DISPATCH LUCKNOW BRANCH,3,Y
229802,LUCKNOW,UTTAR PRADESH,GHAZIABAD RO,U152,IP DISPATCH LUCKNOW BRANCH,3,Y
230002,LUCKNOW,UTTAR PRADESH,GHAZIABAD RO,U152,IP DISPATCH LUCKNOW BRANCH,3,Y
230121,LUCKNOW,UTTAR PRADESH,GHAZIABAD RO,U152,IP DISPATCH LUCKNOW BRANCH,3,Y
230124,LUCKNOW,UTTAR PRADESH,GHAZIABAD RO,U152,IP DISPATCH LUCKNOW BRANCH,3,Y
230125,LUCKNOW,UTTAR PRADESH,GHAZIABAD RO,U152,IP DISPATCH LUCKNOW BRANCH,3,Y
230126,LUCKNOW,UTTAR PRADESH,GHAZIABAD RO,U152,IP DISPATCH LUCKNOW BRANCH,3,Y
230127,LUCKNOW,UTTAR PRADESH,GHAZIABAD RO,U152,IP DISPATCH LUCKNOW BRANCH,3,Y
230128,LUCKNOW,UTTAR PRADESH,GHAZIABAD RO,U152,IP DISPATCH LUCKNOW BRANCH,3,Y
230129,LUCKNOW,UTTAR PRADESH,GHAZIABAD RO,U152,IP DISPATCH LUCKNOW BRANCH,3,Y
230130,LUCKNOW,UTTAR PRADESH,GHAZIABAD RO,U152,IP DISPATCH LUCKNOW BRANCH,3,Y
230131,LUCKNOW,UTTAR PRADESH,GHAZIABAD RO,U152,IP DISPATCH LUCKNOW BRANCH,3,Y
230133,LUCKNOW,UTTAR PRADESH,GHAZIABAD RO,U152,IP DISPATCH LUCKNOW BRANCH,3,Y
230134,LUCKNOW,UTTAR PRADESH,GHAZIABAD RO,U152,IP DISPATCH LUCKNOW BRANCH,3,Y
230136,LUCKNOW,UTTAR PRADESH,GHAZIABAD RO,U152,IP DISPATCH LUCKNOW BRANCH,3,Y
230137,LUCKNOW,UTTAR PRADESH,GHAZIABAD RO,U152,IP DISPATCH LUCKNOW BRANCH,3,Y
230138,LUCKNOW,UTTAR PRADESH,GHAZIABAD RO,U152,IP DISPATCH LUCKNOW BRANCH,3,Y
230139,LUCKNOW,UTTAR PRADESH,GHAZIABAD RO,U152,IP DISPATCH LUCKNOW BRANCH,3,Y
230141,LUCKNOW,UTTAR PRADESH,GHAZIABAD RO,U152,IP DISPATCH LUCKNOW BRANCH,3,Y
230142,LUCKNOW,UTTAR PRADESH,GHAZIABAD RO,U152,IP DISPATCH LUCKNOW BRANCH,3,Y
230143,LUCKNOW,UTTAR PRADESH,GHAZIABAD RO,U152,IP DISPATCH LUCKNOW BRANCH,3,Y
230144,LUCKNOW,UTTAR PRADESH,GHAZIABAD RO,U152,IP DISPATCH LUCKNOW BRANCH,3,Y
230201,LUCKNOW,UTTAR PRADESH,GHAZIABAD RO,U152,IP DISPATCH LUCKNOW BRANCH,3,Y
230202,LUCKNOW,UTTAR PRADESH,GHAZIABAD RO,U152,IP DISPATCH LUCKNOW BRANCH,3,Y
230301,LUCKNOW,UTTAR PRADESH,GHAZIABAD RO,U152,IP DISPATCH LUCKNOW BRANCH,3,Y
230306,LUCKNOW,UTTAR PRADESH,GHAZIABAD RO,U152,IP DISPATCH LUCKNOW BRANCH,3,Y
230401,LUCKNOW,UTTAR PRADESH,GHAZIABAD RO,U152,IP DISPATCH LUCKNOW BRANCH,3,Y
230402,LUCKNOW,UTTAR PRADESH,GHAZIABAD RO,U152,IP DISPATCH LUCKNOW BRANCH,3,Y
230403,LUCKNOW,UTTAR PRADESH,GHAZIABAD RO,U152,IP DISPATCH LUCKNOW BRANCH,3,Y
230405,LUCKNOW,UTTAR PRADESH,GHAZIABAD RO,U152,IP DISPATCH LUCKNOW BRANCH,3,Y
230501,LUCKNOW,UTTAR PRADESH,GHAZIABAD RO,U152,IP DISPATCH LUCKNOW BRANCH,3,Y
230502,LUCKNOW,UTTAR PRADESH,GHAZIABAD RO,U152,IP DISPATCH LUCKNOW BRANCH,3,Y
230503,LUCKNOW,UTTAR PRADESH,GHAZIABAD RO,U152,IP DISPATCH LUCKNOW BRANCH,3,Y
231206,LUCKNOW,UTTAR PRADESH,GHAZIABAD RO,U152,IP DISPATCH LUCKNOW BRANCH,3,Y
231209,LUCKNOW,UTTAR PRADESH,GHAZIABAD RO,U152,IP DISPATCH LUCKNOW BRANCH,3,Y
231211,LUCKNOW,UTTAR PRADESH,GHAZIABAD RO,U152,IP DISPATCH LUCKNOW BRANCH,3,Y
231212,LUCKNOW,UTTAR PRADESH,GHAZIABAD RO,U152,IP DISPATCH LUCKNOW BRANCH,3,Y
231213,LUCKNOW,UTTAR PRADESH,GHAZIABAD RO,U152,IP DISPATCH LUCKNOW BRANCH,3,Y
231215,LUCKNOW,UTTAR PRADESH,GHAZIABAD RO,U152,IP DISPATCH LUCKNOW BRANCH,3,Y
231224,LUCKNOW,UTTAR PRADESH,GHAZIABAD RO,U152,IP DISPATCH LUCKNOW BRANCH,3,Y
231226,LUCKNOW,UTTAR PRADESH,GHAZIABAD RO,U152,IP DISPATCH LUCKNOW BRANCH,3,Y
231301,LUCKNOW,UTTAR PRADESH,GHAZIABAD RO,U152,IP DISPATCH LUCKNOW BRANCH,3,Y
231302,LUCKNOW,UTTAR PRADESH,GHAZIABAD RO,U152,IP DISPATCH LUCKNOW BRANCH,3,Y
231303,LUCKNOW,UTTAR PRADESH,GHAZIABAD RO,U152,IP DISPATCH LUCKNOW BRANCH,3,Y
231311,LUCKNOW,UTTAR PRADESH,GHAZIABAD RO,U152,IP DISPATCH LUCKNOW BRANCH,3,Y
231313,LUCKNOW,UTTAR PRADESH,GHAZIABAD RO,U152,IP DISPATCH LUCKNOW BRANCH,3,Y
231314,LUCKNOW,UTTAR PRADESH,GHAZIABAD RO,U152,IP DISPATCH LUCKNOW BRANCH,3,Y
232106,LUCKNOW,UTTAR PRADESH,GHAZIABAD RO,U152,IP DISPATCH LUCKNOW BRANCH,3,Y
232107,LUCKNOW,UTTAR PRADESH,GHAZIABAD RO,U152,IP DISPATCH LUCKNOW BRANCH,3,Y
232108,LUCKNOW,UTTAR PRADESH,GHAZIABAD RO,U152,IP DISPATCH LUCKNOW BRANCH,3,Y
232111,LUCKNOW,UTTAR PRADESH,GHAZIABAD RO,U152,IP DISPATCH LUCKNOW BRANCH,3,Y
232114,LUCKNOW,UTTAR PRADESH,GHAZIABAD RO,U152,IP DISPATCH LUCKNOW BRANCH,3,Y
232115,LUCKNOW,UTTAR PRADESH,GHAZIABAD RO,U152,IP DISPATCH LUCKNOW BRANCH,3,Y
232118,LUCKNOW,UTTAR PRADESH,GHAZIABAD RO,U152,IP DISPATCH LUCKNOW BRANCH,3,Y
232325,LUCKNOW,UTTAR PRADESH,GHAZIABAD RO,U152,IP DISPATCH LUCKNOW BRANCH,3,Y
232326,LUCKNOW,UTTAR PRADESH,GHAZIABAD RO,U152,IP DISPATCH LUCKNOW BRANCH,3,Y
232327,LUCKNOW,UTTAR PRADESH,GHAZIABAD RO,U152,IP DISPATCH LUCKNOW BRANCH,3,Y
232328,LUCKNOW,UTTAR PRADESH,GHAZIABAD RO,U152,IP DISPATCH LUCKNOW BRANCH,3,Y
232330,LUCKNOW,UTTAR PRADESH,GHAZIABAD RO,U152,IP DISPATCH LUCKNOW BRANCH,3,Y
232331,LUCKNOW,UTTAR PRADESH,GHAZIABAD RO,U152,IP DISPATCH LUCKNOW BRANCH,3,Y
232332,LUCKNOW,UTTAR PRADESH,GHAZIABAD RO,U152,IP DISPATCH LUCKNOW BRANCH,3,Y
232336,LUCKNOW,UTTAR PRADESH,GHAZIABAD RO,U152,IP DISPATCH LUCKNOW BRANCH,3,Y
232339,LUCKNOW,UTTAR PRADESH,GHAZIABAD RO,U152,IP DISPATCH LUCKNOW BRANCH,3,Y
232340,LUCKNOW,UTTAR PRADESH,GHAZIABAD RO,U152,IP DISPATCH LUCKNOW BRANCH,3,Y
232341,LUCKNOW,UTTAR PRADESH,GHAZIABAD RO,U152,IP DISPATCH LUCKNOW BRANCH,3,Y
233222,LUCKNOW,UTTAR PRADESH,GHAZIABAD RO,U152,IP DISPATCH LUCKNOW BRANCH,3,Y
233223,LUCKNOW,UTTAR PRADESH,GHAZIABAD RO,U152,IP DISPATCH LUCKNOW BRANCH,3,Y
233224,LUCKNOW,UTTAR PRADESH,GHAZIABAD RO,U152,IP DISPATCH LUCKNOW BRANCH,3,Y
233226,LUCKNOW,UTTAR PRADESH,GHAZIABAD RO,U152,IP DISPATCH LUCKNOW BRANCH,3,Y
233228,LUCKNOW,UTTAR PRADESH,GHAZIABAD RO,U152,IP DISPATCH LUCKNOW BRANCH,3,Y
233229,LUCKNOW,UTTAR PRADESH,GHAZIABAD RO,U152,IP DISPATCH LUCKNOW BRANCH,3,Y
233231,LUCKNOW,UTTAR PRADESH,GHAZIABAD RO,U152,IP DISPATCH LUCKNOW BRANCH,3,Y
233232,LUCKNOW,UTTAR PRADESH,GHAZIABAD RO,U152,IP DISPATCH LUCKNOW BRANCH,3,Y
233233,LUCKNOW,UTTAR PRADESH,GHAZIABAD RO,U152,IP DISPATCH LUCKNOW BRANCH,3,Y
233234,LUCKNOW,UTTAR PRADESH,GHAZIABAD RO,U152,IP DISPATCH LUCKNOW BRANCH,3,Y
233300,LUCKNOW,UTTAR PRADESH,GHAZIABAD RO,U152,IP DISPATCH LUCKNOW BRANCH,3,Y
233301,LUCKNOW,UTTAR PRADESH,GHAZIABAD RO,U152,IP DISPATCH LUCKNOW BRANCH,3,Y
233302,LUCKNOW,UTTAR PRADESH,GHAZIABAD RO,U152,IP DISPATCH LUCKNOW BRANCH,3,Y
233303,LUCKNOW,UTTAR PRADESH,GHAZIABAD RO,U152,IP DISPATCH LUCKNOW BRANCH,3,Y
233305,LUCKNOW,UTTAR PRADESH,GHAZIABAD RO,U152,IP DISPATCH LUCKNOW BRANCH,3,Y
233306,LUCKNOW,UTTAR PRADESH,GHAZIABAD RO,U152,IP DISPATCH LUCKNOW BRANCH,3,Y
233307,LUCKNOW,UTTAR PRADESH,GHAZIABAD RO,U152,IP DISPATCH LUCKNOW BRANCH,3,Y
233310,LUCKNOW,UTTAR PRADESH,GHAZIABAD RO,U152,IP DISPATCH LUCKNOW BRANCH,3,Y
233311,LUCKNOW,UTTAR PRADESH,GHAZIABAD RO,U152,IP DISPATCH LUCKNOW BRANCH,3,Y
241122,LUCKNOW,UTTAR PRADESH,GHAZIABAD RO,U152,IP DISPATCH LUCKNOW BRANCH,3,Y
241123,LUCKNOW,UTTAR PRADESH,GHAZIABAD RO,U152,IP DISPATCH LUCKNOW BRANCH,3,Y
241201,LUCKNOW,UTTAR PRADESH,GHAZIABAD RO,U152,IP DISPATCH LUCKNOW BRANCH,3,Y
241202,LUCKNOW,UTTAR PRADESH,GHAZIABAD RO,U152,IP DISPATCH LUCKNOW BRANCH,3,Y
241203,LUCKNOW,UTTAR PRADESH,GHAZIABAD RO,U152,IP DISPATCH LUCKNOW BRANCH,3,Y
241301,LUCKNOW,UTTAR PRADESH,GHAZIABAD RO,U152,IP DISPATCH LUCKNOW BRANCH,3,Y
241304,LUCKNOW,UTTAR PRADESH,GHAZIABAD RO,U152,IP DISPATCH LUCKNOW BRANCH,3,Y
241305,LUCKNOW,UTTAR PRADESH,GHAZIABAD RO,U152,IP DISPATCH LUCKNOW BRANCH,3,Y
241401,LUCKNOW,UTTAR PRADESH,GHAZIABAD RO,U152,IP DISPATCH LUCKNOW BRANCH,3,Y
241402,LUCKNOW,UTTAR PRADESH,GHAZIABAD RO,U152,IP DISPATCH LUCKNOW BRANCH,3,Y
241403,LUCKNOW,UTTAR PRADESH,GHAZIABAD RO,U152,IP DISPATCH LUCKNOW BRANCH,3,Y
241404,LUCKNOW,UTTAR PRADESH,GHAZIABAD RO,U152,IP DISPATCH LUCKNOW BRANCH,3,Y
241405,LUCKNOW,UTTAR PRADESH,GHAZIABAD RO,U152,IP DISPATCH LUCKNOW BRANCH,3,Y
241406,LUCKNOW,UTTAR PRADESH,GHAZIABAD RO,U152,IP DISPATCH LUCKNOW BRANCH,3,Y
241407,LUCKNOW,UTTAR PRADESH,GHAZIABAD RO,U152,IP DISPATCH LUCKNOW BRANCH,3,Y
242021,GHAZIABAD,UTTAR PRADESH,GHAZIABAD RO,U151,IP DISPATCH GHAZIABAD BRANCH,3,Y
242127,LUCKNOW,UTTAR PRADESH,GHAZIABAD RO,U152,IP DISPATCH LUCKNOW BRANCH,3,Y
242220,LUCKNOW,UTTAR PRADESH,GHAZIABAD RO,U152,IP DISPATCH LUCKNOW BRANCH,3,Y
242301,LUCKNOW,UTTAR PRADESH,GHAZIABAD RO,U152,IP DISPATCH LUCKNOW BRANCH,3,Y
242303,LUCKNOW,UTTAR PRADESH,GHAZIABAD RO,U152,IP DISPATCH LUCKNOW BRANCH,3,Y
242305,LUCKNOW,UTTAR PRADESH,GHAZIABAD RO,U152,IP DISPATCH LUCKNOW BRANCH,3,Y
242307,LUCKNOW,UTTAR PRADESH,GHAZIABAD RO,U152,IP DISPATCH LUCKNOW BRANCH,3,Y
242407,LUCKNOW,UTTAR PRADESH,GHAZIABAD RO,U152,IP DISPATCH LUCKNOW BRANCH,3,Y
243126,GHAZIABAD,UTTAR PRADESH,GHAZIABAD RO,U151,IP DISPATCH GHAZIABAD BRANCH,3,Y
243302,GHAZIABAD,UTTAR PRADESH,GHAZIABAD RO,U151,IP DISPATCH GHAZIABAD BRANCH,3,Y
243303,GHAZIABAD,UTTAR PRADESH,GHAZIABAD RO,U151,IP DISPATCH GHAZIABAD BRANCH,3,Y
243401,GHAZIABAD,UTTAR PRADESH,GHAZIABAD RO,U151,IP DISPATCH GHAZIABAD BRANCH,3,Y
243402,GHAZIABAD,UTTAR PRADESH,GHAZIABAD RO,U151,IP DISPATCH GHAZIABAD BRANCH,3,Y
243403,GHAZIABAD,UTTAR PRADESH,GHAZIABAD RO,U151,IP DISPATCH GHAZIABAD BRANCH,3,Y
243505,GHAZIABAD,UTTAR PRADESH,GHAZIABAD RO,U151,IP DISPATCH GHAZIABAD BRANCH,3,Y
243506,GHAZIABAD,UTTAR PRADESH,GHAZIABAD RO,U151,IP DISPATCH GHAZIABAD BRANCH,3,Y
243630,GHAZIABAD,UTTAR PRADESH,GHAZIABAD RO,U151,IP DISPATCH GHAZIABAD BRANCH,3,Y
243631,GHAZIABAD,UTTAR PRADESH,GHAZIABAD RO,U151,IP DISPATCH GHAZIABAD BRANCH,3,Y
243632,GHAZIABAD,UTTAR PRADESH,GHAZIABAD RO,U151,IP DISPATCH GHAZIABAD BRANCH,3,Y
243634,GHAZIABAD,UTTAR PRADESH,GHAZIABAD RO,U151,IP DISPATCH GHAZIABAD BRANCH,3,Y
243635,GHAZIABAD,UTTAR PRADESH,GHAZIABAD RO,U151,IP DISPATCH GHAZIABAD BRANCH,3,Y
243636,GHAZIABAD,UTTAR PRADESH,GHAZIABAD RO,U151,IP DISPATCH GHAZIABAD BRANCH,3,Y
243637,GHAZIABAD,UTTAR PRADESH,GHAZIABAD RO,U151,IP DISPATCH GHAZIABAD BRANCH,3,Y
243641,GHAZIABAD,UTTAR PRADESH,GHAZIABAD RO,U151,IP DISPATCH GHAZIABAD BRANCH,3,Y
243723,GHAZIABAD,UTTAR PRADESH,GHAZIABAD RO,U151,IP DISPATCH GHAZIABAD BRANCH,3,Y
243724,GHAZIABAD,UTTAR PRADESH,GHAZIABAD RO,U151,IP DISPATCH GHAZIABAD BRANCH,3,Y
243725,GHAZIABAD,UTTAR PRADESH,GHAZIABAD RO,U151,IP DISPATCH GHAZIABAD BRANCH,3,Y
243726,GHAZIABAD,UTTAR PRADESH,GHAZIABAD RO,U151,IP DISPATCH GHAZIABAD BRANCH,3,Y
244103,GHAZIABAD,UTTAR PRADESH,GHAZIABAD RO,U151,IP DISPATCH GHAZIABAD BRANCH,3,Y
244104,GHAZIABAD,UTTAR PRADESH,GHAZIABAD RO,U151,IP DISPATCH GHAZIABAD BRANCH,3,Y
244105,GHAZIABAD,UTTAR PRADESH,GHAZIABAD RO,U151,IP DISPATCH GHAZIABAD BRANCH,3,Y
244225,GHAZIABAD,UTTAR PRADESH,GHAZIABAD RO,U151,IP DISPATCH GHAZIABAD BRANCH,3,Y
244236,GHAZIABAD,UTTAR PRADESH,GHAZIABAD RO,U151,IP DISPATCH GHAZIABAD BRANCH,3,Y
244241,GHAZIABAD,UTTAR PRADESH,GHAZIABAD RO,U151,IP DISPATCH GHAZIABAD BRANCH,3,Y
244242,GHAZIABAD,UTTAR PRADESH,GHAZIABAD RO,U151,IP DISPATCH GHAZIABAD BRANCH,3,Y
244251,GHAZIABAD,UTTAR PRADESH,GHAZIABAD RO,U151,IP DISPATCH GHAZIABAD BRANCH,3,Y
244255,GHAZIABAD,UTTAR PRADESH,GHAZIABAD RO,U151,IP DISPATCH GHAZIABAD BRANCH,3,Y
244701,GHAZIABAD,UTTAR PRADESH,GHAZIABAD RO,U151,IP DISPATCH GHAZIABAD BRANCH,3,Y
244716,DEHRADUN,UTTARAKHAND,GHAZIABAD RO,U154,IP DISPATCH DEHRADUN BRANCH,3,Y
244720,DEHRADUN,UTTARAKHAND,GHAZIABAD RO,U154,IP DISPATCH DEHRADUN BRANCH,3,Y
244922,GHAZIABAD,UTTAR PRADESH,GHAZIABAD RO,U151,IP DISPATCH GHAZIABAD BRANCH,3,Y
244923,GHAZIABAD,UTTAR PRADESH,GHAZIABAD RO,U151,IP DISPATCH GHAZIABAD BRANCH,3,Y
244924,GHAZIABAD,UTTAR PRADESH,GHAZIABAD RO,U151,IP DISPATCH GHAZIABAD BRANCH,3,Y
244926,GHAZIABAD,UTTAR PRADESH,GHAZIABAD RO,U151,IP DISPATCH GHAZIABAD BRANCH,3,Y
244927,GHAZIABAD,UTTAR PRADESH,GHAZIABAD RO,U151,IP DISPATCH GHAZIABAD BRANCH,3,Y
244928,GHAZIABAD,UTTAR PRADESH,GHAZIABAD RO,U151,IP DISPATCH GHAZIABAD BRANCH,3,Y
245201,GHAZIABAD,UTTAR PRADESH,GHAZIABAD RO,U151,IP DISPATCH GHAZIABAD BRANCH,2,Y
245206,GHAZIABAD,UTTAR PRADESH,GHAZIABAD RO,U151,IP DISPATCH GHAZIABAD BRANCH,3,Y
246001,DEHRADUN,UTTARAKHAND,GHAZIABAD RO,U154,IP DISPATCH DEHRADUN BRANCH,3,Y
246113,DEHRADUN,UTTARAKHAND,GHAZIABAD RO,U154,IP DISPATCH DEHRADUN BRANCH,4,Y
246121,DEHRADUN,UTTARAKHAND,GHAZIABAD RO,U154,IP DISPATCH DEHRADUN BRANCH,4,Y
246123,DEHRADUN,UTTARAKHAND,GHAZIABAD RO,U154,IP DISPATCH DEHRADUN BRANCH,4,Y
246124,DEHRADUN,UTTARAKHAND,GHAZIABAD RO,U154,IP DISPATCH DEHRADUN BRANCH,4,Y
246127,DEHRADUN,UTTARAKHAND,GHAZIABAD RO,U154,IP DISPATCH DEHRADUN BRANCH,4,Y
246128,DEHRADUN,UTTARAKHAND,GHAZIABAD RO,U154,IP DISPATCH DEHRADUN BRANCH,4,Y
246129,DEHRADUN,UTTARAKHAND,GHAZIABAD RO,U154,IP DISPATCH DEHRADUN BRANCH,4,Y
246130,DEHRADUN,UTTARAKHAND,GHAZIABAD RO,U154,IP DISPATCH DEHRADUN BRANCH,4,Y
246131,DEHRADUN,UTTARAKHAND,GHAZIABAD RO,U154,IP DISPATCH DEHRADUN BRANCH,4,Y
246141,DEHRADUN,UTTARAKHAND,GHAZIABAD RO,U154,IP DISPATCH DEHRADUN BRANCH,3,Y
246142,DEHRADUN,UTTARAKHAND,GHAZIABAD RO,U154,IP DISPATCH DEHRADUN BRANCH,4,Y
246144,DEHRADUN,UTTARAKHAND,GHAZIABAD RO,U154,IP DISPATCH DEHRADUN BRANCH,4,Y
246146,DEHRADUN,UTTARAKHAND,GHAZIABAD RO,U154,IP DISPATCH DEHRADUN BRANCH,4,Y
246148,DEHRADUN,UTTARAKHAND,GHAZIABAD RO,U154,IP DISPATCH DEHRADUN BRANCH,4,Y
246150,DEHRADUN,UTTARAKHAND,GHAZIABAD RO,U154,IP DISPATCH DEHRADUN BRANCH,3,Y
246155,DEHRADUN,UTTARAKHAND,GHAZIABAD RO,U154,IP DISPATCH DEHRADUN BRANCH,4,Y
246159,DEHRADUN,UTTARAKHAND,GHAZIABAD RO,U154,IP DISPATCH DEHRADUN BRANCH,4,Y
246161,DEHRADUN,UTTARAKHAND,GHAZIABAD RO,U154,IP DISPATCH DEHRADUN BRANCH,6,Y
246162,DEHRADUN,UTTARAKHAND,GHAZIABAD RO,U154,IP DISPATCH DEHRADUN BRANCH,4,Y
246163,DEHRADUN,UTTARAKHAND,GHAZIABAD RO,U154,IP DISPATCH DEHRADUN BRANCH,4,Y
246164,DEHRADUN,UTTARAKHAND,GHAZIABAD RO,U154,IP DISPATCH DEHRADUN BRANCH,4,Y
246165,DEHRADUN,UTTARAKHAND,GHAZIABAD RO,U154,IP DISPATCH DEHRADUN BRANCH,4,Y
246166,DEHRADUN,UTTARAKHAND,GHAZIABAD RO,U154,IP DISPATCH DEHRADUN BRANCH,4,Y
246167,DEHRADUN,UTTARAKHAND,GHAZIABAD RO,U154,IP DISPATCH DEHRADUN BRANCH,4,Y
246169,DEHRADUN,UTTARAKHAND,GHAZIABAD RO,U154,IP DISPATCH DEHRADUN BRANCH,4,Y
246172,DEHRADUN,UTTARAKHAND,GHAZIABAD RO,U154,IP DISPATCH DEHRADUN BRANCH,4,Y
246173,DEHRADUN,UTTARAKHAND,GHAZIABAD RO,U154,IP DISPATCH DEHRADUN BRANCH,4,Y
246175,DEHRADUN,UTTARAKHAND,GHAZIABAD RO,U154,IP DISPATCH DEHRADUN BRANCH,4,Y
246176,DEHRADUN,UTTARAKHAND,GHAZIABAD RO,U154,IP DISPATCH DEHRADUN BRANCH,4,Y
246177,DEHRADUN,UTTARAKHAND,GHAZIABAD RO,U154,IP DISPATCH DEHRADUN BRANCH,4,Y
246178,DEHRADUN,UTTARAKHAND,GHAZIABAD RO,U154,IP DISPATCH DEHRADUN BRANCH,4,Y
246179,DEHRADUN,UTTARAKHAND,GHAZIABAD RO,U154,IP DISPATCH DEHRADUN BRANCH,4,Y
246193,DEHRADUN,UTTARAKHAND,GHAZIABAD RO,U154,IP DISPATCH DEHRADUN BRANCH,4,Y
246194,DEHRADUN,UTTARAKHAND,GHAZIABAD RO,U154,IP DISPATCH DEHRADUN BRANCH,4,Y
246275,DEHRADUN,UTTARAKHAND,GHAZIABAD RO,U154,IP DISPATCH DEHRADUN BRANCH,5,Y
246276,DEHRADUN,UTTARAKHAND,GHAZIABAD RO,U154,IP DISPATCH DEHRADUN BRANCH,5,Y
246277,DEHRADUN,UTTARAKHAND,GHAZIABAD RO,U154,IP DISPATCH DEHRADUN BRANCH,5,Y
246278,DEHRADUN,UTTARAKHAND,GHAZIABAD RO,U154,IP DISPATCH DEHRADUN BRANCH,5,Y
246279,DEHRADUN,UTTARAKHAND,GHAZIABAD RO,U154,IP DISPATCH DEHRADUN BRANCH,5,Y
246285,DEHRADUN,UTTARAKHAND,GHAZIABAD RO,U154,IP DISPATCH DEHRADUN BRANCH,4,Y
246401,DEHRADUN,UTTARAKHAND,GHAZIABAD RO,U154,IP DISPATCH DEHRADUN BRANCH,3,Y
246419,DEHRADUN,UTTARAKHAND,GHAZIABAD RO,U154,IP DISPATCH DEHRADUN BRANCH,3,Y
246421,DEHRADUN,UTTARAKHAND,GHAZIABAD RO,U154,IP DISPATCH DEHRADUN BRANCH,3,Y
246422,DEHRADUN,UTTARAKHAND,GHAZIABAD RO,U154,IP DISPATCH DEHRADUN BRANCH,3,Y
246424,DEHRADUN,UTTARAKHAND,GHAZIABAD RO,U154,IP DISPATCH DEHRADUN BRANCH,3,Y
246425,DEHRADUN,UTTARAKHAND,GHAZIABAD RO,U154,IP DISPATCH DEHRADUN BRANCH,3,Y
246426,DEHRADUN,UTTARAKHAND,GHAZIABAD RO,U154,IP DISPATCH DEHRADUN BRANCH,4,Y
246427,DEHRADUN,UTTARAKHAND,GHAZIABAD RO,U154,IP DISPATCH DEHRADUN BRANCH,4,Y
246431,DEHRADUN,UTTARAKHAND,GHAZIABAD RO,U154,IP DISPATCH DEHRADUN BRANCH,4,Y
246435,DEHRADUN,UTTARAKHAND,GHAZIABAD RO,U154,IP DISPATCH DEHRADUN BRANCH,4,Y
246439,DEHRADUN,UTTARAKHAND,GHAZIABAD RO,U154,IP DISPATCH DEHRADUN BRANCH,3,Y
246440,DEHRADUN,UTTARAKHAND,GHAZIABAD RO,U154,IP DISPATCH DEHRADUN BRANCH,4,Y
246441,DEHRADUN,UTTARAKHAND,GHAZIABAD RO,U154,IP DISPATCH DEHRADUN BRANCH,4,Y
246442,DEHRADUN,UTTARAKHAND,GHAZIABAD RO,U154,IP DISPATCH DEHRADUN BRANCH,3,Y
246443,DEHRADUN,UTTARAKHAND,GHAZIABAD RO,U154,IP DISPATCH DEHRADUN BRANCH,3,Y
246445,DEHRADUN,UTTARAKHAND,GHAZIABAD RO,U154,IP DISPATCH DEHRADUN BRANCH,4,Y
246446,DEHRADUN,UTTARAKHAND,GHAZIABAD RO,U154,IP DISPATCH DEHRADUN BRANCH,3,Y
246448,DEHRADUN,UTTARAKHAND,GHAZIABAD RO,U154,IP DISPATCH DEHRADUN BRANCH,3,Y
246449,DEHRADUN,UTTARAKHAND,GHAZIABAD RO,U154,IP DISPATCH DEHRADUN BRANCH,3,Y
246453,DEHRADUN,UTTARAKHAND,GHAZIABAD RO,U154,IP DISPATCH DEHRADUN BRANCH,4,Y
246455,DEHRADUN,UTTARAKHAND,GHAZIABAD RO,U154,IP DISPATCH DEHRADUN BRANCH,4,Y
246469,DEHRADUN,UTTARAKHAND,GHAZIABAD RO,U154,IP DISPATCH DEHRADUN BRANCH,3,Y
246471,DEHRADUN,UTTARAKHAND,GHAZIABAD RO,U154,IP DISPATCH DEHRADUN BRANCH,3,Y
246472,DEHRADUN,UTTARAKHAND,GHAZIABAD RO,U154,IP DISPATCH DEHRADUN BRANCH,3,Y
246473,DEHRADUN,UTTARAKHAND,GHAZIABAD RO,U154,IP DISPATCH DEHRADUN BRANCH,3,Y
246474,DEHRADUN,UTTARAKHAND,GHAZIABAD RO,U154,IP DISPATCH DEHRADUN BRANCH,4,Y
246475,DEHRADUN,UTTARAKHAND,GHAZIABAD RO,U154,IP DISPATCH DEHRADUN BRANCH,3,Y
246481,DEHRADUN,UTTARAKHAND,GHAZIABAD RO,U154,IP DISPATCH DEHRADUN BRANCH,4,Y
246482,DEHRADUN,UTTARAKHAND,GHAZIABAD RO,U154,IP DISPATCH DEHRADUN BRANCH,4,Y
246483,DEHRADUN,UTTARAKHAND,GHAZIABAD RO,U154,IP DISPATCH DEHRADUN BRANCH,4,Y
246486,DEHRADUN,UTTARAKHAND,GHAZIABAD RO,U154,IP DISPATCH DEHRADUN BRANCH,4,Y
246487,DEHRADUN,UTTARAKHAND,GHAZIABAD RO,U154,IP DISPATCH DEHRADUN BRANCH,4,Y
246488,DEHRADUN,UTTARAKHAND,GHAZIABAD RO,U154,IP DISPATCH DEHRADUN BRANCH,4,Y
246495,DEHRADUN,UTTARAKHAND,GHAZIABAD RO,U154,IP DISPATCH DEHRADUN BRANCH,3,Y
246723,GHAZIABAD,UTTAR PRADESH,GHAZIABAD RO,U151,IP DISPATCH GHAZIABAD BRANCH,3,Y
246724,GHAZIABAD,UTTAR PRADESH,GHAZIABAD RO,U151,IP DISPATCH GHAZIABAD BRANCH,3,Y
246727,GHAZIABAD,UTTAR PRADESH,GHAZIABAD RO,U151,IP DISPATCH GHAZIABAD BRANCH,3,Y
246729,GHAZIABAD,UTTAR PRADESH,GHAZIABAD RO,U151,IP DISPATCH GHAZIABAD BRANCH,3,Y
246732,GHAZIABAD,UTTAR PRADESH,GHAZIABAD RO,U151,IP DISPATCH GHAZIABAD BRANCH,3,Y
246735,GHAZIABAD,UTTAR PRADESH,GHAZIABAD RO,U151,IP DISPATCH GHAZIABAD BRANCH,3,Y
246736,GHAZIABAD,UTTAR PRADESH,GHAZIABAD RO,U151,IP DISPATCH GHAZIABAD BRANCH,3,Y
246737,GHAZIABAD,UTTAR PRADESH,GHAZIABAD RO,U151,IP DISPATCH GHAZIABAD BRANCH,3,Y
246745,GHAZIABAD,UTTAR PRADESH,GHAZIABAD RO,U151,IP DISPATCH GHAZIABAD BRANCH,3,Y
246746,GHAZIABAD,UTTAR PRADESH,GHAZIABAD RO,U151,IP DISPATCH GHAZIABAD BRANCH,3,Y
246749,GHAZIABAD,UTTAR PRADESH,GHAZIABAD RO,U151,IP DISPATCH GHAZIABAD BRANCH,3,Y
246764,GHAZIABAD,UTTAR PRADESH,GHAZIABAD RO,U151,IP DISPATCH GHAZIABAD BRANCH,3,Y
247002,GHAZIABAD,UTTAR PRADESH,GHAZIABAD RO,U151,IP DISPATCH GHAZIABAD BRANCH,3,Y
247120,GHAZIABAD,UTTAR PRADESH,GHAZIABAD RO,U151,IP DISPATCH GHAZIABAD BRANCH,3,Y
247122,GHAZIABAD,UTTAR PRADESH,GHAZIABAD RO,U151,IP DISPATCH GHAZIABAD BRANCH,3,Y
247129,GHAZIABAD,UTTAR PRADESH,GHAZIABAD RO,U151,IP DISPATCH GHAZIABAD BRANCH,3,Y
247231,GHAZIABAD,UTTAR PRADESH,GHAZIABAD RO,U151,IP DISPATCH GHAZIABAD BRANCH,3,Y
247232,GHAZIABAD,UTTAR PRADESH,GHAZIABAD RO,U151,IP DISPATCH GHAZIABAD BRANCH,3,Y
247340,GHAZIABAD,UTTAR PRADESH,GHAZIABAD RO,U151,IP DISPATCH GHAZIABAD BRANCH,3,Y
247342,GHAZIABAD,UTTAR PRADESH,GHAZIABAD RO,U151,IP DISPATCH GHAZIABAD BRANCH,3,Y
247343,GHAZIABAD,UTTAR PRADESH,GHAZIABAD RO,U151,IP DISPATCH GHAZIABAD BRANCH,3,Y
247451,GHAZIABAD,UTTAR PRADESH,GHAZIABAD RO,U151,IP DISPATCH GHAZIABAD BRANCH,3,Y
247452,GHAZIABAD,UTTAR PRADESH,GHAZIABAD RO,U151,IP DISPATCH GHAZIABAD BRANCH,3,Y
247453,GHAZIABAD,UTTAR PRADESH,GHAZIABAD RO,U151,IP DISPATCH GHAZIABAD BRANCH,3,Y
247551,GHAZIABAD,UTTAR PRADESH,GHAZIABAD RO,U151,IP DISPATCH GHAZIABAD BRANCH,3,Y
247552,GHAZIABAD,UTTAR PRADESH,GHAZIABAD RO,U151,IP DISPATCH GHAZIABAD BRANCH,3,Y
247658,DEHRADUN,UTTARAKHAND,GHAZIABAD RO,U154,IP DISPATCH DEHRADUN BRANCH,2,Y
247668,DEHRADUN,UTTARAKHAND,GHAZIABAD RO,U154,IP DISPATCH DEHRADUN BRANCH,2,Y
247669,GHAZIABAD,UTTAR PRADESH,GHAZIABAD RO,U151,IP DISPATCH GHAZIABAD BRANCH,3,Y
247670,DEHRADUN,UTTARAKHAND,GHAZIABAD RO,U154,IP DISPATCH DEHRADUN BRANCH,2,Y
247671,DEHRADUN,UTTARAKHAND,GHAZIABAD RO,U154,IP DISPATCH DEHRADUN BRANCH,2,Y
247771,GHAZIABAD,UTTAR PRADESH,GHAZIABAD RO,U151,IP DISPATCH GHAZIABAD BRANCH,3,Y
247772,GHAZIABAD,UTTAR PRADESH,GHAZIABAD RO,U151,IP DISPATCH GHAZIABAD BRANCH,3,Y
247773,GHAZIABAD,UTTAR PRADESH,GHAZIABAD RO,U151,IP DISPATCH GHAZIABAD BRANCH,3,Y
247775,GHAZIABAD,UTTAR PRADESH,GHAZIABAD RO,U151,IP DISPATCH GHAZIABAD BRANCH,3,Y
247778,GHAZIABAD,UTTAR PRADESH,GHAZIABAD RO,U151,IP DISPATCH GHAZIABAD BRANCH,3,Y
248123,DEHRADUN,UTTARAKHAND,GHAZIABAD RO,U154,IP DISPATCH DEHRADUN BRANCH,2,Y
248124,DEHRADUN,UTTARAKHAND,GHAZIABAD RO,U154,IP DISPATCH DEHRADUN BRANCH,3,Y
248158,DEHRADUN,UTTARAKHAND,GHAZIABAD RO,U154,IP DISPATCH DEHRADUN BRANCH,2,Y
248159,DEHRADUN,UTTARAKHAND,GHAZIABAD RO,U154,IP DISPATCH DEHRADUN BRANCH,2,Y
248165,DEHRADUN,UTTARAKHAND,GHAZIABAD RO,U154,IP DISPATCH DEHRADUN BRANCH,2,Y
248196,DEHRADUN,UTTARAKHAND,GHAZIABAD RO,U154,IP DISPATCH DEHRADUN BRANCH,2,Y
248199,DEHRADUN,UTTARAKHAND,GHAZIABAD RO,U154,IP DISPATCH DEHRADUN BRANCH,3,Y
249121,DEHRADUN,UTTARAKHAND,GHAZIABAD RO,U154,IP DISPATCH DEHRADUN BRANCH,3,Y
249122,DEHRADUN,UTTARAKHAND,GHAZIABAD RO,U154,IP DISPATCH DEHRADUN BRANCH,3,Y
249123,DEHRADUN,UTTARAKHAND,GHAZIABAD RO,U154,IP DISPATCH DEHRADUN BRANCH,3,Y
249124,DEHRADUN,UTTARAKHAND,GHAZIABAD RO,U154,IP DISPATCH DEHRADUN BRANCH,2,Y
249125,DEHRADUN,UTTARAKHAND,GHAZIABAD RO,U154,IP DISPATCH DEHRADUN BRANCH,4,Y
249126,DEHRADUN,UTTARAKHAND,GHAZIABAD RO,U154,IP DISPATCH DEHRADUN BRANCH,2,Y
249127,DEHRADUN,UTTARAKHAND,GHAZIABAD RO,U154,IP DISPATCH DEHRADUN BRANCH,4,Y
249128,DEHRADUN,UTTARAKHAND,GHAZIABAD RO,U154,IP DISPATCH DEHRADUN BRANCH,4,Y
249130,DEHRADUN,UTTARAKHAND,GHAZIABAD RO,U154,IP DISPATCH DEHRADUN BRANCH,2,Y
249131,DEHRADUN,UTTARAKHAND,GHAZIABAD RO,U154,IP DISPATCH DEHRADUN BRANCH,2,Y
249132,DEHRADUN,UTTARAKHAND,GHAZIABAD RO,U154,IP DISPATCH DEHRADUN BRANCH,2,Y
249135,DEHRADUN,UTTARAKHAND,GHAZIABAD RO,U154,IP DISPATCH DEHRADUN BRANCH,3,Y
249136,DEHRADUN,UTTARAKHAND,GHAZIABAD RO,U154,IP DISPATCH DEHRADUN BRANCH,4,Y
249137,DEHRADUN,UTTARAKHAND,GHAZIABAD RO,U154,IP DISPATCH DEHRADUN BRANCH,2,Y
249146,DEHRADUN,UTTARAKHAND,GHAZIABAD RO,U154,IP DISPATCH DEHRADUN BRANCH,2,Y
249151,DEHRADUN,UTTARAKHAND,GHAZIABAD RO,U154,IP DISPATCH DEHRADUN BRANCH,2,Y
249152,DEHRADUN,UTTARAKHAND,GHAZIABAD RO,U154,IP DISPATCH DEHRADUN BRANCH,3,Y
249165,DEHRADUN,UTTARAKHAND,GHAZIABAD RO,U154,IP DISPATCH DEHRADUN BRANCH,2,Y
249171,DEHRADUN,UTTARAKHAND,GHAZIABAD RO,U154,IP DISPATCH DEHRADUN BRANCH,2,Y
249180,DEHRADUN,UTTARAKHAND,GHAZIABAD RO,U154,IP DISPATCH DEHRADUN BRANCH,2,Y
249181,DEHRADUN,UTTARAKHAND,GHAZIABAD RO,U154,IP DISPATCH DEHRADUN BRANCH,4,Y
249186,DEHRADUN,UTTARAKHAND,GHAZIABAD RO,U154,IP DISPATCH DEHRADUN BRANCH,3,Y
249194,DEHRADUN,UTTARAKHAND,GHAZIABAD RO,U154,IP DISPATCH DEHRADUN BRANCH,2,Y
249196,DEHRADUN,UTTARAKHAND,GHAZIABAD RO,U154,IP DISPATCH DEHRADUN BRANCH,2,Y
249199,DEHRADUN,UTTARAKHAND,GHAZIABAD RO,U154,IP DISPATCH DEHRADUN BRANCH,2,Y
249301,DEHRADUN,UTTARAKHAND,GHAZIABAD RO,U154,IP DISPATCH DEHRADUN BRANCH,3,Y
249302,DEHRADUN,UTTARAKHAND,GHAZIABAD RO,U154,IP DISPATCH DEHRADUN BRANCH,3,Y
249304,DEHRADUN,UTTARAKHAND,GHAZIABAD RO,U154,IP DISPATCH DEHRADUN BRANCH,3,Y
249306,DEHRADUN,UTTARAKHAND,GHAZIABAD RO,U154,IP DISPATCH DEHRADUN BRANCH,3,Y
250106,GHAZIABAD,UTTAR PRADESH,GHAZIABAD RO,U151,IP DISPATCH GHAZIABAD BRANCH,3,Y
250205,GHAZIABAD,UTTAR PRADESH,GHAZIABAD RO,U151,IP DISPATCH GHAZIABAD BRANCH,3,Y
250221,GHAZIABAD,UTTAR PRADESH,GHAZIABAD RO,U151,IP DISPATCH GHAZIABAD BRANCH,3,Y
250222,GHAZIABAD,UTTAR PRADESH,GHAZIABAD RO,U151,IP DISPATCH GHAZIABAD BRANCH,3,Y
250223,GHAZIABAD,UTTAR PRADESH,GHAZIABAD RO,U151,IP DISPATCH GHAZIABAD BRANCH,3,Y
250341,GHAZIABAD,UTTAR PRADESH,GHAZIABAD RO,U151,IP DISPATCH GHAZIABAD BRANCH,3,Y
250344,GHAZIABAD,UTTAR PRADESH,GHAZIABAD RO,U151,IP DISPATCH GHAZIABAD BRANCH,3,Y
250345,GHAZIABAD,UTTAR PRADESH,GHAZIABAD RO,U151,IP DISPATCH GHAZIABAD BRANCH,3,Y
250402,GHAZIABAD,UTTAR PRADESH,GHAZIABAD RO,U151,IP DISPATCH GHAZIABAD BRANCH,3,Y
250404,GHAZIABAD,UTTAR PRADESH,GHAZIABAD RO,U151,IP DISPATCH GHAZIABAD BRANCH,3,Y
250406,GHAZIABAD,UTTAR PRADESH,GHAZIABAD RO,U151,IP DISPATCH GHAZIABAD BRANCH,3,Y
250501,GHAZIABAD,UTTAR PRADESH,GHAZIABAD RO,U151,IP DISPATCH GHAZIABAD BRANCH,3,Y
250606,GHAZIABAD,UTTAR PRADESH,GHAZIABAD RO,U151,IP DISPATCH GHAZIABAD BRANCH,3,Y
250615,GHAZIABAD,UTTAR PRADESH,GHAZIABAD RO,U151,IP DISPATCH GHAZIABAD BRANCH,3,Y
250617,GHAZIABAD,UTTAR PRADESH,GHAZIABAD RO,U151,IP DISPATCH GHAZIABAD BRANCH,3,Y
250619,GHAZIABAD,UTTAR PRADESH,GHAZIABAD RO,U151,IP DISPATCH GHAZIABAD BRANCH,3,Y
250620,GHAZIABAD,UTTAR PRADESH,GHAZIABAD RO,U151,IP DISPATCH GHAZIABAD BRANCH,3,Y
250621,GHAZIABAD,UTTAR PRADESH,GHAZIABAD RO,U151,IP DISPATCH GHAZIABAD BRANCH,3,Y
250622,GHAZIABAD,UTTAR PRADESH,GHAZIABAD RO,U151,IP DISPATCH GHAZIABAD BRANCH,3,Y
250623,GHAZIABAD,UTTAR PRADESH,GHAZIABAD RO,U151,IP DISPATCH GHAZIABAD BRANCH,3,Y
250625,GHAZIABAD,UTTAR PRADESH,GHAZIABAD RO,U151,IP DISPATCH GHAZIABAD BRANCH,3,Y
250626,GHAZIABAD,UTTAR PRADESH,GHAZIABAD RO,U151,IP DISPATCH GHAZIABAD BRANCH,3,Y
251301,GHAZIABAD,UTTAR PRADESH,GHAZIABAD RO,U151,IP DISPATCH GHAZIABAD BRANCH,3,Y
251306,GHAZIABAD,UTTAR PRADESH,GHAZIABAD RO,U151,IP DISPATCH GHAZIABAD BRANCH,3,Y
251310,GHAZIABAD,UTTAR PRADESH,GHAZIABAD RO,U151,IP DISPATCH GHAZIABAD BRANCH,3,Y
251316,GHAZIABAD,UTTAR PRADESH,GHAZIABAD RO,U151,IP DISPATCH GHAZIABAD BRANCH,3,Y
251319,GHAZIABAD,UTTAR PRADESH,GHAZIABAD RO,U151,IP DISPATCH GHAZIABAD BRANCH,3,Y
251320,GHAZIABAD,UTTAR PRADESH,GHAZIABAD RO,U151,IP DISPATCH GHAZIABAD BRANCH,3,Y
261121,LUCKNOW,UTTAR PRADESH,GHAZIABAD RO,U152,IP DISPATCH LUCKNOW BRANCH,3,Y
261131,LUCKNOW,UTTAR PRADESH,GHAZIABAD RO,U152,IP DISPATCH LUCKNOW BRANCH,3,Y
261135,LUCKNOW,UTTAR PRADESH,GHAZIABAD RO,U152,IP DISPATCH LUCKNOW BRANCH,3,Y
261141,LUCKNOW,UTTAR PRADESH,GHAZIABAD RO,U152,IP DISPATCH LUCKNOW BRANCH,3,Y
261151,LUCKNOW,UTTAR PRADESH,GHAZIABAD RO,U152,IP DISPATCH LUCKNOW BRANCH,3,Y
261201,LUCKNOW,UTTAR PRADESH,GHAZIABAD RO,U152,IP DISPATCH LUCKNOW BRANCH,3,Y
261202,LUCKNOW,UTTAR PRADESH,GHAZIABAD RO,U152,IP DISPATCH LUCKNOW BRANCH,3,Y
261204,LUCKNOW,UTTAR PRADESH,GHAZIABAD RO,U152,IP DISPATCH LUCKNOW BRANCH,3,Y
261205,LUCKNOW,UTTAR PRADESH,GHAZIABAD RO,U152,IP DISPATCH LUCKNOW BRANCH,3,Y
261208,LUCKNOW,UTTAR PRADESH,GHAZIABAD RO,U152,IP DISPATCH LUCKNOW BRANCH,3,Y
261301,LUCKNOW,UTTAR PRADESH,GHAZIABAD RO,U152,IP DISPATCH LUCKNOW BRANCH,3,Y
261302,LUCKNOW,UTTAR PRADESH,GHAZIABAD RO,U152,IP DISPATCH LUCKNOW BRANCH,3,Y
261303,LUCKNOW,UTTAR PRADESH,GHAZIABAD RO,U152,IP DISPATCH LUCKNOW BRANCH,3,Y
261304,LUCKNOW,UTTAR PRADESH,GHAZIABAD RO,U152,IP DISPATCH LUCKNOW BRANCH,3,Y
261401,LUCKNOW,UTTAR PRADESH,GHAZIABAD RO,U152,IP DISPATCH LUCKNOW BRANCH,3,Y
261402,LUCKNOW,UTTAR PRADESH,GHAZIABAD RO,U152,IP DISPATCH LUCKNOW BRANCH,3,Y
261502,LUCKNOW,UTTAR PRADESH,GHAZIABAD RO,U152,IP DISPATCH LUCKNOW BRANCH,3,Y
261505,LUCKNOW,UTTAR PRADESH,GHAZIABAD RO,U152,IP DISPATCH LUCKNOW BRANCH,3,Y
262121,GHAZIABAD,UTTAR PRADESH,GHAZIABAD RO,U151,IP DISPATCH GHAZIABAD BRANCH,3,Y
262123,GHAZIABAD,UTTAR PRADESH,GHAZIABAD RO,U151,IP DISPATCH GHAZIABAD BRANCH,3,Y
262124,GHAZIABAD,UTTAR PRADESH,GHAZIABAD RO,U151,IP DISPATCH GHAZIABAD BRANCH,3,Y
262202,GHAZIABAD,UTTAR PRADESH,GHAZIABAD RO,U151,IP DISPATCH GHAZIABAD BRANCH,3,Y
262203,GHAZIABAD,UTTAR PRADESH,GHAZIABAD RO,U151,IP DISPATCH GHAZIABAD BRANCH,3,Y
262302,GHAZIABAD,UTTAR PRADESH,GHAZIABAD RO,U151,IP DISPATCH GHAZIABAD BRANCH,3,Y
262305,GHAZIABAD,UTTAR PRADESH,GHAZIABAD RO,U151,IP DISPATCH GHAZIABAD BRANCH,3,Y
262406,GHAZIABAD,UTTAR PRADESH,GHAZIABAD RO,U151,IP DISPATCH GHAZIABAD BRANCH,3,Y
262520,DEHRADUN,UTTARAKHAND,GHAZIABAD RO,U154,IP DISPATCH DEHRADUN BRANCH,5,Y
262521,DEHRADUN,UTTARAKHAND,GHAZIABAD RO,U154,IP DISPATCH DEHRADUN BRANCH,5,Y
262522,DEHRADUN,UTTARAKHAND,GHAZIABAD RO,U154,IP DISPATCH DEHRADUN BRANCH,5,Y
262523,DEHRADUN,UTTARAKHAND,GHAZIABAD RO,U154,IP DISPATCH DEHRADUN BRANCH,4,Y
262524,DEHRADUN,UTTARAKHAND,GHAZIABAD RO,U154,IP DISPATCH DEHRADUN BRANCH,4,Y
262525,DEHRADUN,UTTARAKHAND,GHAZIABAD RO,U154,IP DISPATCH DEHRADUN BRANCH,4,Y
262526,DEHRADUN,UTTARAKHAND,GHAZIABAD RO,U154,IP DISPATCH DEHRADUN BRANCH,5,Y
262527,DEHRADUN,UTTARAKHAND,GHAZIABAD RO,U154,IP DISPATCH DEHRADUN BRANCH,5,Y
262528,DEHRADUN,UTTARAKHAND,GHAZIABAD RO,U154,IP DISPATCH DEHRADUN BRANCH,5,Y
262529,DEHRADUN,UTTARAKHAND,GHAZIABAD RO,U154,IP DISPATCH DEHRADUN BRANCH,4,Y
262530,DEHRADUN,UTTARAKHAND,GHAZIABAD RO,U154,IP DISPATCH DEHRADUN BRANCH,4,Y
262532,DEHRADUN,UTTARAKHAND,GHAZIABAD RO,U154,IP DISPATCH DEHRADUN BRANCH,5,Y
262533,DEHRADUN,UTTARAKHAND,GHAZIABAD RO,U154,IP DISPATCH DEHRADUN BRANCH,6,Y
262534,DEHRADUN,UTTARAKHAND,GHAZIABAD RO,U154,IP DISPATCH DEHRADUN BRANCH,6,Y
262540,DEHRADUN,UTTARAKHAND,GHAZIABAD RO,U154,IP DISPATCH DEHRADUN BRANCH,5,Y
262541,DEHRADUN,UTTARAKHAND,GHAZIABAD RO,U154,IP DISPATCH DEHRADUN BRANCH,5,Y
262542,DEHRADUN,UTTARAKHAND,GHAZIABAD RO,U154,IP DISPATCH DEHRADUN BRANCH,5,Y
262543,DEHRADUN,UTTARAKHAND,GHAZIABAD RO,U154,IP DISPATCH DEHRADUN BRANCH,5,Y
262544,DEHRADUN,UTTARAKHAND,GHAZIABAD RO,U154,IP DISPATCH DEHRADUN BRANCH,5,Y
262546,DEHRADUN,UTTARAKHAND,GHAZIABAD RO,U154,IP DISPATCH DEHRADUN BRANCH,6,Y
262547,DEHRADUN,UTTARAKHAND,GHAZIABAD RO,U154,IP DISPATCH DEHRADUN BRANCH,6,Y
262550,DEHRADUN,UTTARAKHAND,GHAZIABAD RO,U154,IP DISPATCH DEHRADUN BRANCH,5,Y
262551,DEHRADUN,UTTARAKHAND,GHAZIABAD RO,U154,IP DISPATCH DEHRADUN BRANCH,5,Y
262552,DEHRADUN,UTTARAKHAND,GHAZIABAD RO,U154,IP DISPATCH DEHRADUN BRANCH,5,Y
262553,DEHRADUN,UTTARAKHAND,GHAZIABAD RO,U154,IP DISPATCH DEHRADUN BRANCH,5,Y
262554,DEHRADUN,UTTARAKHAND,GHAZIABAD RO,U154,IP DISPATCH DEHRADUN BRANCH,5,Y
262555,DEHRADUN,UTTARAKHAND,GHAZIABAD RO,U154,IP DISPATCH DEHRADUN BRANCH,6,Y
262561,DEHRADUN,UTTARAKHAND,GHAZIABAD RO,U154,IP DISPATCH DEHRADUN BRANCH,5,Y
262572,DEHRADUN,UTTARAKHAND,GHAZIABAD RO,U154,IP DISPATCH DEHRADUN BRANCH,5,Y
262576,DEHRADUN,UTTARAKHAND,GHAZIABAD RO,U154,IP DISPATCH DEHRADUN BRANCH,5,Y
262580,DEHRADUN,UTTARAKHAND,GHAZIABAD RO,U154,IP DISPATCH DEHRADUN BRANCH,5,Y
262702,LUCKNOW,UTTAR PRADESH,GHAZIABAD RO,U152,IP DISPATCH LUCKNOW BRANCH,3,Y
262723,LUCKNOW,UTTAR PRADESH,GHAZIABAD RO,U152,IP DISPATCH LUCKNOW BRANCH,3,Y
262724,LUCKNOW,UTTAR PRADESH,GHAZIABAD RO,U152,IP DISPATCH LUCKNOW BRANCH,3,Y
262726,LUCKNOW,UTTAR PRADESH,GHAZIABAD RO,U152,IP DISPATCH LUCKNOW BRANCH,3,Y
262727,LUCKNOW,UTTAR PRADESH,GHAZIABAD RO,U152,IP DISPATCH LUCKNOW BRANCH,3,Y
262728,LUCKNOW,UTTAR PRADESH,GHAZIABAD RO,U152,IP DISPATCH LUCKNOW BRANCH,3,Y
262801,LUCKNOW,UTTAR PRADESH,GHAZIABAD RO,U152,IP DISPATCH LUCKNOW BRANCH,3,Y
262904,LUCKNOW,UTTAR PRADESH,GHAZIABAD RO,U152,IP DISPATCH LUCKNOW BRANCH,3,Y
262905,LUCKNOW,UTTAR PRADESH,GHAZIABAD RO,U152,IP DISPATCH LUCKNOW BRANCH,3,Y
262907,LUCKNOW,UTTAR PRADESH,GHAZIABAD RO,U152,IP DISPATCH LUCKNOW BRANCH,3,Y
262908,LUCKNOW,UTTAR PRADESH,GHAZIABAD RO,U152,IP DISPATCH LUCKNOW BRANCH,3,Y
263127,DEHRADUN,UTTARAKHAND,GHAZIABAD RO,U154,IP DISPATCH DEHRADUN BRANCH,3,Y
263128,DEHRADUN,UTTARAKHAND,GHAZIABAD RO,U154,IP DISPATCH DEHRADUN BRANCH,3,Y
263150,DEHRADUN,UTTARAKHAND,GHAZIABAD RO,U154,IP DISPATCH DEHRADUN BRANCH,3,Y
263156,DEHRADUN,UTTARAKHAND,GHAZIABAD RO,U154,IP DISPATCH DEHRADUN BRANCH,4,Y
263157,DEHRADUN,UTTARAKHAND,GHAZIABAD RO,U154,IP DISPATCH DEHRADUN BRANCH,4,Y
263158,DEHRADUN,UTTARAKHAND,GHAZIABAD RO,U154,IP DISPATCH DEHRADUN BRANCH,4,Y
263619,DEHRADUN,UTTARAKHAND,GHAZIABAD RO,U154,IP DISPATCH DEHRADUN BRANCH,4,Y
263621,DEHRADUN,UTTARAKHAND,GHAZIABAD RO,U154,IP DISPATCH DEHRADUN BRANCH,3,Y
263622,DEHRADUN,UTTARAKHAND,GHAZIABAD RO,U154,IP DISPATCH DEHRADUN BRANCH,3,Y
263623,DEHRADUN,UTTARAKHAND,GHAZIABAD RO,U154,IP DISPATCH DEHRADUN BRANCH,3,Y
263624,DEHRADUN,UTTARAKHAND,GHAZIABAD RO,U154,IP DISPATCH DEHRADUN BRANCH,3,Y
263625,DEHRADUN,UTTARAKHAND,GHAZIABAD RO,U154,IP DISPATCH DEHRADUN BRANCH,3,Y
263626,DEHRADUN,UTTARAKHAND,GHAZIABAD RO,U154,IP DISPATCH DEHRADUN BRANCH,3,Y
263628,DEHRADUN,UTTARAKHAND,GHAZIABAD RO,U154,IP DISPATCH DEHRADUN BRANCH,3,Y
263629,DEHRADUN,UTTARAKHAND,GHAZIABAD RO,U154,IP DISPATCH DEHRADUN BRANCH,3,Y
263630,DEHRADUN,UTTARAKHAND,GHAZIABAD RO,U154,IP DISPATCH DEHRADUN BRANCH,3,Y
263631,DEHRADUN,UTTARAKHAND,GHAZIABAD RO,U154,IP DISPATCH DEHRADUN BRANCH,4,Y
263632,DEHRADUN,UTTARAKHAND,GHAZIABAD RO,U154,IP DISPATCH DEHRADUN BRANCH,4,Y
263633,DEHRADUN,UTTARAKHAND,GHAZIABAD RO,U154,IP DISPATCH DEHRADUN BRANCH,4,Y
263634,DEHRADUN,UTTARAKHAND,GHAZIABAD RO,U154,IP DISPATCH DEHRADUN BRANCH,4,Y
263636,DEHRADUN,UTTARAKHAND,GHAZIABAD RO,U154,IP DISPATCH DEHRADUN BRANCH,3,Y
263637,DEHRADUN,UTTARAKHAND,GHAZIABAD RO,U154,IP DISPATCH DEHRADUN BRANCH,3,Y
263638,DEHRADUN,UTTARAKHAND,GHAZIABAD RO,U154,IP DISPATCH DEHRADUN BRANCH,3,Y
263640,DEHRADUN,UTTARAKHAND,GHAZIABAD RO,U154,IP DISPATCH DEHRADUN BRANCH,4,Y
263643,DEHRADUN,UTTARAKHAND,GHAZIABAD RO,U154,IP DISPATCH DEHRADUN BRANCH,3,Y
263646,DEHRADUN,UTTARAKHAND,GHAZIABAD RO,U154,IP DISPATCH DEHRADUN BRANCH,4,Y
263651,DEHRADUN,UTTARAKHAND,GHAZIABAD RO,U154,IP DISPATCH DEHRADUN BRANCH,4,Y
263652,DEHRADUN,UTTARAKHAND,GHAZIABAD RO,U154,IP DISPATCH DEHRADUN BRANCH,3,Y
263653,DEHRADUN,UTTARAKHAND,GHAZIABAD RO,U154,IP DISPATCH DEHRADUN BRANCH,4,Y
263655,DEHRADUN,UTTARAKHAND,GHAZIABAD RO,U154,IP DISPATCH DEHRADUN BRANCH,3,Y
263658,DEHRADUN,UTTARAKHAND,GHAZIABAD RO,U154,IP DISPATCH DEHRADUN BRANCH,4,Y
263659,DEHRADUN,UTTARAKHAND,GHAZIABAD RO,U154,IP DISPATCH DEHRADUN BRANCH,4,Y
263660,DEHRADUN,UTTARAKHAND,GHAZIABAD RO,U154,IP DISPATCH DEHRADUN BRANCH,4,Y
263661,DEHRADUN,UTTARAKHAND,GHAZIABAD RO,U154,IP DISPATCH DEHRADUN BRANCH,4,Y
263663,DEHRADUN,UTTARAKHAND,GHAZIABAD RO,U154,IP DISPATCH DEHRADUN BRANCH,4,Y
263664,DEHRADUN,UTTARAKHAND,GHAZIABAD RO,U154,IP DISPATCH DEHRADUN BRANCH,4,Y
263665,DEHRADUN,UTTARAKHAND,GHAZIABAD RO,U154,IP DISPATCH DEHRADUN BRANCH,4,Y
263667,DEHRADUN,UTTARAKHAND,GHAZIABAD RO,U154,IP DISPATCH DEHRADUN BRANCH,4,Y
263676,DEHRADUN,UTTARAKHAND,GHAZIABAD RO,U154,IP DISPATCH DEHRADUN BRANCH,4,Y
263678,DEHRADUN,UTTARAKHAND,GHAZIABAD RO,U154,IP DISPATCH DEHRADUN BRANCH,3,Y
263679,DEHRADUN,UTTARAKHAND,GHAZIABAD RO,U154,IP DISPATCH DEHRADUN BRANCH,4,Y
263680,DEHRADUN,UTTARAKHAND,GHAZIABAD RO,U154,IP DISPATCH DEHRADUN BRANCH,4,Y
271003,LUCKNOW,UTTAR PRADESH,GHAZIABAD RO,U152,IP DISPATCH LUCKNOW BRANCH,3,Y
271122,LUCKNOW,UTTAR PRADESH,GHAZIABAD RO,U152,IP DISPATCH LUCKNOW BRANCH,3,Y
271123,LUCKNOW,UTTAR PRADESH,GHAZIABAD RO,U152,IP DISPATCH LUCKNOW BRANCH,3,Y
271124,LUCKNOW,UTTAR PRADESH,GHAZIABAD RO,U152,IP DISPATCH LUCKNOW BRANCH,3,Y
271125,LUCKNOW,UTTAR PRADESH,GHAZIABAD RO,U152,IP DISPATCH LUCKNOW BRANCH,3,Y
271129,LUCKNOW,UTTAR PRADESH,GHAZIABAD RO,U152,IP DISPATCH LUCKNOW BRANCH,3,Y
271202,LUCKNOW,UTTAR PRADESH,GHAZIABAD RO,U152,IP DISPATCH LUCKNOW BRANCH,3,Y
271205,LUCKNOW,UTTAR PRADESH,GHAZIABAD RO,U152,IP DISPATCH LUCKNOW BRANCH,3,Y
271207,LUCKNOW,UTTAR PRADESH,GHAZIABAD RO,U152,IP DISPATCH LUCKNOW BRANCH,3,Y
271210,LUCKNOW,UTTAR PRADESH,GHAZIABAD RO,U152,IP DISPATCH LUCKNOW BRANCH,3,Y
271215,LUCKNOW,UTTAR PRADESH,GHAZIABAD RO,U152,IP DISPATCH LUCKNOW BRANCH,3,Y
271301,LUCKNOW,UTTAR PRADESH,GHAZIABAD RO,U152,IP DISPATCH LUCKNOW BRANCH,3,Y
271303,LUCKNOW,UTTAR PRADESH,GHAZIABAD RO,U152,IP DISPATCH LUCKNOW BRANCH,3,Y
271304,LUCKNOW,UTTAR PRADESH,GHAZIABAD RO,U152,IP DISPATCH LUCKNOW BRANCH,3,Y
271305,LUCKNOW,UTTAR PRADESH,GHAZIABAD RO,U152,IP DISPATCH LUCKNOW BRANCH,3,Y
271306,LUCKNOW,UTTAR PRADESH,GHAZIABAD RO,U152,IP DISPATCH LUCKNOW BRANCH,3,Y
271307,LUCKNOW,UTTAR PRADESH,GHAZIABAD RO,U152,IP DISPATCH LUCKNOW BRANCH,3,Y
271309,LUCKNOW,UTTAR PRADESH,GHAZIABAD RO,U152,IP DISPATCH LUCKNOW BRANCH,3,Y
271310,LUCKNOW,UTTAR PRADESH,GHAZIABAD RO,U152,IP DISPATCH LUCKNOW BRANCH,3,Y
271311,LUCKNOW,UTTAR PRADESH,GHAZIABAD RO,U152,IP DISPATCH LUCKNOW BRANCH,3,Y
271312,LUCKNOW,UTTAR PRADESH,GHAZIABAD RO,U152,IP DISPATCH LUCKNOW BRANCH,3,Y
271313,LUCKNOW,UTTAR PRADESH,GHAZIABAD RO,U152,IP DISPATCH LUCKNOW BRANCH,3,Y
271319,LUCKNOW,UTTAR PRADESH,GHAZIABAD RO,U152,IP DISPATCH LUCKNOW BRANCH,3,Y
271401,LUCKNOW,UTTAR PRADESH,GHAZIABAD RO,U152,IP DISPATCH LUCKNOW BRANCH,3,Y
271402,LUCKNOW,UTTAR PRADESH,GHAZIABAD RO,U152,IP DISPATCH LUCKNOW BRANCH,3,Y
271403,LUCKNOW,UTTAR PRADESH,GHAZIABAD RO,U152,IP DISPATCH LUCKNOW BRANCH,3,Y
271503,LUCKNOW,UTTAR PRADESH,GHAZIABAD RO,U152,IP DISPATCH LUCKNOW BRANCH,3,Y
271504,LUCKNOW,UTTAR PRADESH,GHAZIABAD RO,U152,IP DISPATCH LUCKNOW BRANCH,3,Y
271601,LUCKNOW,UTTAR PRADESH,GHAZIABAD RO,U152,IP DISPATCH LUCKNOW BRANCH,3,Y
271602,LUCKNOW,UTTAR PRADESH,GHAZIABAD RO,U152,IP DISPATCH LUCKNOW BRANCH,3,Y
271603,LUCKNOW,UTTAR PRADESH,GHAZIABAD RO,U152,IP DISPATCH LUCKNOW BRANCH,3,Y
271604,LUCKNOW,UTTAR PRADESH,GHAZIABAD RO,U152,IP DISPATCH LUCKNOW BRANCH,3,Y
271607,LUCKNOW,UTTAR PRADESH,GHAZIABAD RO,U152,IP DISPATCH LUCKNOW BRANCH,3,Y
271609,LUCKNOW,UTTAR PRADESH,GHAZIABAD RO,U152,IP DISPATCH LUCKNOW BRANCH,3,Y
271802,LUCKNOW,UTTAR PRADESH,GHAZIABAD RO,U152,IP DISPATCH LUCKNOW BRANCH,3,Y
271803,LUCKNOW,UTTAR PRADESH,GHAZIABAD RO,U152,IP DISPATCH LUCKNOW BRANCH,3,Y
271804,LUCKNOW,UTTAR PRADESH,GHAZIABAD RO,U152,IP DISPATCH LUCKNOW BRANCH,3,Y
271805,LUCKNOW,UTTAR PRADESH,GHAZIABAD RO,U152,IP DISPATCH LUCKNOW BRANCH,3,Y
271806,LUCKNOW,UTTAR PRADESH,GHAZIABAD RO,U152,IP DISPATCH LUCKNOW BRANCH,3,Y
271821,LUCKNOW,UTTAR PRADESH,GHAZIABAD RO,U152,IP DISPATCH LUCKNOW BRANCH,3,Y
271824,LUCKNOW,UTTAR PRADESH,GHAZIABAD RO,U152,IP DISPATCH LUCKNOW BRANCH,3,Y
271825,LUCKNOW,UTTAR PRADESH,GHAZIABAD RO,U152,IP DISPATCH LUCKNOW BRANCH,3,Y
271830,LUCKNOW,UTTAR PRADESH,GHAZIABAD RO,U152,IP DISPATCH LUCKNOW BRANCH,3,Y
271831,LUCKNOW,UTTAR PRADESH,GHAZIABAD RO,U152,IP DISPATCH LUCKNOW BRANCH,3,Y
271835,LUCKNOW,UTTAR PRADESH,GHAZIABAD RO,U152,IP DISPATCH LUCKNOW BRANCH,3,Y
271840,LUCKNOW,UTTAR PRADESH,GHAZIABAD RO,U152,IP DISPATCH LUCKNOW BRANCH,3,Y
271841,LUCKNOW,UTTAR PRADESH,GHAZIABAD RO,U152,IP DISPATCH LUCKNOW BRANCH,3,Y
271845,LUCKNOW,UTTAR PRADESH,GHAZIABAD RO,U152,IP DISPATCH LUCKNOW BRANCH,3,Y
271851,LUCKNOW,UTTAR PRADESH,GHAZIABAD RO,U152,IP DISPATCH LUCKNOW BRANCH,3,Y
271855,LUCKNOW,UTTAR PRADESH,GHAZIABAD RO,U152,IP DISPATCH LUCKNOW BRANCH,3,Y
271861,LUCKNOW,UTTAR PRADESH,GHAZIABAD RO,U152,IP DISPATCH LUCKNOW BRANCH,3,Y
271865,LUCKNOW,UTTAR PRADESH,GHAZIABAD RO,U152,IP DISPATCH LUCKNOW BRANCH,3,Y
271870,LUCKNOW,UTTAR PRADESH,GHAZIABAD RO,U152,IP DISPATCH LUCKNOW BRANCH,3,Y
271871,LUCKNOW,UTTAR PRADESH,GHAZIABAD RO,U152,IP DISPATCH LUCKNOW BRANCH,3,Y
271872,LUCKNOW,UTTAR PRADESH,GHAZIABAD RO,U152,IP DISPATCH LUCKNOW BRANCH,3,Y
271875,LUCKNOW,UTTAR PRADESH,GHAZIABAD RO,U152,IP DISPATCH LUCKNOW BRANCH,3,Y
271881,LUCKNOW,UTTAR PRADESH,GHAZIABAD RO,U152,IP DISPATCH LUCKNOW BRANCH,3,Y
271882,LUCKNOW,UTTAR PRADESH,GHAZIABAD RO,U152,IP DISPATCH LUCKNOW BRANCH,3,Y
271901,LUCKNOW,UTTAR PRADESH,GHAZIABAD RO,U152,IP DISPATCH LUCKNOW BRANCH,3,Y
271902,LUCKNOW,UTTAR PRADESH,GHAZIABAD RO,U152,IP DISPATCH LUCKNOW BRANCH,3,Y
271903,LUCKNOW,UTTAR PRADESH,GHAZIABAD RO,U152,IP DISPATCH LUCKNOW BRANCH,3,Y
271904,LUCKNOW,UTTAR PRADESH,GHAZIABAD RO,U152,IP DISPATCH LUCKNOW BRANCH,3,Y
272123,LUCKNOW,UTTAR PRADESH,GHAZIABAD RO,U152,IP DISPATCH LUCKNOW BRANCH,3,Y
272128,LUCKNOW,UTTAR PRADESH,GHAZIABAD RO,U152,IP DISPATCH LUCKNOW BRANCH,3,Y
272129,LUCKNOW,UTTAR PRADESH,GHAZIABAD RO,U152,IP DISPATCH LUCKNOW BRANCH,3,Y
272130,LUCKNOW,UTTAR PRADESH,GHAZIABAD RO,U152,IP DISPATCH LUCKNOW BRANCH,3,Y
272154,LUCKNOW,UTTAR PRADESH,GHAZIABAD RO,U152,IP DISPATCH LUCKNOW BRANCH,3,Y
272161,LUCKNOW,UTTAR PRADESH,GHAZIABAD RO,U152,IP DISPATCH LUCKNOW BRANCH,3,Y
272162,LUCKNOW,UTTAR PRADESH,GHAZIABAD RO,U152,IP DISPATCH LUCKNOW BRANCH,3,Y
272163,LUCKNOW,UTTAR PRADESH,GHAZIABAD RO,U152,IP DISPATCH LUCKNOW BRANCH,3,Y
272164,LUCKNOW,UTTAR PRADESH,GHAZIABAD RO,U152,IP DISPATCH LUCKNOW BRANCH,3,Y
272165,LUCKNOW,UTTAR PRADESH,GHAZIABAD RO,U152,IP DISPATCH LUCKNOW BRANCH,3,Y
272172,LUCKNOW,UTTAR PRADESH,GHAZIABAD RO,U152,IP DISPATCH LUCKNOW BRANCH,3,Y
272176,LUCKNOW,UTTAR PRADESH,GHAZIABAD RO,U152,IP DISPATCH LUCKNOW BRANCH,3,Y
272177,LUCKNOW,UTTAR PRADESH,GHAZIABAD RO,U152,IP DISPATCH LUCKNOW BRANCH,3,Y
272178,LUCKNOW,UTTAR PRADESH,GHAZIABAD RO,U152,IP DISPATCH LUCKNOW BRANCH,3,Y
272181,LUCKNOW,UTTAR PRADESH,GHAZIABAD RO,U152,IP DISPATCH LUCKNOW BRANCH,3,Y
272182,LUCKNOW,UTTAR PRADESH,GHAZIABAD RO,U152,IP DISPATCH LUCKNOW BRANCH,3,Y
272190,LUCKNOW,UTTAR PRADESH,GHAZIABAD RO,U152,IP DISPATCH LUCKNOW BRANCH,3,Y
272193,LUCKNOW,UTTAR PRADESH,GHAZIABAD RO,U152,IP DISPATCH LUCKNOW BRANCH,3,Y
272194,LUCKNOW,UTTAR PRADESH,GHAZIABAD RO,U152,IP DISPATCH LUCKNOW BRANCH,3,Y
272195,LUCKNOW,UTTAR PRADESH,GHAZIABAD RO,U152,IP DISPATCH LUCKNOW BRANCH,3,Y
272199,LUCKNOW,UTTAR PRADESH,GHAZIABAD RO,U152,IP DISPATCH LUCKNOW BRANCH,3,Y
272202,LUCKNOW,UTTAR PRADESH,GHAZIABAD RO,U152,IP DISPATCH LUCKNOW BRANCH,3,Y
272204,LUCKNOW,UTTAR PRADESH,GHAZIABAD RO,U152,IP DISPATCH LUCKNOW BRANCH,3,Y
272205,LUCKNOW,UTTAR PRADESH,GHAZIABAD RO,U152,IP DISPATCH LUCKNOW BRANCH,3,Y
272208,LUCKNOW,UTTAR PRADESH,GHAZIABAD RO,U152,IP DISPATCH LUCKNOW BRANCH,3,Y
272270,LUCKNOW,UTTAR PRADESH,GHAZIABAD RO,U152,IP DISPATCH LUCKNOW BRANCH,3,Y
273202,LUCKNOW,UTTAR PRADESH,GHAZIABAD RO,U152,IP DISPATCH LUCKNOW BRANCH,3,Y
273203,LUCKNOW,UTTAR PRADESH,GHAZIABAD RO,U152,IP DISPATCH LUCKNOW BRANCH,3,Y
273211,LUCKNOW,UTTAR PRADESH,GHAZIABAD RO,U152,IP DISPATCH LUCKNOW BRANCH,3,Y
273213,LUCKNOW,UTTAR PRADESH,GHAZIABAD RO,U152,IP DISPATCH LUCKNOW BRANCH,3,Y
273311,LUCKNOW,UTTAR PRADESH,GHAZIABAD RO,U152,IP DISPATCH LUCKNOW BRANCH,3,Y
273401,LUCKNOW,UTTAR PRADESH,GHAZIABAD RO,U152,IP DISPATCH LUCKNOW BRANCH,3,Y
273404,LUCKNOW,UTTAR PRADESH,GHAZIABAD RO,U152,IP DISPATCH LUCKNOW BRANCH,3,Y
273407,LUCKNOW,UTTAR PRADESH,GHAZIABAD RO,U152,IP DISPATCH LUCKNOW BRANCH,3,Y
273409,LUCKNOW,UTTAR PRADESH,GHAZIABAD RO,U152,IP DISPATCH LUCKNOW BRANCH,3,Y
274201,LUCKNOW,UTTAR PRADESH,GHAZIABAD RO,U152,IP DISPATCH LUCKNOW BRANCH,3,Y
274205,LUCKNOW,UTTAR PRADESH,GHAZIABAD RO,U152,IP DISPATCH LUCKNOW BRANCH,3,Y
274305,LUCKNOW,UTTAR PRADESH,GHAZIABAD RO,U152,IP DISPATCH LUCKNOW BRANCH,3,Y
274307,LUCKNOW,UTTAR PRADESH,GHAZIABAD RO,U152,IP DISPATCH LUCKNOW BRANCH,3,Y
274308,LUCKNOW,UTTAR PRADESH,GHAZIABAD RO,U152,IP DISPATCH LUCKNOW BRANCH,3,Y
274403,LUCKNOW,UTTAR PRADESH,GHAZIABAD RO,U152,IP DISPATCH LUCKNOW BRANCH,3,Y
274506,LUCKNOW,UTTAR PRADESH,GHAZIABAD RO,U152,IP DISPATCH LUCKNOW BRANCH,3,Y
274508,LUCKNOW,UTTAR PRADESH,GHAZIABAD RO,U152,IP DISPATCH LUCKNOW BRANCH,3,Y
274602,LUCKNOW,UTTAR PRADESH,GHAZIABAD RO,U152,IP DISPATCH LUCKNOW BRANCH,3,Y
274604,LUCKNOW,UTTAR PRADESH,GHAZIABAD RO,U152,IP DISPATCH LUCKNOW BRANCH,3,Y
274703,LUCKNOW,UTTAR PRADESH,GHAZIABAD RO,U152,IP DISPATCH LUCKNOW BRANCH,3,Y
274704,LUCKNOW,UTTAR PRADESH,GHAZIABAD RO,U152,IP DISPATCH LUCKNOW BRANCH,3,Y
274705,LUCKNOW,UTTAR PRADESH,GHAZIABAD RO,U152,IP DISPATCH LUCKNOW BRANCH,3,Y
274802,LUCKNOW,UTTAR PRADESH,GHAZIABAD RO,U152,IP DISPATCH LUCKNOW BRANCH,3,Y
274806,LUCKNOW,UTTAR PRADESH,GHAZIABAD RO,U152,IP DISPATCH LUCKNOW BRANCH,3,Y
274807,LUCKNOW,UTTAR PRADESH,GHAZIABAD RO,U152,IP DISPATCH LUCKNOW BRANCH,3,Y
274808,LUCKNOW,UTTAR PRADESH,GHAZIABAD RO,U152,IP DISPATCH LUCKNOW BRANCH,3,Y
275201,LUCKNOW,UTTAR PRADESH,GHAZIABAD RO,U152,IP DISPATCH LUCKNOW BRANCH,3,Y
275202,LUCKNOW,UTTAR PRADESH,GHAZIABAD RO,U152,IP DISPATCH LUCKNOW BRANCH,3,Y
275203,LUCKNOW,UTTAR PRADESH,GHAZIABAD RO,U152,IP DISPATCH LUCKNOW BRANCH,3,Y
275204,LUCKNOW,UTTAR PRADESH,GHAZIABAD RO,U152,IP DISPATCH LUCKNOW BRANCH,3,Y
275205,LUCKNOW,UTTAR PRADESH,GHAZIABAD RO,U152,IP DISPATCH LUCKNOW BRANCH,3,Y
276122,LUCKNOW,UTTAR PRADESH,GHAZIABAD RO,U152,IP DISPATCH LUCKNOW BRANCH,3,Y
276123,LUCKNOW,UTTAR PRADESH,GHAZIABAD RO,U152,IP DISPATCH LUCKNOW BRANCH,3,Y
276124,LUCKNOW,UTTAR PRADESH,GHAZIABAD RO,U152,IP DISPATCH LUCKNOW BRANCH,3,Y
276126,LUCKNOW,UTTAR PRADESH,GHAZIABAD RO,U152,IP DISPATCH LUCKNOW BRANCH,3,Y
276128,LUCKNOW,UTTAR PRADESH,GHAZIABAD RO,U152,IP DISPATCH LUCKNOW BRANCH,3,Y
276129,LUCKNOW,UTTAR PRADESH,GHAZIABAD RO,U152,IP DISPATCH LUCKNOW BRANCH,3,Y
276131,LUCKNOW,UTTAR PRADESH,GHAZIABAD RO,U152,IP DISPATCH LUCKNOW BRANCH,3,Y
276136,LUCKNOW,UTTAR PRADESH,GHAZIABAD RO,U152,IP DISPATCH LUCKNOW BRANCH,3,Y
276138,LUCKNOW,UTTAR PRADESH,GHAZIABAD RO,U152,IP DISPATCH LUCKNOW BRANCH,3,Y
276142,LUCKNOW,UTTAR PRADESH,GHAZIABAD RO,U152,IP DISPATCH LUCKNOW BRANCH,3,Y
276143,LUCKNOW,UTTAR PRADESH,GHAZIABAD RO,U152,IP DISPATCH LUCKNOW BRANCH,3,Y
276201,LUCKNOW,UTTAR PRADESH,GHAZIABAD RO,U152,IP DISPATCH LUCKNOW BRANCH,3,Y
276203,LUCKNOW,UTTAR PRADESH,GHAZIABAD RO,U152,IP DISPATCH LUCKNOW BRANCH,3,Y
276208,LUCKNOW,UTTAR PRADESH,GHAZIABAD RO,U152,IP DISPATCH LUCKNOW BRANCH,3,Y
276288,LUCKNOW,UTTAR PRADESH,GHAZIABAD RO,U152,IP DISPATCH LUCKNOW BRANCH,3,Y
276302,LUCKNOW,UTTAR PRADESH,GHAZIABAD RO,U152,IP DISPATCH LUCKNOW BRANCH,3,Y
276303,LUCKNOW,UTTAR PRADESH,GHAZIABAD RO,U152,IP DISPATCH LUCKNOW BRANCH,3,Y
277121,LUCKNOW,UTTAR PRADESH,GHAZIABAD RO,U152,IP DISPATCH LUCKNOW BRANCH,3,Y
277123,LUCKNOW,UTTAR PRADESH,GHAZIABAD RO,U152,IP DISPATCH LUCKNOW BRANCH,3,Y
277124,LUCKNOW,UTTAR PRADESH,GHAZIABAD RO,U152,IP DISPATCH LUCKNOW BRANCH,3,Y
277202,LUCKNOW,UTTAR PRADESH,GHAZIABAD RO,U152,IP DISPATCH LUCKNOW BRANCH,3,Y
277203,LUCKNOW,UTTAR PRADESH,GHAZIABAD RO,U152,IP DISPATCH LUCKNOW BRANCH,3,Y
277204,LUCKNOW,UTTAR PRADESH,GHAZIABAD RO,U152,IP DISPATCH LUCKNOW BRANCH,3,Y
277205,LUCKNOW,UTTAR PRADESH,GHAZIABAD RO,U152,IP DISPATCH LUCKNOW BRANCH,3,Y
277207,LUCKNOW,UTTAR PRADESH,GHAZIABAD RO,U152,IP DISPATCH LUCKNOW BRANCH,3,Y
277208,LUCKNOW,UTTAR PRADESH,GHAZIABAD RO,U152,IP DISPATCH LUCKNOW BRANCH,3,Y
277209,LUCKNOW,UTTAR PRADESH,GHAZIABAD RO,U152,IP DISPATCH LUCKNOW BRANCH,3,Y
277210,LUCKNOW,UTTAR PRADESH,GHAZIABAD RO,U152,IP DISPATCH LUCKNOW BRANCH,3,Y
277211,LUCKNOW,UTTAR PRADESH,GHAZIABAD RO,U152,IP DISPATCH LUCKNOW BRANCH,3,Y
277213,LUCKNOW,UTTAR PRADESH,GHAZIABAD RO,U152,IP DISPATCH LUCKNOW BRANCH,3,Y
277214,LUCKNOW,UTTAR PRADESH,GHAZIABAD RO,U152,IP DISPATCH LUCKNOW BRANCH,3,Y
277216,LUCKNOW,UTTAR PRADESH,GHAZIABAD RO,U152,IP DISPATCH LUCKNOW BRANCH,3,Y
277219,LUCKNOW,UTTAR PRADESH,GHAZIABAD RO,U152,IP DISPATCH LUCKNOW BRANCH,3,Y
277301,LUCKNOW,UTTAR PRADESH,GHAZIABAD RO,U152,IP DISPATCH LUCKNOW BRANCH,3,Y
277302,LUCKNOW,UTTAR PRADESH,GHAZIABAD RO,U152,IP DISPATCH LUCKNOW BRANCH,3,Y
277304,LUCKNOW,UTTAR PRADESH,GHAZIABAD RO,U152,IP DISPATCH LUCKNOW BRANCH,3,Y
277401,LUCKNOW,UTTAR PRADESH,GHAZIABAD RO,U152,IP DISPATCH LUCKNOW BRANCH,3,Y
277402,LUCKNOW,UTTAR PRADESH,GHAZIABAD RO,U152,IP DISPATCH LUCKNOW BRANCH,3,Y
277403,LUCKNOW,UTTAR PRADESH,GHAZIABAD RO,U152,IP DISPATCH LUCKNOW BRANCH,3,Y
277501,LUCKNOW,UTTAR PRADESH,GHAZIABAD RO,U152,IP DISPATCH LUCKNOW BRANCH,3,Y
277502,LUCKNOW,UTTAR PRADESH,GHAZIABAD RO,U152,IP DISPATCH LUCKNOW BRANCH,3,Y
277504,LUCKNOW,UTTAR PRADESH,GHAZIABAD RO,U152,IP DISPATCH LUCKNOW BRANCH,3,Y
277506,LUCKNOW,UTTAR PRADESH,GHAZIABAD RO,U152,IP DISPATCH LUCKNOW BRANCH,3,Y
281006,GHAZIABAD,UTTAR PRADESH,GHAZIABAD RO,U151,IP DISPATCH GHAZIABAD BRANCH,3,Y
281104,GHAZIABAD,UTTAR PRADESH,GHAZIABAD RO,U151,IP DISPATCH GHAZIABAD BRANCH,3,Y
281201,GHAZIABAD,UTTAR PRADESH,GHAZIABAD RO,U151,IP DISPATCH GHAZIABAD BRANCH,3,Y
281202,GHAZIABAD,UTTAR PRADESH,GHAZIABAD RO,U151,IP DISPATCH GHAZIABAD BRANCH,3,Y
281203,GHAZIABAD,UTTAR PRADESH,GHAZIABAD RO,U151,IP DISPATCH GHAZIABAD BRANCH,3,Y
281205,GHAZIABAD,UTTAR PRADESH,GHAZIABAD RO,U151,IP DISPATCH GHAZIABAD BRANCH,3,Y
281206,GHAZIABAD,UTTAR PRADESH,GHAZIABAD RO,U151,IP DISPATCH GHAZIABAD BRANCH,3,Y
281301,GHAZIABAD,UTTAR PRADESH,GHAZIABAD RO,U151,IP DISPATCH GHAZIABAD BRANCH,3,Y
281302,GHAZIABAD,UTTAR PRADESH,GHAZIABAD RO,U151,IP DISPATCH GHAZIABAD BRANCH,3,Y
281303,GHAZIABAD,UTTAR PRADESH,GHAZIABAD RO,U151,IP DISPATCH GHAZIABAD BRANCH,3,Y
281305,GHAZIABAD,UTTAR PRADESH,GHAZIABAD RO,U151,IP DISPATCH GHAZIABAD BRANCH,3,Y
281307,GHAZIABAD,UTTAR PRADESH,GHAZIABAD RO,U151,IP DISPATCH GHAZIABAD BRANCH,3,Y
281308,GHAZIABAD,UTTAR PRADESH,GHAZIABAD RO,U151,IP DISPATCH GHAZIABAD BRANCH,3,Y
281404,GHAZIABAD,UTTAR PRADESH,GHAZIABAD RO,U151,IP DISPATCH GHAZIABAD BRANCH,3,Y
281501,GHAZIABAD,UTTAR PRADESH,GHAZIABAD RO,U151,IP DISPATCH GHAZIABAD BRANCH,3,Y
283101,GHAZIABAD,UTTAR PRADESH,GHAZIABAD RO,U151,IP DISPATCH GHAZIABAD BRANCH,3,Y
283102,GHAZIABAD,UTTAR PRADESH,GHAZIABAD RO,U151,IP DISPATCH GHAZIABAD BRANCH,3,Y
283103,GHAZIABAD,UTTAR PRADESH,GHAZIABAD RO,U151,IP DISPATCH GHAZIABAD BRANCH,3,Y
283105,GHAZIABAD,UTTAR PRADESH,GHAZIABAD RO,U151,IP DISPATCH GHAZIABAD BRANCH,3,Y
283111,GHAZIABAD,UTTAR PRADESH,GHAZIABAD RO,U151,IP DISPATCH GHAZIABAD BRANCH,3,Y
283112,GHAZIABAD,UTTAR PRADESH,GHAZIABAD RO,U151,IP DISPATCH GHAZIABAD BRANCH,3,Y
283113,GHAZIABAD,UTTAR PRADESH,GHAZIABAD RO,U151,IP DISPATCH GHAZIABAD BRANCH,3,Y
283114,GHAZIABAD,UTTAR PRADESH,GHAZIABAD RO,U151,IP DISPATCH GHAZIABAD BRANCH,3,Y
283115,GHAZIABAD,UTTAR PRADESH,GHAZIABAD RO,U151,IP DISPATCH GHAZIABAD BRANCH,3,Y
283119,GHAZIABAD,UTTAR PRADESH,GHAZIABAD RO,U151,IP DISPATCH GHAZIABAD BRANCH,3,Y
283121,GHAZIABAD,UTTAR PRADESH,GHAZIABAD RO,U151,IP DISPATCH GHAZIABAD BRANCH,3,Y
283122,GHAZIABAD,UTTAR PRADESH,GHAZIABAD RO,U151,IP DISPATCH GHAZIABAD BRANCH,3,Y
283123,GHAZIABAD,UTTAR PRADESH,GHAZIABAD RO,U151,IP DISPATCH GHAZIABAD BRANCH,3,Y
283124,GHAZIABAD,UTTAR PRADESH,GHAZIABAD RO,U151,IP DISPATCH GHAZIABAD BRANCH,3,Y
283125,GHAZIABAD,UTTAR PRADESH,GHAZIABAD RO,U151,IP DISPATCH GHAZIABAD BRANCH,3,Y
283126,GHAZIABAD,UTTAR PRADESH,GHAZIABAD RO,U151,IP DISPATCH GHAZIABAD BRANCH,3,Y
283130,GHAZIABAD,UTTAR PRADESH,GHAZIABAD RO,U151,IP DISPATCH GHAZIABAD BRANCH,3,Y
283136,GHAZIABAD,UTTAR PRADESH,GHAZIABAD RO,U151,IP DISPATCH GHAZIABAD BRANCH,3,Y
283141,GHAZIABAD,UTTAR PRADESH,GHAZIABAD RO,U151,IP DISPATCH GHAZIABAD BRANCH,3,Y
283142,GHAZIABAD,UTTAR PRADESH,GHAZIABAD RO,U151,IP DISPATCH GHAZIABAD BRANCH,3,Y
283145,GHAZIABAD,UTTAR PRADESH,GHAZIABAD RO,U151,IP DISPATCH GHAZIABAD BRANCH,3,Y
283151,GHAZIABAD,UTTAR PRADESH,GHAZIABAD RO,U151,IP DISPATCH GHAZIABAD BRANCH,3,Y
283152,GHAZIABAD,UTTAR PRADESH,GHAZIABAD RO,U151,IP DISPATCH GHAZIABAD BRANCH,3,Y
283201,GHAZIABAD,UTTAR PRADESH,GHAZIABAD RO,U151,IP DISPATCH GHAZIABAD BRANCH,3,Y
283202,GHAZIABAD,UTTAR PRADESH,GHAZIABAD RO,U151,IP DISPATCH GHAZIABAD BRANCH,3,Y
283205,GHAZIABAD,UTTAR PRADESH,GHAZIABAD RO,U151,IP DISPATCH GHAZIABAD BRANCH,3,Y
283206,GHAZIABAD,UTTAR PRADESH,GHAZIABAD RO,U151,IP DISPATCH GHAZIABAD BRANCH,3,Y
283207,GHAZIABAD,UTTAR PRADESH,GHAZIABAD RO,U151,IP DISPATCH GHAZIABAD BRANCH,3,Y
284120,GHAZIABAD,UTTAR PRADESH,GHAZIABAD RO,U151,IP DISPATCH GHAZIABAD BRANCH,3,Y
284121,GHAZIABAD,UTTAR PRADESH,GHAZIABAD RO,U151,IP DISPATCH GHAZIABAD BRANCH,3,Y
284122,GHAZIABAD,UTTAR PRADESH,GHAZIABAD RO,U151,IP DISPATCH GHAZIABAD BRANCH,3,Y
284124,GHAZIABAD,UTTAR PRADESH,GHAZIABAD RO,U151,IP DISPATCH GHAZIABAD BRANCH,3,Y
284125,GHAZIABAD,UTTAR PRADESH,GHAZIABAD RO,U151,IP DISPATCH GHAZIABAD BRANCH,3,Y
284136,GHAZIABAD,UTTAR PRADESH,GHAZIABAD RO,U151,IP DISPATCH GHAZIABAD BRANCH,3,Y
284201,GHAZIABAD,UTTAR PRADESH,GHAZIABAD RO,U151,IP DISPATCH GHAZIABAD BRANCH,3,Y
284302,GHAZIABAD,UTTAR PRADESH,GHAZIABAD RO,U151,IP DISPATCH GHAZIABAD BRANCH,3,Y
284304,GHAZIABAD,UTTAR PRADESH,GHAZIABAD RO,U151,IP DISPATCH GHAZIABAD BRANCH,3,Y
284306,GHAZIABAD,UTTAR PRADESH,GHAZIABAD RO,U151,IP DISPATCH GHAZIABAD BRANCH,3,Y
284402,GHAZIABAD,UTTAR PRADESH,GHAZIABAD RO,U151,IP DISPATCH GHAZIABAD BRANCH,3,Y
284406,GHAZIABAD,UTTAR PRADESH,GHAZIABAD RO,U151,IP DISPATCH GHAZIABAD BRANCH,3,Y
284501,GHAZIABAD,UTTAR PRADESH,GHAZIABAD RO,U151,IP DISPATCH GHAZIABAD BRANCH,3,Y
285124,GHAZIABAD,UTTAR PRADESH,GHAZIABAD RO,U151,IP DISPATCH GHAZIABAD BRANCH,3,Y
285223,GHAZIABAD,UTTAR PRADESH,GHAZIABAD RO,U151,IP DISPATCH GHAZIABAD BRANCH,3,Y
301018,JAIPUR,RAJASTHAN,JAIPUR,Q48,IP DISPATCH JAIPUR BRANCH,3,Y
301021,JAIPUR,RAJASTHAN,JAIPUR,Q48,IP DISPATCH JAIPUR BRANCH,3,Y
301022,JAIPUR,RAJASTHAN,JAIPUR,Q48,IP DISPATCH JAIPUR BRANCH,3,Y
301023,JAIPUR,RAJASTHAN,JAIPUR,Q48,IP DISPATCH JAIPUR BRANCH,3,Y
301024,JAIPUR,RAJASTHAN,JAIPUR,Q48,IP DISPATCH JAIPUR BRANCH,3,Y
301025,JAIPUR,RAJASTHAN,JAIPUR,Q48,IP DISPATCH JAIPUR BRANCH,3,Y
301027,JAIPUR,RAJASTHAN,JAIPUR,Q48,IP DISPATCH JAIPUR BRANCH,3,Y
301028,JAIPUR,RAJASTHAN,JAIPUR,Q48,IP DISPATCH JAIPUR BRANCH,3,Y
301035,JAIPUR,RAJASTHAN,JAIPUR,Q48,IP DISPATCH JAIPUR BRANCH,3,Y
301401,JAIPUR,RAJASTHAN,JAIPUR,Q48,IP DISPATCH JAIPUR BRANCH,3,Y
301402,JAIPUR,RAJASTHAN,JAIPUR,Q48,IP DISPATCH JAIPUR BRANCH,3,Y
301403,JAIPUR,RAJASTHAN,JAIPUR,Q48,IP DISPATCH JAIPUR BRANCH,3,Y
301406,JAIPUR,RAJASTHAN,JAIPUR,Q48,IP DISPATCH JAIPUR BRANCH,3,Y
301407,JAIPUR,RAJASTHAN,JAIPUR,Q48,IP DISPATCH JAIPUR BRANCH,3,Y
301409,JAIPUR,RAJASTHAN,JAIPUR,Q48,IP DISPATCH JAIPUR BRANCH,3,Y
301410,JAIPUR,RAJASTHAN,JAIPUR,Q48,IP DISPATCH JAIPUR BRANCH,3,Y
301412,JAIPUR,RAJASTHAN,JAIPUR,Q48,IP DISPATCH JAIPUR BRANCH,3,Y
301413,JAIPUR,RAJASTHAN,JAIPUR,Q48,IP DISPATCH JAIPUR BRANCH,3,Y
301414,JAIPUR,RAJASTHAN,JAIPUR,Q48,IP DISPATCH JAIPUR BRANCH,3,Y
301415,JAIPUR,RAJASTHAN,JAIPUR,Q48,IP DISPATCH JAIPUR BRANCH,3,Y
301416,JAIPUR,RAJASTHAN,JAIPUR,Q48,IP DISPATCH JAIPUR BRANCH,3,Y
301427,JAIPUR,RAJASTHAN,JAIPUR,Q48,IP DISPATCH JAIPUR BRANCH,3,Y
301604,JAIPUR,RAJASTHAN,JAIPUR,Q48,IP DISPATCH JAIPUR BRANCH,3,Y
301702,JAIPUR,RAJASTHAN,JAIPUR,Q48,IP DISPATCH JAIPUR BRANCH,3,Y
301703,JAIPUR,RAJASTHAN,JAIPUR,Q48,IP DISPATCH JAIPUR BRANCH,3,Y
301704,JAIPUR,RAJASTHAN,JAIPUR,Q48,IP DISPATCH JAIPUR BRANCH,3,Y
301708,JAIPUR,RAJASTHAN,JAIPUR,Q48,IP DISPATCH JAIPUR BRANCH,3,Y
301709,JAIPUR,RAJASTHAN,JAIPUR,Q48,IP DISPATCH JAIPUR BRANCH,3,Y
301713,JAIPUR,RAJASTHAN,JAIPUR,Q48,IP DISPATCH JAIPUR BRANCH,3,Y
301714,JAIPUR,RAJASTHAN,JAIPUR,Q48,IP DISPATCH JAIPUR BRANCH,3,Y
302041,JAIPUR,RAJASTHAN,JAIPUR,Q48,IP DISPATCH JAIPUR BRANCH,2,Y
302042,JAIPUR,RAJASTHAN,JAIPUR,Q48,IP DISPATCH JAIPUR BRANCH,2,Y
302044,JAIPUR,RAJASTHAN,JAIPUR,Q48,IP DISPATCH JAIPUR BRANCH,2,Y
302046,JAIPUR,RAJASTHAN,JAIPUR,Q48,IP DISPATCH JAIPUR BRANCH,2,Y
302047,JAIPUR,RAJASTHAN,JAIPUR,Q48,IP DISPATCH JAIPUR BRANCH,2,Y
302048,JAIPUR,RAJASTHAN,JAIPUR,Q48,IP DISPATCH JAIPUR BRANCH,2,Y
302049,JAIPUR,RAJASTHAN,JAIPUR,Q48,IP DISPATCH JAIPUR BRANCH,2,Y
303001,JAIPUR,RAJASTHAN,JAIPUR,Q48,IP DISPATCH JAIPUR BRANCH,2,Y
303002,JAIPUR,RAJASTHAN,JAIPUR,Q48,IP DISPATCH JAIPUR BRANCH,4,Y
303003,JAIPUR,RAJASTHAN,JAIPUR,Q48,IP DISPATCH JAIPUR BRANCH,2,Y
303004,JAIPUR,RAJASTHAN,JAIPUR,Q48,IP DISPATCH JAIPUR BRANCH,3,Y
303005,JAIPUR,RAJASTHAN,JAIPUR,Q48,IP DISPATCH JAIPUR BRANCH,2,Y
303006,JAIPUR,RAJASTHAN,JAIPUR,Q48,IP DISPATCH JAIPUR BRANCH,2,Y
303008,JAIPUR,RAJASTHAN,JAIPUR,Q48,IP DISPATCH JAIPUR BRANCH,2,Y
303009,JAIPUR,RAJASTHAN,JAIPUR,Q48,IP DISPATCH JAIPUR BRANCH,2,Y
303012,JAIPUR,RAJASTHAN,JAIPUR,Q48,IP DISPATCH JAIPUR BRANCH,4,Y
303102,JAIPUR,RAJASTHAN,JAIPUR,Q48,IP DISPATCH JAIPUR BRANCH,4,Y
303105,JAIPUR,RAJASTHAN,JAIPUR,Q48,IP DISPATCH JAIPUR BRANCH,2,Y
303107,JAIPUR,RAJASTHAN,JAIPUR,Q48,IP DISPATCH JAIPUR BRANCH,2,Y
303110,JAIPUR,RAJASTHAN,JAIPUR,Q48,IP DISPATCH JAIPUR BRANCH,2,Y
303119,JAIPUR,RAJASTHAN,JAIPUR,Q48,IP DISPATCH JAIPUR BRANCH,2,Y
303120,JAIPUR,RAJASTHAN,JAIPUR,Q48,IP DISPATCH JAIPUR BRANCH,2,Y
303122,JAIPUR,RAJASTHAN,JAIPUR,Q48,IP DISPATCH JAIPUR BRANCH,2,Y
303123,JAIPUR,RAJASTHAN,JAIPUR,Q48,IP DISPATCH JAIPUR BRANCH,2,Y
303124,JAIPUR,RAJASTHAN,JAIPUR,Q48,IP DISPATCH JAIPUR BRANCH,2,Y
303302,JAIPUR,RAJASTHAN,JAIPUR,Q48,IP DISPATCH JAIPUR BRANCH,3,Y
303304,JAIPUR,RAJASTHAN,JAIPUR,Q48,IP DISPATCH JAIPUR BRANCH,3,Y
303305,JAIPUR,RAJASTHAN,JAIPUR,Q48,IP DISPATCH JAIPUR BRANCH,3,Y
303315,JAIPUR,RAJASTHAN,JAIPUR,Q48,IP DISPATCH JAIPUR BRANCH,3,Y
303323,JAIPUR,RAJASTHAN,JAIPUR,Q48,IP DISPATCH JAIPUR BRANCH,3,Y
303325,JAIPUR,RAJASTHAN,JAIPUR,Q48,IP DISPATCH JAIPUR BRANCH,3,Y
303326,JAIPUR,RAJASTHAN,JAIPUR,Q48,IP DISPATCH JAIPUR BRANCH,3,Y
303328,JAIPUR,RAJASTHAN,JAIPUR,Q48,IP DISPATCH JAIPUR BRANCH,2,Y
303329,JAIPUR,RAJASTHAN,JAIPUR,Q48,IP DISPATCH JAIPUR BRANCH,2,Y
303338,JAIPUR,RAJASTHAN,JAIPUR,Q48,IP DISPATCH JAIPUR BRANCH,2,Y
303348,JAIPUR,RAJASTHAN,JAIPUR,Q48,IP DISPATCH JAIPUR BRANCH,2,Y
303501,JAIPUR,RAJASTHAN,JAIPUR,Q48,IP DISPATCH JAIPUR BRANCH,3,Y
303502,JAIPUR,RAJASTHAN,JAIPUR,Q48,IP DISPATCH JAIPUR BRANCH,3,Y
303504,JAIPUR,RAJASTHAN,JAIPUR,Q48,IP DISPATCH JAIPUR BRANCH,3,Y
303505,JAIPUR,RAJASTHAN,JAIPUR,Q48,IP DISPATCH JAIPUR BRANCH,4,Y
303506,JAIPUR,RAJASTHAN,JAIPUR,Q48,IP DISPATCH JAIPUR BRANCH,3,Y
303507,JAIPUR,RAJASTHAN,JAIPUR,Q48,IP DISPATCH JAIPUR BRANCH,3,Y
303508,JAIPUR,RAJASTHAN,JAIPUR,Q48,IP DISPATCH JAIPUR BRANCH,3,Y
303509,JAIPUR,RAJASTHAN,JAIPUR,Q48,IP DISPATCH JAIPUR BRANCH,3,Y
303510,JAIPUR,RAJASTHAN,JAIPUR,Q48,IP DISPATCH JAIPUR BRANCH,3,Y
303511,JAIPUR,RAJASTHAN,JAIPUR,Q48,IP DISPATCH JAIPUR BRANCH,3,Y
303601,JAIPUR,RAJASTHAN,JAIPUR,Q48,IP DISPATCH JAIPUR BRANCH,2,Y
303602,JAIPUR,RAJASTHAN,JAIPUR,Q48,IP DISPATCH JAIPUR BRANCH,2,Y
303604,JAIPUR,RAJASTHAN,JAIPUR,Q48,IP DISPATCH JAIPUR BRANCH,2,Y
303701,JAIPUR,RAJASTHAN,JAIPUR,Q48,IP DISPATCH JAIPUR BRANCH,2,Y
303712,JAIPUR,RAJASTHAN,JAIPUR,Q48,IP DISPATCH JAIPUR BRANCH,4,Y
303803,JAIPUR,RAJASTHAN,JAIPUR,Q48,IP DISPATCH JAIPUR BRANCH,2,Y
303804,JAIPUR,RAJASTHAN,JAIPUR,Q48,IP DISPATCH JAIPUR BRANCH,2,Y
303805,JAIPUR,RAJASTHAN,JAIPUR,Q48,IP DISPATCH JAIPUR BRANCH,2,Y
303806,JAIPUR,RAJASTHAN,JAIPUR,Q48,IP DISPATCH JAIPUR BRANCH,2,Y
303807,JAIPUR,RAJASTHAN,JAIPUR,Q48,IP DISPATCH JAIPUR BRANCH,2,Y
303903,JAIPUR,RAJASTHAN,JAIPUR,Q48,IP DISPATCH JAIPUR BRANCH,4,Y
303908,JAIPUR,RAJASTHAN,JAIPUR,Q48,IP DISPATCH JAIPUR BRANCH,2,Y
304001,JAIPUR,RAJASTHAN,JAIPUR,Q48,IP DISPATCH JAIPUR BRANCH,3,Y
304023,JAIPUR,RAJASTHAN,JAIPUR,Q48,IP DISPATCH JAIPUR BRANCH,4,Y
304024,JAIPUR,RAJASTHAN,JAIPUR,Q48,IP DISPATCH JAIPUR BRANCH,4,Y
304025,JAIPUR,RAJASTHAN,JAIPUR,Q48,IP DISPATCH JAIPUR BRANCH,4,Y
304026,JAIPUR,RAJASTHAN,JAIPUR,Q48,IP DISPATCH JAIPUR BRANCH,4,Y
304501,JAIPUR,RAJASTHAN,JAIPUR,Q48,IP DISPATCH JAIPUR BRANCH,4,Y
304502,JAIPUR,RAJASTHAN,JAIPUR,Q48,IP DISPATCH JAIPUR BRANCH,3,Y
304503,JAIPUR,RAJASTHAN,JAIPUR,Q48,IP DISPATCH JAIPUR BRANCH,4,Y
304504,JAIPUR,RAJASTHAN,JAIPUR,Q48,IP DISPATCH JAIPUR BRANCH,4,Y
304505,JAIPUR,RAJASTHAN,JAIPUR,Q48,IP DISPATCH JAIPUR BRANCH,4,Y
304507,JAIPUR,RAJASTHAN,JAIPUR,Q48,IP DISPATCH JAIPUR BRANCH,4,Y
304801,JAIPUR,RAJASTHAN,JAIPUR,Q48,IP DISPATCH JAIPUR BRANCH,4,Y
304802,JAIPUR,RAJASTHAN,JAIPUR,Q48,IP DISPATCH JAIPUR BRANCH,4,Y
304803,JAIPUR,RAJASTHAN,JAIPUR,Q48,IP DISPATCH JAIPUR BRANCH,4,Y
305012,JAIPUR,RAJASTHAN,JAIPUR,Q48,IP DISPATCH JAIPUR BRANCH,3,Y
305026,JAIPUR,RAJASTHAN,JAIPUR,Q48,IP DISPATCH JAIPUR BRANCH,4,Y
305201,JAIPUR,RAJASTHAN,JAIPUR,Q48,IP DISPATCH JAIPUR BRANCH,3,Y
305202,JAIPUR,RAJASTHAN,JAIPUR,Q48,IP DISPATCH JAIPUR BRANCH,3,Y
305203,JAIPUR,RAJASTHAN,JAIPUR,Q48,IP DISPATCH JAIPUR BRANCH,3,Y
305204,JAIPUR,RAJASTHAN,JAIPUR,Q48,IP DISPATCH JAIPUR BRANCH,3,Y
305205,JAIPUR,RAJASTHAN,JAIPUR,Q48,IP DISPATCH JAIPUR BRANCH,3,Y
305206,JAIPUR,RAJASTHAN,JAIPUR,Q48,IP DISPATCH JAIPUR BRANCH,3,Y
305207,JAIPUR,RAJASTHAN,JAIPUR,Q48,IP DISPATCH JAIPUR BRANCH,3,Y
305401,JAIPUR,RAJASTHAN,JAIPUR,Q48,IP DISPATCH JAIPUR BRANCH,4,Y
305623,JAIPUR,RAJASTHAN,JAIPUR,Q48,IP DISPATCH JAIPUR BRANCH,3,Y
305627,JAIPUR,RAJASTHAN,JAIPUR,Q48,IP DISPATCH JAIPUR BRANCH,3,Y
305628,JAIPUR,RAJASTHAN,JAIPUR,Q48,IP DISPATCH JAIPUR BRANCH,3,Y
305629,JAIPUR,RAJASTHAN,JAIPUR,Q48,IP DISPATCH JAIPUR BRANCH,3,Y
305630,JAIPUR,RAJASTHAN,JAIPUR,Q48,IP DISPATCH JAIPUR BRANCH,3,Y
305631,JAIPUR,RAJASTHAN,JAIPUR,Q48,IP DISPATCH JAIPUR BRANCH,3,Y
305811,JAIPUR,RAJASTHAN,JAIPUR,Q48,IP DISPATCH JAIPUR BRANCH,3,Y
305812,JAIPUR,RAJASTHAN,JAIPUR,Q48,IP DISPATCH JAIPUR BRANCH,3,Y
305813,JAIPUR,RAJASTHAN,JAIPUR,Q48,IP DISPATCH JAIPUR BRANCH,3,Y
305814,JAIPUR,RAJASTHAN,JAIPUR,Q48,IP DISPATCH JAIPUR BRANCH,3,Y
305815,JAIPUR,RAJASTHAN,JAIPUR,Q48,IP DISPATCH JAIPUR BRANCH,3,Y
305816,JAIPUR,RAJASTHAN,JAIPUR,Q48,IP DISPATCH JAIPUR BRANCH,3,Y
305817,JAIPUR,RAJASTHAN,JAIPUR,Q48,IP DISPATCH JAIPUR BRANCH,3,Y
305819,JAIPUR,RAJASTHAN,JAIPUR,Q48,IP DISPATCH JAIPUR BRANCH,3,Y
305921,JAIPUR,RAJASTHAN,JAIPUR,Q48,IP DISPATCH JAIPUR BRANCH,4,Y
305922,JAIPUR,RAJASTHAN,JAIPUR,Q48,IP DISPATCH JAIPUR BRANCH,3,Y
306021,JAIPUR,RAJASTHAN,JAIPUR,Q48,IP DISPATCH JAIPUR BRANCH,5,Y
306022,JAIPUR,RAJASTHAN,JAIPUR,Q48,IP DISPATCH JAIPUR BRANCH,5,Y
306023,JAIPUR,RAJASTHAN,JAIPUR,Q48,IP DISPATCH JAIPUR BRANCH,5,Y
306101,JAIPUR,RAJASTHAN,JAIPUR,Q48,IP DISPATCH JAIPUR BRANCH,4,Y
306102,JAIPUR,RAJASTHAN,JAIPUR,Q48,IP DISPATCH JAIPUR BRANCH,5,Y
306103,JAIPUR,RAJASTHAN,JAIPUR,Q48,IP DISPATCH JAIPUR BRANCH,5,Y
306105,JAIPUR,RAJASTHAN,JAIPUR,Q48,IP DISPATCH JAIPUR BRANCH,5,Y
306114,JAIPUR,RAJASTHAN,JAIPUR,Q48,IP DISPATCH JAIPUR BRANCH,5,Y
306119,JAIPUR,RAJASTHAN,JAIPUR,Q48,IP DISPATCH JAIPUR BRANCH,5,Y
306126,JAIPUR,RAJASTHAN,JAIPUR,Q48,IP DISPATCH JAIPUR BRANCH,5,Y
306301,JAIPUR,RAJASTHAN,JAIPUR,Q48,IP DISPATCH JAIPUR BRANCH,3,Y
306303,JAIPUR,RAJASTHAN,JAIPUR,Q48,IP DISPATCH JAIPUR BRANCH,4,Y
306304,JAIPUR,RAJASTHAN,JAIPUR,Q48,IP DISPATCH JAIPUR BRANCH,4,Y
306305,JAIPUR,RAJASTHAN,JAIPUR,Q48,IP DISPATCH JAIPUR BRANCH,5,Y
306306,JAIPUR,RAJASTHAN,JAIPUR,Q48,IP DISPATCH JAIPUR BRANCH,5,Y
306307,JAIPUR,RAJASTHAN,JAIPUR,Q48,IP DISPATCH JAIPUR BRANCH,5,Y
306308,JAIPUR,RAJASTHAN,JAIPUR,Q48,IP DISPATCH JAIPUR BRANCH,3,Y
306422,JAIPUR,RAJASTHAN,JAIPUR,Q48,IP DISPATCH JAIPUR BRANCH,5,Y
306501,JAIPUR,RAJASTHAN,JAIPUR,Q48,IP DISPATCH JAIPUR BRANCH,5,Y
306502,JAIPUR,RAJASTHAN,JAIPUR,Q48,IP DISPATCH JAIPUR BRANCH,5,Y
306503,JAIPUR,RAJASTHAN,JAIPUR,Q48,IP DISPATCH JAIPUR BRANCH,5,Y
306504,JAIPUR,RAJASTHAN,JAIPUR,Q48,IP DISPATCH JAIPUR BRANCH,5,Y
306601,JAIPUR,RAJASTHAN,JAIPUR,Q48,IP DISPATCH JAIPUR BRANCH,5,Y
306602,JAIPUR,RAJASTHAN,JAIPUR,Q48,IP DISPATCH JAIPUR BRANCH,5,Y
306603,JAIPUR,RAJASTHAN,JAIPUR,Q48,IP DISPATCH JAIPUR BRANCH,5,Y
306604,JAIPUR,RAJASTHAN,JAIPUR,Q48,IP DISPATCH JAIPUR BRANCH,4,Y
306702,JAIPUR,RAJASTHAN,JAIPUR,Q48,IP DISPATCH JAIPUR BRANCH,5,Y
306703,JAIPUR,RAJASTHAN,JAIPUR,Q48,IP DISPATCH JAIPUR BRANCH,5,Y
306704,JAIPUR,RAJASTHAN,JAIPUR,Q48,IP DISPATCH JAIPUR BRANCH,5,Y
306705,JAIPUR,RAJASTHAN,JAIPUR,Q48,IP DISPATCH JAIPUR BRANCH,5,Y
306706,JAIPUR,RAJASTHAN,JAIPUR,Q48,IP DISPATCH JAIPUR BRANCH,5,Y
306707,JAIPUR,RAJASTHAN,JAIPUR,Q48,IP DISPATCH JAIPUR BRANCH,5,Y
306709,JAIPUR,RAJASTHAN,JAIPUR,Q48,IP DISPATCH JAIPUR BRANCH,5,Y
306901,JAIPUR,RAJASTHAN,JAIPUR,Q48,IP DISPATCH JAIPUR BRANCH,5,Y
306912,JAIPUR,RAJASTHAN,JAIPUR,Q48,IP DISPATCH JAIPUR BRANCH,5,Y
307019,JAIPUR,RAJASTHAN,JAIPUR,Q48,IP DISPATCH JAIPUR BRANCH,5,Y
307023,JAIPUR,RAJASTHAN,JAIPUR,Q48,IP DISPATCH JAIPUR BRANCH,5,Y
307024,JAIPUR,RAJASTHAN,JAIPUR,Q48,IP DISPATCH JAIPUR BRANCH,5,Y
307025,JAIPUR,RAJASTHAN,JAIPUR,Q48,IP DISPATCH JAIPUR BRANCH,4,Y
307027,JAIPUR,RAJASTHAN,JAIPUR,Q48,IP DISPATCH JAIPUR BRANCH,3,Y
307028,JAIPUR,RAJASTHAN,JAIPUR,Q48,IP DISPATCH JAIPUR BRANCH,5,Y
307029,JAIPUR,RAJASTHAN,JAIPUR,Q48,IP DISPATCH JAIPUR BRANCH,5,Y
307030,JAIPUR,RAJASTHAN,JAIPUR,Q48,IP DISPATCH JAIPUR BRANCH,5,Y
307031,JAIPUR,RAJASTHAN,JAIPUR,Q48,IP DISPATCH JAIPUR BRANCH,5,Y
307032,JAIPUR,RAJASTHAN,JAIPUR,Q48,IP DISPATCH JAIPUR BRANCH,5,Y
307043,JAIPUR,RAJASTHAN,JAIPUR,Q48,IP DISPATCH JAIPUR BRANCH,5,Y
307501,JAIPUR,RAJASTHAN,JAIPUR,Q48,IP DISPATCH JAIPUR BRANCH,5,Y
307510,JAIPUR,RAJASTHAN,JAIPUR,Q48,IP DISPATCH JAIPUR BRANCH,5,Y
307511,JAIPUR,RAJASTHAN,JAIPUR,Q48,IP DISPATCH JAIPUR BRANCH,5,Y
307512,JAIPUR,RAJASTHAN,JAIPUR,Q48,IP DISPATCH JAIPUR BRANCH,5,Y
307513,JAIPUR,RAJASTHAN,JAIPUR,Q48,IP DISPATCH JAIPUR BRANCH,5,Y
307514,JAIPUR,RAJASTHAN,JAIPUR,Q48,IP DISPATCH JAIPUR BRANCH,5,Y
307515,JAIPUR,RAJASTHAN,JAIPUR,Q48,IP DISPATCH JAIPUR BRANCH,5,Y
307801,JAIPUR,RAJASTHAN,JAIPUR,Q48,IP DISPATCH JAIPUR BRANCH,5,Y
307802,JAIPUR,RAJASTHAN,JAIPUR,Q48,IP DISPATCH JAIPUR BRANCH,5,Y
307803,JAIPUR,RAJASTHAN,JAIPUR,Q48,IP DISPATCH JAIPUR BRANCH,5,Y
311011,JAIPUR,RAJASTHAN,JAIPUR,Q48,IP DISPATCH JAIPUR BRANCH,4,Y
311022,JAIPUR,RAJASTHAN,JAIPUR,Q48,IP DISPATCH JAIPUR BRANCH,4,Y
311023,JAIPUR,RAJASTHAN,JAIPUR,Q48,IP DISPATCH JAIPUR BRANCH,4,Y
311024,JAIPUR,RAJASTHAN,JAIPUR,Q48,IP DISPATCH JAIPUR BRANCH,4,Y
311025,JAIPUR,RAJASTHAN,JAIPUR,Q48,IP DISPATCH JAIPUR BRANCH,4,Y
311026,JAIPUR,RAJASTHAN,JAIPUR,Q48,IP DISPATCH JAIPUR BRANCH,4,Y
311030,JAIPUR,RAJASTHAN,JAIPUR,Q48,IP DISPATCH JAIPUR BRANCH,4,Y
311201,JAIPUR,RAJASTHAN,JAIPUR,Q48,IP DISPATCH JAIPUR BRANCH,4,Y
311202,JAIPUR,RAJASTHAN,JAIPUR,Q48,IP DISPATCH JAIPUR BRANCH,4,Y
311203,JAIPUR,RAJASTHAN,JAIPUR,Q48,IP DISPATCH JAIPUR BRANCH,4,Y
311204,JAIPUR,RAJASTHAN,JAIPUR,Q48,IP DISPATCH JAIPUR BRANCH,4,Y
311301,JAIPUR,RAJASTHAN,JAIPUR,Q48,IP DISPATCH JAIPUR BRANCH,4,Y
311302,JAIPUR,RAJASTHAN,JAIPUR,Q48,IP DISPATCH JAIPUR BRANCH,4,Y
311401,JAIPUR,RAJASTHAN,JAIPUR,Q48,IP DISPATCH JAIPUR BRANCH,4,Y
311402,JAIPUR,RAJASTHAN,JAIPUR,Q48,IP DISPATCH JAIPUR BRANCH,4,Y
311403,JAIPUR,RAJASTHAN,JAIPUR,Q48,IP DISPATCH JAIPUR BRANCH,4,Y
311407,JAIPUR,RAJASTHAN,JAIPUR,Q48,IP DISPATCH JAIPUR BRANCH,4,Y
311408,JAIPUR,RAJASTHAN,JAIPUR,Q48,IP DISPATCH JAIPUR BRANCH,4,Y
311601,JAIPUR,RAJASTHAN,JAIPUR,Q48,IP DISPATCH JAIPUR BRANCH,4,Y
311603,JAIPUR,RAJASTHAN,JAIPUR,Q48,IP DISPATCH JAIPUR BRANCH,4,Y
311605,JAIPUR,RAJASTHAN,JAIPUR,Q48,IP DISPATCH JAIPUR BRANCH,4,Y
311606,JAIPUR,RAJASTHAN,JAIPUR,Q48,IP DISPATCH JAIPUR BRANCH,4,Y
311802,JAIPUR,RAJASTHAN,JAIPUR,Q48,IP DISPATCH JAIPUR BRANCH,4,Y
311803,JAIPUR,RAJASTHAN,JAIPUR,Q48,IP DISPATCH JAIPUR BRANCH,4,Y
311804,JAIPUR,RAJASTHAN,JAIPUR,Q48,IP DISPATCH JAIPUR BRANCH,4,Y
311805,JAIPUR,RAJASTHAN,JAIPUR,Q48,IP DISPATCH JAIPUR BRANCH,4,Y
311806,JAIPUR,RAJASTHAN,JAIPUR,Q48,IP DISPATCH JAIPUR BRANCH,4,Y
312022,JAIPUR,RAJASTHAN,JAIPUR,Q48,IP DISPATCH JAIPUR BRANCH,4,Y
312023,JAIPUR,RAJASTHAN,JAIPUR,Q48,IP DISPATCH JAIPUR BRANCH,4,Y
312024,JAIPUR,RAJASTHAN,JAIPUR,Q48,IP DISPATCH JAIPUR BRANCH,4,Y
312025,JAIPUR,RAJASTHAN,JAIPUR,Q48,IP DISPATCH JAIPUR BRANCH,4,Y
312027,JAIPUR,RAJASTHAN,JAIPUR,Q48,IP DISPATCH JAIPUR BRANCH,4,Y
312201,JAIPUR,RAJASTHAN,JAIPUR,Q48,IP DISPATCH JAIPUR BRANCH,4,Y
312202,JAIPUR,RAJASTHAN,JAIPUR,Q48,IP DISPATCH JAIPUR BRANCH,4,Y
312203,JAIPUR,RAJASTHAN,JAIPUR,Q48,IP DISPATCH JAIPUR BRANCH,4,Y
312204,JAIPUR,RAJASTHAN,JAIPUR,Q48,IP DISPATCH JAIPUR BRANCH,4,Y
312205,JAIPUR,RAJASTHAN,JAIPUR,Q48,IP DISPATCH JAIPUR BRANCH,4,Y
312206,JAIPUR,RAJASTHAN,JAIPUR,Q48,IP DISPATCH JAIPUR BRANCH,4,Y
312207,JAIPUR,RAJASTHAN,JAIPUR,Q48,IP DISPATCH JAIPUR BRANCH,4,Y
312401,JAIPUR,RAJASTHAN,JAIPUR,Q48,IP DISPATCH JAIPUR BRANCH,4,Y
312402,JAIPUR,RAJASTHAN,JAIPUR,Q48,IP DISPATCH JAIPUR BRANCH,4,Y
312403,JAIPUR,RAJASTHAN,JAIPUR,Q48,IP DISPATCH JAIPUR BRANCH,4,Y
312404,JAIPUR,RAJASTHAN,JAIPUR,Q48,IP DISPATCH JAIPUR BRANCH,4,Y
312602,JAIPUR,RAJASTHAN,JAIPUR,Q48,IP DISPATCH JAIPUR BRANCH,4,Y
312603,JAIPUR,RAJASTHAN,JAIPUR,Q48,IP DISPATCH JAIPUR BRANCH,4,Y
312604,JAIPUR,RAJASTHAN,JAIPUR,Q48,IP DISPATCH JAIPUR BRANCH,4,Y
312606,JAIPUR,RAJASTHAN,JAIPUR,Q48,IP DISPATCH JAIPUR BRANCH,4,Y
312612,JAIPUR,RAJASTHAN,JAIPUR,Q48,IP DISPATCH JAIPUR BRANCH,4,Y
312613,JAIPUR,RAJASTHAN,JAIPUR,Q48,IP DISPATCH JAIPUR BRANCH,4,Y
312614,JAIPUR,RAJASTHAN,JAIPUR,Q48,IP DISPATCH JAIPUR BRANCH,4,Y
312615,JAIPUR,RAJASTHAN,JAIPUR,Q48,IP DISPATCH JAIPUR BRANCH,4,Y
312616,JAIPUR,RAJASTHAN,JAIPUR,Q48,IP DISPATCH JAIPUR BRANCH,4,Y
312617,JAIPUR,RAJASTHAN,JAIPUR,Q48,IP DISPATCH JAIPUR BRANCH,4,Y
312619,JAIPUR,RAJASTHAN,JAIPUR,Q48,IP DISPATCH JAIPUR BRANCH,4,Y
312620,JAIPUR,RAJASTHAN,JAIPUR,Q48,IP DISPATCH JAIPUR BRANCH,4,Y
312622,JAIPUR,RAJASTHAN,JAIPUR,Q48,IP DISPATCH JAIPUR BRANCH,4,Y
312623,JAIPUR,RAJASTHAN,JAIPUR,Q48,IP DISPATCH JAIPUR BRANCH,4,Y
312624,JAIPUR,RAJASTHAN,JAIPUR,Q48,IP DISPATCH JAIPUR BRANCH,4,Y
312625,JAIPUR,RAJASTHAN,JAIPUR,Q48,IP DISPATCH JAIPUR BRANCH,4,Y
312626,JAIPUR,RAJASTHAN,JAIPUR,Q48,IP DISPATCH JAIPUR BRANCH,4,Y
312627,JAIPUR,RAJASTHAN,JAIPUR,Q48,IP DISPATCH JAIPUR BRANCH,4,Y
312628,JAIPUR,RAJASTHAN,JAIPUR,Q48,IP DISPATCH JAIPUR BRANCH,4,Y
312629,JAIPUR,RAJASTHAN,JAIPUR,Q48,IP DISPATCH JAIPUR BRANCH,4,Y
312901,JAIPUR,RAJASTHAN,JAIPUR,Q48,IP DISPATCH JAIPUR BRANCH,4,Y
313011,JAIPUR,RAJASTHAN,JAIPUR,Q48,IP DISPATCH JAIPUR BRANCH,4,Y
313022,JAIPUR,RAJASTHAN,JAIPUR,Q48,IP DISPATCH JAIPUR BRANCH,4,Y
313024,JAIPUR,RAJASTHAN,JAIPUR,Q48,IP DISPATCH JAIPUR BRANCH,4,Y
313026,JAIPUR,RAJASTHAN,JAIPUR,Q48,IP DISPATCH JAIPUR BRANCH,3,Y
313027,JAIPUR,RAJASTHAN,JAIPUR,Q48,IP DISPATCH JAIPUR BRANCH,3,Y
313031,JAIPUR,RAJASTHAN,JAIPUR,Q48,IP DISPATCH JAIPUR BRANCH,4,Y
313038,JAIPUR,RAJASTHAN,JAIPUR,Q48,IP DISPATCH JAIPUR BRANCH,3,Y
313201,JAIPUR,RAJASTHAN,JAIPUR,Q48,IP DISPATCH JAIPUR BRANCH,4,Y
313202,JAIPUR,RAJASTHAN,JAIPUR,Q48,IP DISPATCH JAIPUR BRANCH,4,Y
313203,JAIPUR,RAJASTHAN,JAIPUR,Q48,IP DISPATCH JAIPUR BRANCH,4,Y
313204,JAIPUR,RAJASTHAN,JAIPUR,Q48,IP DISPATCH JAIPUR BRANCH,4,Y
313205,JAIPUR,RAJASTHAN,JAIPUR,Q48,IP DISPATCH JAIPUR BRANCH,4,Y
313206,JAIPUR,RAJASTHAN,JAIPUR,Q48,IP DISPATCH JAIPUR BRANCH,4,Y
313207,JAIPUR,RAJASTHAN,JAIPUR,Q48,IP DISPATCH JAIPUR BRANCH,4,Y
313321,JAIPUR,RAJASTHAN,JAIPUR,Q48,IP DISPATCH JAIPUR BRANCH,4,Y
313323,JAIPUR,RAJASTHAN,JAIPUR,Q48,IP DISPATCH JAIPUR BRANCH,4,Y
313325,JAIPUR,RAJASTHAN,JAIPUR,Q48,IP DISPATCH JAIPUR BRANCH,4,Y
313327,JAIPUR,RAJASTHAN,JAIPUR,Q48,IP DISPATCH JAIPUR BRANCH,4,Y
313328,JAIPUR,RAJASTHAN,JAIPUR,Q48,IP DISPATCH JAIPUR BRANCH,4,Y
313330,JAIPUR,RAJASTHAN,JAIPUR,Q48,IP DISPATCH JAIPUR BRANCH,4,Y
313332,JAIPUR,RAJASTHAN,JAIPUR,Q48,IP DISPATCH JAIPUR BRANCH,4,Y
313333,JAIPUR,RAJASTHAN,JAIPUR,Q48,IP DISPATCH JAIPUR BRANCH,4,Y
313341,JAIPUR,RAJASTHAN,JAIPUR,Q48,IP DISPATCH JAIPUR BRANCH,4,Y
313604,JAIPUR,RAJASTHAN,JAIPUR,Q48,IP DISPATCH JAIPUR BRANCH,4,Y
313701,JAIPUR,RAJASTHAN,JAIPUR,Q48,IP DISPATCH JAIPUR BRANCH,4,Y
313702,JAIPUR,RAJASTHAN,JAIPUR,Q48,IP DISPATCH JAIPUR BRANCH,4,Y
313703,JAIPUR,RAJASTHAN,JAIPUR,Q48,IP DISPATCH JAIPUR BRANCH,4,Y
313704,JAIPUR,RAJASTHAN,JAIPUR,Q48,IP DISPATCH JAIPUR BRANCH,4,Y
313705,JAIPUR,RAJASTHAN,JAIPUR,Q48,IP DISPATCH JAIPUR BRANCH,4,Y
313706,JAIPUR,RAJASTHAN,JAIPUR,Q48,IP DISPATCH JAIPUR BRANCH,4,Y
313708,JAIPUR,RAJASTHAN,JAIPUR,Q48,IP DISPATCH JAIPUR BRANCH,4,Y
313801,JAIPUR,RAJASTHAN,JAIPUR,Q48,IP DISPATCH JAIPUR BRANCH,4,Y
313802,JAIPUR,RAJASTHAN,JAIPUR,Q48,IP DISPATCH JAIPUR BRANCH,4,Y
313803,JAIPUR,RAJASTHAN,JAIPUR,Q48,IP DISPATCH JAIPUR BRANCH,4,Y
313804,JAIPUR,RAJASTHAN,JAIPUR,Q48,IP DISPATCH JAIPUR BRANCH,4,Y
313805,JAIPUR,RAJASTHAN,JAIPUR,Q48,IP DISPATCH JAIPUR BRANCH,4,Y
313806,JAIPUR,RAJASTHAN,JAIPUR,Q48,IP DISPATCH JAIPUR BRANCH,4,Y
313901,JAIPUR,RAJASTHAN,JAIPUR,Q48,IP DISPATCH JAIPUR BRANCH,4,Y
313902,JAIPUR,RAJASTHAN,JAIPUR,Q48,IP DISPATCH JAIPUR BRANCH,4,Y
313903,JAIPUR,RAJASTHAN,JAIPUR,Q48,IP DISPATCH JAIPUR BRANCH,4,Y
313904,JAIPUR,RAJASTHAN,JAIPUR,Q48,IP DISPATCH JAIPUR BRANCH,4,Y
313905,JAIPUR,RAJASTHAN,JAIPUR,Q48,IP DISPATCH JAIPUR BRANCH,4,Y
313906,JAIPUR,RAJASTHAN,JAIPUR,Q48,IP DISPATCH JAIPUR BRANCH,4,Y
314011,JAIPUR,RAJASTHAN,JAIPUR,Q48,IP DISPATCH JAIPUR BRANCH,5,Y
314021,JAIPUR,RAJASTHAN,JAIPUR,Q48,IP DISPATCH JAIPUR BRANCH,5,Y
314022,JAIPUR,RAJASTHAN,JAIPUR,Q48,IP DISPATCH JAIPUR BRANCH,5,Y
314023,JAIPUR,RAJASTHAN,JAIPUR,Q48,IP DISPATCH JAIPUR BRANCH,5,Y
314024,JAIPUR,RAJASTHAN,JAIPUR,Q48,IP DISPATCH JAIPUR BRANCH,5,Y
314026,JAIPUR,RAJASTHAN,JAIPUR,Q48,IP DISPATCH JAIPUR BRANCH,4,Y
314027,JAIPUR,RAJASTHAN,JAIPUR,Q48,IP DISPATCH JAIPUR BRANCH,3,Y
314028,JAIPUR,RAJASTHAN,JAIPUR,Q48,IP DISPATCH JAIPUR BRANCH,5,Y
314029,JAIPUR,RAJASTHAN,JAIPUR,Q48,IP DISPATCH JAIPUR BRANCH,5,Y
314030,JAIPUR,RAJASTHAN,JAIPUR,Q48,IP DISPATCH JAIPUR BRANCH,5,Y
314031,JAIPUR,RAJASTHAN,JAIPUR,Q48,IP DISPATCH JAIPUR BRANCH,3,Y
314032,JAIPUR,RAJASTHAN,JAIPUR,Q48,IP DISPATCH JAIPUR BRANCH,5,Y
314034,JAIPUR,RAJASTHAN,JAIPUR,Q48,IP DISPATCH JAIPUR BRANCH,5,Y
314035,JAIPUR,RAJASTHAN,JAIPUR,Q48,IP DISPATCH JAIPUR BRANCH,5,Y
314036,JAIPUR,RAJASTHAN,JAIPUR,Q48,IP DISPATCH JAIPUR BRANCH,5,Y
314037,JAIPUR,RAJASTHAN,JAIPUR,Q48,IP DISPATCH JAIPUR BRANCH,5,Y
314038,JAIPUR,RAJASTHAN,JAIPUR,Q48,IP DISPATCH JAIPUR BRANCH,5,Y
314401,JAIPUR,RAJASTHAN,JAIPUR,Q48,IP DISPATCH JAIPUR BRANCH,5,Y
314402,JAIPUR,RAJASTHAN,JAIPUR,Q48,IP DISPATCH JAIPUR BRANCH,5,Y
314403,JAIPUR,RAJASTHAN,JAIPUR,Q48,IP DISPATCH JAIPUR BRANCH,5,Y
314404,JAIPUR,RAJASTHAN,JAIPUR,Q48,IP DISPATCH JAIPUR BRANCH,5,Y
314406,JAIPUR,RAJASTHAN,JAIPUR,Q48,IP DISPATCH JAIPUR BRANCH,5,Y
314801,JAIPUR,RAJASTHAN,JAIPUR,Q48,IP DISPATCH JAIPUR BRANCH,5,Y
314804,JAIPUR,RAJASTHAN,JAIPUR,Q48,IP DISPATCH JAIPUR BRANCH,5,Y
321021,JAIPUR,RAJASTHAN,JAIPUR,Q48,IP DISPATCH JAIPUR BRANCH,3,Y
321023,JAIPUR,RAJASTHAN,JAIPUR,Q48,IP DISPATCH JAIPUR BRANCH,3,Y
321024,JAIPUR,RAJASTHAN,JAIPUR,Q48,IP DISPATCH JAIPUR BRANCH,3,Y
321025,JAIPUR,RAJASTHAN,JAIPUR,Q48,IP DISPATCH JAIPUR BRANCH,3,Y
321026,JAIPUR,RAJASTHAN,JAIPUR,Q48,IP DISPATCH JAIPUR BRANCH,3,Y
321028,JAIPUR,RAJASTHAN,JAIPUR,Q48,IP DISPATCH JAIPUR BRANCH,3,Y
321201,JAIPUR,RAJASTHAN,JAIPUR,Q48,IP DISPATCH JAIPUR BRANCH,3,Y
321202,JAIPUR,RAJASTHAN,JAIPUR,Q48,IP DISPATCH JAIPUR BRANCH,3,Y
321204,JAIPUR,RAJASTHAN,JAIPUR,Q48,IP DISPATCH JAIPUR BRANCH,3,Y
321205,JAIPUR,RAJASTHAN,JAIPUR,Q48,IP DISPATCH JAIPUR BRANCH,3,Y
321206,JAIPUR,RAJASTHAN,JAIPUR,Q48,IP DISPATCH JAIPUR BRANCH,3,Y
321301,JAIPUR,RAJASTHAN,JAIPUR,Q48,IP DISPATCH JAIPUR BRANCH,3,Y
321302,JAIPUR,RAJASTHAN,JAIPUR,Q48,IP DISPATCH JAIPUR BRANCH,3,Y
321303,JAIPUR,RAJASTHAN,JAIPUR,Q48,IP DISPATCH JAIPUR BRANCH,3,Y
321402,JAIPUR,RAJASTHAN,JAIPUR,Q48,IP DISPATCH JAIPUR BRANCH,3,Y
321403,JAIPUR,RAJASTHAN,JAIPUR,Q48,IP DISPATCH JAIPUR BRANCH,3,Y
321404,JAIPUR,RAJASTHAN,JAIPUR,Q48,IP DISPATCH JAIPUR BRANCH,3,Y
321405,JAIPUR,RAJASTHAN,JAIPUR,Q48,IP DISPATCH JAIPUR BRANCH,3,Y
321406,JAIPUR,RAJASTHAN,JAIPUR,Q48,IP DISPATCH JAIPUR BRANCH,3,Y
321407,JAIPUR,RAJASTHAN,JAIPUR,Q48,IP DISPATCH JAIPUR BRANCH,3,Y
321408,JAIPUR,RAJASTHAN,JAIPUR,Q48,IP DISPATCH JAIPUR BRANCH,3,Y
321409,JAIPUR,RAJASTHAN,JAIPUR,Q48,IP DISPATCH JAIPUR BRANCH,3,Y
321410,JAIPUR,RAJASTHAN,JAIPUR,Q48,IP DISPATCH JAIPUR BRANCH,3,Y
321411,JAIPUR,RAJASTHAN,JAIPUR,Q48,IP DISPATCH JAIPUR BRANCH,3,Y
321601,JAIPUR,RAJASTHAN,JAIPUR,Q48,IP DISPATCH JAIPUR BRANCH,3,Y
321602,JAIPUR,RAJASTHAN,JAIPUR,Q48,IP DISPATCH JAIPUR BRANCH,3,Y
321605,JAIPUR,RAJASTHAN,JAIPUR,Q48,IP DISPATCH JAIPUR BRANCH,3,Y
321606,JAIPUR,RAJASTHAN,JAIPUR,Q48,IP DISPATCH JAIPUR BRANCH,3,Y
321607,JAIPUR,RAJASTHAN,JAIPUR,Q48,IP DISPATCH JAIPUR BRANCH,3,Y
321609,JAIPUR,RAJASTHAN,JAIPUR,Q48,IP DISPATCH JAIPUR BRANCH,3,Y
321610,JAIPUR,RAJASTHAN,JAIPUR,Q48,IP DISPATCH JAIPUR BRANCH,3,Y
321611,JAIPUR,RAJASTHAN,JAIPUR,Q48,IP DISPATCH JAIPUR BRANCH,3,Y
321612,JAIPUR,RAJASTHAN,JAIPUR,Q48,IP DISPATCH JAIPUR BRANCH,3,Y
321613,JAIPUR,RAJASTHAN,JAIPUR,Q48,IP DISPATCH JAIPUR BRANCH,3,Y
321614,JAIPUR,RAJASTHAN,JAIPUR,Q48,IP DISPATCH JAIPUR BRANCH,3,Y
321615,JAIPUR,RAJASTHAN,JAIPUR,Q48,IP DISPATCH JAIPUR BRANCH,3,Y
321633,JAIPUR,RAJASTHAN,JAIPUR,Q48,IP DISPATCH JAIPUR BRANCH,3,Y
321642,JAIPUR,RAJASTHAN,JAIPUR,Q48,IP DISPATCH JAIPUR BRANCH,3,Y
322023,JAIPUR,RAJASTHAN,JAIPUR,Q48,IP DISPATCH JAIPUR BRANCH,3,Y
322024,JAIPUR,RAJASTHAN,JAIPUR,Q48,IP DISPATCH JAIPUR BRANCH,3,Y
322025,JAIPUR,RAJASTHAN,JAIPUR,Q48,IP DISPATCH JAIPUR BRANCH,3,Y
322026,JAIPUR,RAJASTHAN,JAIPUR,Q48,IP DISPATCH JAIPUR BRANCH,3,Y
322027,JAIPUR,RAJASTHAN,JAIPUR,Q48,IP DISPATCH JAIPUR BRANCH,3,Y
322028,JAIPUR,RAJASTHAN,JAIPUR,Q48,IP DISPATCH JAIPUR BRANCH,3,Y
322029,JAIPUR,RAJASTHAN,JAIPUR,Q48,IP DISPATCH JAIPUR BRANCH,3,Y
322030,JAIPUR,RAJASTHAN,JAIPUR,Q48,IP DISPATCH JAIPUR BRANCH,3,Y
322033,JAIPUR,RAJASTHAN,JAIPUR,Q48,IP DISPATCH JAIPUR BRANCH,3,Y
322034,JAIPUR,RAJASTHAN,JAIPUR,Q48,IP DISPATCH JAIPUR BRANCH,3,Y
322201,JAIPUR,RAJASTHAN,JAIPUR,Q48,IP DISPATCH JAIPUR BRANCH,4,Y
322202,JAIPUR,RAJASTHAN,JAIPUR,Q48,IP DISPATCH JAIPUR BRANCH,3,Y
322203,JAIPUR,RAJASTHAN,JAIPUR,Q48,IP DISPATCH JAIPUR BRANCH,3,Y
322204,JAIPUR,RAJASTHAN,JAIPUR,Q48,IP DISPATCH JAIPUR BRANCH,3,Y
322205,JAIPUR,RAJASTHAN,JAIPUR,Q48,IP DISPATCH JAIPUR BRANCH,3,Y
322211,JAIPUR,RAJASTHAN,JAIPUR,Q48,IP DISPATCH JAIPUR BRANCH,3,Y
322212,JAIPUR,RAJASTHAN,JAIPUR,Q48,IP DISPATCH JAIPUR BRANCH,3,Y
322213,JAIPUR,RAJASTHAN,JAIPUR,Q48,IP DISPATCH JAIPUR BRANCH,3,Y
322214,JAIPUR,RAJASTHAN,JAIPUR,Q48,IP DISPATCH JAIPUR BRANCH,3,Y
322215,JAIPUR,RAJASTHAN,JAIPUR,Q48,IP DISPATCH JAIPUR BRANCH,3,Y
322216,JAIPUR,RAJASTHAN,JAIPUR,Q48,IP DISPATCH JAIPUR BRANCH,3,Y
322218,JAIPUR,RAJASTHAN,JAIPUR,Q48,IP DISPATCH JAIPUR BRANCH,3,Y
322219,JAIPUR,RAJASTHAN,JAIPUR,Q48,IP DISPATCH JAIPUR BRANCH,3,Y
322220,JAIPUR,RAJASTHAN,JAIPUR,Q48,IP DISPATCH JAIPUR BRANCH,3,Y
322234,JAIPUR,RAJASTHAN,JAIPUR,Q48,IP DISPATCH JAIPUR BRANCH,3,Y
322236,JAIPUR,RAJASTHAN,JAIPUR,Q48,IP DISPATCH JAIPUR BRANCH,3,Y
322238,JAIPUR,RAJASTHAN,JAIPUR,Q48,IP DISPATCH JAIPUR BRANCH,3,Y
322240,JAIPUR,RAJASTHAN,JAIPUR,Q48,IP DISPATCH JAIPUR BRANCH,3,Y
322241,JAIPUR,RAJASTHAN,JAIPUR,Q48,IP DISPATCH JAIPUR BRANCH,3,Y
322242,JAIPUR,RAJASTHAN,JAIPUR,Q48,IP DISPATCH JAIPUR BRANCH,3,Y
322243,JAIPUR,RAJASTHAN,JAIPUR,Q48,IP DISPATCH JAIPUR BRANCH,3,Y
322249,JAIPUR,RAJASTHAN,JAIPUR,Q48,IP DISPATCH JAIPUR BRANCH,3,Y
322251,JAIPUR,RAJASTHAN,JAIPUR,Q48,IP DISPATCH JAIPUR BRANCH,3,Y
322252,JAIPUR,RAJASTHAN,JAIPUR,Q48,IP DISPATCH JAIPUR BRANCH,3,Y
322254,JAIPUR,RAJASTHAN,JAIPUR,Q48,IP DISPATCH JAIPUR BRANCH,3,Y
322255,JAIPUR,RAJASTHAN,JAIPUR,Q48,IP DISPATCH JAIPUR BRANCH,3,Y
322701,JAIPUR,RAJASTHAN,JAIPUR,Q48,IP DISPATCH JAIPUR BRANCH,3,Y
322702,JAIPUR,RAJASTHAN,JAIPUR,Q48,IP DISPATCH JAIPUR BRANCH,3,Y
322703,JAIPUR,RAJASTHAN,JAIPUR,Q48,IP DISPATCH JAIPUR BRANCH,3,Y
322704,JAIPUR,RAJASTHAN,JAIPUR,Q48,IP DISPATCH JAIPUR BRANCH,3,Y
323021,JAIPUR,RAJASTHAN,JAIPUR,Q48,IP DISPATCH JAIPUR BRANCH,4,Y
323022,JAIPUR,RAJASTHAN,JAIPUR,Q48,IP DISPATCH JAIPUR BRANCH,4,Y
323023,JAIPUR,RAJASTHAN,JAIPUR,Q48,IP DISPATCH JAIPUR BRANCH,4,Y
323024,JAIPUR,RAJASTHAN,JAIPUR,Q48,IP DISPATCH JAIPUR BRANCH,4,Y
323025,JAIPUR,RAJASTHAN,JAIPUR,Q48,IP DISPATCH JAIPUR BRANCH,4,Y
323026,JAIPUR,RAJASTHAN,JAIPUR,Q48,IP DISPATCH JAIPUR BRANCH,4,Y
323301,JAIPUR,RAJASTHAN,JAIPUR,Q48,IP DISPATCH JAIPUR BRANCH,4,Y
323303,JAIPUR,RAJASTHAN,JAIPUR,Q48,IP DISPATCH JAIPUR BRANCH,4,Y
323304,JAIPUR,RAJASTHAN,JAIPUR,Q48,IP DISPATCH JAIPUR BRANCH,4,Y
323305,JAIPUR,RAJASTHAN,JAIPUR,Q48,IP DISPATCH JAIPUR BRANCH,4,Y
323601,JAIPUR,RAJASTHAN,JAIPUR,Q48,IP DISPATCH JAIPUR BRANCH,4,Y
323602,JAIPUR,RAJASTHAN,JAIPUR,Q48,IP DISPATCH JAIPUR BRANCH,4,Y
323613,JAIPUR,RAJASTHAN,JAIPUR,Q48,IP DISPATCH JAIPUR BRANCH,4,Y
323614,JAIPUR,RAJASTHAN,JAIPUR,Q48,IP DISPATCH JAIPUR BRANCH,4,Y
323615,JAIPUR,RAJASTHAN,JAIPUR,Q48,IP DISPATCH JAIPUR BRANCH,4,Y
323616,JAIPUR,RAJASTHAN,JAIPUR,Q48,IP DISPATCH JAIPUR BRANCH,4,Y
323801,JAIPUR,RAJASTHAN,JAIPUR,Q48,IP DISPATCH JAIPUR BRANCH,4,Y
323802,JAIPUR,RAJASTHAN,JAIPUR,Q48,IP DISPATCH JAIPUR BRANCH,4,Y
323803,JAIPUR,RAJASTHAN,JAIPUR,Q48,IP DISPATCH JAIPUR BRANCH,4,Y
325004,JAIPUR,RAJASTHAN,JAIPUR,Q48,IP DISPATCH JAIPUR BRANCH,3,Y
325009,JAIPUR,RAJASTHAN,JAIPUR,Q48,IP DISPATCH JAIPUR BRANCH,3,Y
325201,JAIPUR,RAJASTHAN,JAIPUR,Q48,IP DISPATCH JAIPUR BRANCH,3,Y
325203,JAIPUR,RAJASTHAN,JAIPUR,Q48,IP DISPATCH JAIPUR BRANCH,3,Y
325206,JAIPUR,RAJASTHAN,JAIPUR,Q48,IP DISPATCH JAIPUR BRANCH,3,Y
325207,JAIPUR,RAJASTHAN,JAIPUR,Q48,IP DISPATCH JAIPUR BRANCH,4,Y
325208,JAIPUR,RAJASTHAN,JAIPUR,Q48,IP DISPATCH JAIPUR BRANCH,3,Y
325209,JAIPUR,RAJASTHAN,JAIPUR,Q48,IP DISPATCH JAIPUR BRANCH,4,Y
325214,JAIPUR,RAJASTHAN,JAIPUR,Q48,IP DISPATCH JAIPUR BRANCH,3,Y
325217,JAIPUR,RAJASTHAN,JAIPUR,Q48,IP DISPATCH JAIPUR BRANCH,4,Y
325222,JAIPUR,RAJASTHAN,JAIPUR,Q48,IP DISPATCH JAIPUR BRANCH,4,Y
325223,JAIPUR,RAJASTHAN,JAIPUR,Q48,IP DISPATCH JAIPUR BRANCH,4,Y
325224,JAIPUR,RAJASTHAN,JAIPUR,Q48,IP DISPATCH JAIPUR BRANCH,4,Y
325601,JAIPUR,RAJASTHAN,JAIPUR,Q48,IP DISPATCH JAIPUR BRANCH,3,Y
325602,JAIPUR,RAJASTHAN,JAIPUR,Q48,IP DISPATCH JAIPUR BRANCH,3,Y
326021,JAIPUR,RAJASTHAN,JAIPUR,Q48,IP DISPATCH JAIPUR BRANCH,4,Y
326034,JAIPUR,RAJASTHAN,JAIPUR,Q48,IP DISPATCH JAIPUR BRANCH,4,Y
326035,JAIPUR,RAJASTHAN,JAIPUR,Q48,IP DISPATCH JAIPUR BRANCH,4,Y
326036,JAIPUR,RAJASTHAN,JAIPUR,Q48,IP DISPATCH JAIPUR BRANCH,4,Y
326037,JAIPUR,RAJASTHAN,JAIPUR,Q48,IP DISPATCH JAIPUR BRANCH,3,Y
326039,JAIPUR,RAJASTHAN,JAIPUR,Q48,IP DISPATCH JAIPUR BRANCH,4,Y
326501,JAIPUR,RAJASTHAN,JAIPUR,Q48,IP DISPATCH JAIPUR BRANCH,4,Y
326512,JAIPUR,RAJASTHAN,JAIPUR,Q48,IP DISPATCH JAIPUR BRANCH,4,Y
326513,JAIPUR,RAJASTHAN,JAIPUR,Q48,IP DISPATCH JAIPUR BRANCH,4,Y
326514,JAIPUR,RAJASTHAN,JAIPUR,Q48,IP DISPATCH JAIPUR BRANCH,4,Y
326515,JAIPUR,RAJASTHAN,JAIPUR,Q48,IP DISPATCH JAIPUR BRANCH,4,Y
326516,JAIPUR,RAJASTHAN,JAIPUR,Q48,IP DISPATCH JAIPUR BRANCH,4,Y
326518,JAIPUR,RAJASTHAN,JAIPUR,Q48,IP DISPATCH JAIPUR BRANCH,3,Y
326529,JAIPUR,RAJASTHAN,JAIPUR,Q48,IP DISPATCH JAIPUR BRANCH,4,Y
326530,JAIPUR,RAJASTHAN,JAIPUR,Q48,IP DISPATCH JAIPUR BRANCH,4,Y
327021,JAIPUR,RAJASTHAN,JAIPUR,Q48,IP DISPATCH JAIPUR BRANCH,5,Y
327027,JAIPUR,RAJASTHAN,JAIPUR,Q48,IP DISPATCH JAIPUR BRANCH,5,Y
327031,JAIPUR,RAJASTHAN,JAIPUR,Q48,IP DISPATCH JAIPUR BRANCH,5,Y
327032,JAIPUR,RAJASTHAN,JAIPUR,Q48,IP DISPATCH JAIPUR BRANCH,5,Y
327601,JAIPUR,RAJASTHAN,JAIPUR,Q48,IP DISPATCH JAIPUR BRANCH,5,Y
327602,JAIPUR,RAJASTHAN,JAIPUR,Q48,IP DISPATCH JAIPUR BRANCH,5,Y
327603,JAIPUR,RAJASTHAN,JAIPUR,Q48,IP DISPATCH JAIPUR BRANCH,5,Y
327604,JAIPUR,RAJASTHAN,JAIPUR,Q48,IP DISPATCH JAIPUR BRANCH,5,Y
327605,JAIPUR,RAJASTHAN,JAIPUR,Q48,IP DISPATCH JAIPUR BRANCH,5,Y
327606,JAIPUR,RAJASTHAN,JAIPUR,Q48,IP DISPATCH JAIPUR BRANCH,5,Y
327801,JAIPUR,RAJASTHAN,JAIPUR,Q48,IP DISPATCH JAIPUR BRANCH,5,Y
328022,JAIPUR,RAJASTHAN,JAIPUR,Q48,IP DISPATCH JAIPUR BRANCH,3,Y
328023,JAIPUR,RAJASTHAN,JAIPUR,Q48,IP DISPATCH JAIPUR BRANCH,3,Y
328024,JAIPUR,RAJASTHAN,JAIPUR,Q48,IP DISPATCH JAIPUR BRANCH,3,Y
328025,JAIPUR,RAJASTHAN,JAIPUR,Q48,IP DISPATCH JAIPUR BRANCH,3,Y
328026,JAIPUR,RAJASTHAN,JAIPUR,Q48,IP DISPATCH JAIPUR BRANCH,3,Y
328027,JAIPUR,RAJASTHAN,JAIPUR,Q48,IP DISPATCH JAIPUR BRANCH,3,Y
328028,JAIPUR,RAJASTHAN,JAIPUR,Q48,IP DISPATCH JAIPUR BRANCH,3,Y
328029,JAIPUR,RAJASTHAN,JAIPUR,Q48,IP DISPATCH JAIPUR BRANCH,3,Y
328030,JAIPUR,RAJASTHAN,JAIPUR,Q48,IP DISPATCH JAIPUR BRANCH,3,Y
328031,JAIPUR,RAJASTHAN,JAIPUR,Q48,IP DISPATCH JAIPUR BRANCH,3,Y
328041,JAIPUR,RAJASTHAN,JAIPUR,Q48,IP DISPATCH JAIPUR BRANCH,3,Y
331021,JAIPUR,RAJASTHAN,JAIPUR,Q48,IP DISPATCH JAIPUR BRANCH,3,Y
331025,JAIPUR,RAJASTHAN,JAIPUR,Q48,IP DISPATCH JAIPUR BRANCH,3,Y
331026,JAIPUR,RAJASTHAN,JAIPUR,Q48,IP DISPATCH JAIPUR BRANCH,3,Y
331027,JAIPUR,RAJASTHAN,JAIPUR,Q48,IP DISPATCH JAIPUR BRANCH,3,Y
331028,JAIPUR,RAJASTHAN,JAIPUR,Q48,IP DISPATCH JAIPUR BRANCH,3,Y
331029,JAIPUR,RAJASTHAN,JAIPUR,Q48,IP DISPATCH JAIPUR BRANCH,3,Y
331031,JAIPUR,RAJASTHAN,JAIPUR,Q48,IP DISPATCH JAIPUR BRANCH,3,Y
331301,JAIPUR,RAJASTHAN,JAIPUR,Q48,IP DISPATCH JAIPUR BRANCH,3,Y
331302,JAIPUR,RAJASTHAN,JAIPUR,Q48,IP DISPATCH JAIPUR BRANCH,3,Y
331303,JAIPUR,RAJASTHAN,JAIPUR,Q48,IP DISPATCH JAIPUR BRANCH,3,Y
331305,JAIPUR,RAJASTHAN,JAIPUR,Q48,IP DISPATCH JAIPUR BRANCH,3,Y
331402,JAIPUR,RAJASTHAN,JAIPUR,Q48,IP DISPATCH JAIPUR BRANCH,3,Y
331411,JAIPUR,RAJASTHAN,JAIPUR,Q48,IP DISPATCH JAIPUR BRANCH,3,Y
331501,JAIPUR,RAJASTHAN,JAIPUR,Q48,IP DISPATCH JAIPUR BRANCH,3,Y
331502,JAIPUR,RAJASTHAN,JAIPUR,Q48,IP DISPATCH JAIPUR BRANCH,3,Y
331503,JAIPUR,RAJASTHAN,JAIPUR,Q48,IP DISPATCH JAIPUR BRANCH,3,Y
331504,JAIPUR,RAJASTHAN,JAIPUR,Q48,IP DISPATCH JAIPUR BRANCH,3,Y
331505,JAIPUR,RAJASTHAN,JAIPUR,Q48,IP DISPATCH JAIPUR BRANCH,3,Y
331506,JAIPUR,RAJASTHAN,JAIPUR,Q48,IP DISPATCH JAIPUR BRANCH,3,Y
331517,JAIPUR,RAJASTHAN,JAIPUR,Q48,IP DISPATCH JAIPUR BRANCH,3,Y
331518,JAIPUR,RAJASTHAN,JAIPUR,Q48,IP DISPATCH JAIPUR BRANCH,3,Y
331701,JAIPUR,RAJASTHAN,JAIPUR,Q48,IP DISPATCH JAIPUR BRANCH,3,Y
331801,JAIPUR,RAJASTHAN,JAIPUR,Q48,IP DISPATCH JAIPUR BRANCH,4,Y
331802,JAIPUR,RAJASTHAN,JAIPUR,Q48,IP DISPATCH JAIPUR BRANCH,3,Y
331811,JAIPUR,RAJASTHAN,JAIPUR,Q48,IP DISPATCH JAIPUR BRANCH,4,Y
332002,JAIPUR,RAJASTHAN,JAIPUR,Q48,IP DISPATCH JAIPUR BRANCH,3,Y
332003,JAIPUR,RAJASTHAN,JAIPUR,Q48,IP DISPATCH JAIPUR BRANCH,3,Y
332023,JAIPUR,RAJASTHAN,JAIPUR,Q48,IP DISPATCH JAIPUR BRANCH,3,Y
332024,JAIPUR,RAJASTHAN,JAIPUR,Q48,IP DISPATCH JAIPUR BRANCH,3,Y
332026,JAIPUR,RAJASTHAN,JAIPUR,Q48,IP DISPATCH JAIPUR BRANCH,3,Y
332027,JAIPUR,RAJASTHAN,JAIPUR,Q48,IP DISPATCH JAIPUR BRANCH,3,Y
332028,JAIPUR,RAJASTHAN,JAIPUR,Q48,IP DISPATCH JAIPUR BRANCH,3,Y
332029,JAIPUR,RAJASTHAN,JAIPUR,Q48,IP DISPATCH JAIPUR BRANCH,3,Y
332030,JAIPUR,RAJASTHAN,JAIPUR,Q48,IP DISPATCH JAIPUR BRANCH,3,Y
332031,JAIPUR,RAJASTHAN,JAIPUR,Q48,IP DISPATCH JAIPUR BRANCH,3,Y
332041,JAIPUR,RAJASTHAN,JAIPUR,Q48,IP DISPATCH JAIPUR BRANCH,3,Y
332042,JAIPUR,RAJASTHAN,JAIPUR,Q48,IP DISPATCH JAIPUR BRANCH,3,Y
332302,JAIPUR,RAJASTHAN,JAIPUR,Q48,IP DISPATCH JAIPUR BRANCH,3,Y
332303,JAIPUR,RAJASTHAN,JAIPUR,Q48,IP DISPATCH JAIPUR BRANCH,3,Y
332304,JAIPUR,RAJASTHAN,JAIPUR,Q48,IP DISPATCH JAIPUR BRANCH,3,Y
332305,JAIPUR,RAJASTHAN,JAIPUR,Q48,IP DISPATCH JAIPUR BRANCH,3,Y
332307,JAIPUR,RAJASTHAN,JAIPUR,Q48,IP DISPATCH JAIPUR BRANCH,3,Y
332312,JAIPUR,RAJASTHAN,JAIPUR,Q48,IP DISPATCH JAIPUR BRANCH,3,Y
332315,JAIPUR,RAJASTHAN,JAIPUR,Q48,IP DISPATCH JAIPUR BRANCH,3,Y
332316,JAIPUR,RAJASTHAN,JAIPUR,Q48,IP DISPATCH JAIPUR BRANCH,3,Y
332317,JAIPUR,RAJASTHAN,JAIPUR,Q48,IP DISPATCH JAIPUR BRANCH,3,Y
332318,JAIPUR,RAJASTHAN,JAIPUR,Q48,IP DISPATCH JAIPUR BRANCH,3,Y
332401,JAIPUR,RAJASTHAN,JAIPUR,Q48,IP DISPATCH JAIPUR BRANCH,3,Y
332405,JAIPUR,RAJASTHAN,JAIPUR,Q48,IP DISPATCH JAIPUR BRANCH,3,Y
332406,JAIPUR,RAJASTHAN,JAIPUR,Q48,IP DISPATCH JAIPUR BRANCH,3,Y
332411,JAIPUR,RAJASTHAN,JAIPUR,Q48,IP DISPATCH JAIPUR BRANCH,3,Y
332601,JAIPUR,RAJASTHAN,JAIPUR,Q48,IP DISPATCH JAIPUR BRANCH,3,Y
332603,JAIPUR,RAJASTHAN,JAIPUR,Q48,IP DISPATCH JAIPUR BRANCH,3,Y
332703,JAIPUR,RAJASTHAN,JAIPUR,Q48,IP DISPATCH JAIPUR BRANCH,3,Y
332705,JAIPUR,RAJASTHAN,JAIPUR,Q48,IP DISPATCH JAIPUR BRANCH,3,Y
332706,JAIPUR,RAJASTHAN,JAIPUR,Q48,IP DISPATCH JAIPUR BRANCH,3,Y
332707,JAIPUR,RAJASTHAN,JAIPUR,Q48,IP DISPATCH JAIPUR BRANCH,3,Y
332708,JAIPUR,RAJASTHAN,JAIPUR,Q48,IP DISPATCH JAIPUR BRANCH,3,Y
332709,JAIPUR,RAJASTHAN,JAIPUR,Q48,IP DISPATCH JAIPUR BRANCH,3,Y
332710,JAIPUR,RAJASTHAN,JAIPUR,Q48,IP DISPATCH JAIPUR BRANCH,4,Y
332711,JAIPUR,RAJASTHAN,JAIPUR,Q48,IP DISPATCH JAIPUR BRANCH,3,Y
332712,JAIPUR,RAJASTHAN,JAIPUR,Q48,IP DISPATCH JAIPUR BRANCH,3,Y
332714,JAIPUR,RAJASTHAN,JAIPUR,Q48,IP DISPATCH JAIPUR BRANCH,3,Y
332716,JAIPUR,RAJASTHAN,JAIPUR,Q48,IP DISPATCH JAIPUR BRANCH,3,Y
332718,JAIPUR,RAJASTHAN,JAIPUR,Q48,IP DISPATCH JAIPUR BRANCH,3,Y
332719,JAIPUR,RAJASTHAN,JAIPUR,Q48,IP DISPATCH JAIPUR BRANCH,3,Y
332721,JAIPUR,RAJASTHAN,JAIPUR,Q48,IP DISPATCH JAIPUR BRANCH,3,Y
332722,JAIPUR,RAJASTHAN,JAIPUR,Q48,IP DISPATCH JAIPUR BRANCH,3,Y
332742,JAIPUR,RAJASTHAN,JAIPUR,Q48,IP DISPATCH JAIPUR BRANCH,3,Y
332746,JAIPUR,RAJASTHAN,JAIPUR,Q48,IP DISPATCH JAIPUR BRANCH,3,Y
333010,JAIPUR,RAJASTHAN,JAIPUR,Q48,IP DISPATCH JAIPUR BRANCH,3,Y
333011,JAIPUR,RAJASTHAN,JAIPUR,Q48,IP DISPATCH JAIPUR BRANCH,3,Y
333012,JAIPUR,RAJASTHAN,JAIPUR,Q48,IP DISPATCH JAIPUR BRANCH,3,Y
333020,JAIPUR,RAJASTHAN,JAIPUR,Q48,IP DISPATCH JAIPUR BRANCH,3,Y
333021,JAIPUR,RAJASTHAN,JAIPUR,Q48,IP DISPATCH JAIPUR BRANCH,3,Y
333023,JAIPUR,RAJASTHAN,JAIPUR,Q48,IP DISPATCH JAIPUR BRANCH,3,Y
333024,JAIPUR,RAJASTHAN,JAIPUR,Q48,IP DISPATCH JAIPUR BRANCH,3,Y
333025,JAIPUR,RAJASTHAN,JAIPUR,Q48,IP DISPATCH JAIPUR BRANCH,3,Y
333027,JAIPUR,RAJASTHAN,JAIPUR,Q48,IP DISPATCH JAIPUR BRANCH,3,Y
333028,JAIPUR,RAJASTHAN,JAIPUR,Q48,IP DISPATCH JAIPUR BRANCH,3,Y
333030,JAIPUR,RAJASTHAN,JAIPUR,Q48,IP DISPATCH JAIPUR BRANCH,3,Y
333032,JAIPUR,RAJASTHAN,JAIPUR,Q48,IP DISPATCH JAIPUR BRANCH,3,Y
333033,JAIPUR,RAJASTHAN,JAIPUR,Q48,IP DISPATCH JAIPUR BRANCH,3,Y
333034,JAIPUR,RAJASTHAN,JAIPUR,Q48,IP DISPATCH JAIPUR BRANCH,3,Y
333035,JAIPUR,RAJASTHAN,JAIPUR,Q48,IP DISPATCH JAIPUR BRANCH,3,Y
333036,JAIPUR,RAJASTHAN,JAIPUR,Q48,IP DISPATCH JAIPUR BRANCH,3,Y
333041,JAIPUR,RAJASTHAN,JAIPUR,Q48,IP DISPATCH JAIPUR BRANCH,3,Y
333053,JAIPUR,RAJASTHAN,JAIPUR,Q48,IP DISPATCH JAIPUR BRANCH,3,Y
333055,JAIPUR,RAJASTHAN,JAIPUR,Q48,IP DISPATCH JAIPUR BRANCH,3,Y
333302,JAIPUR,RAJASTHAN,JAIPUR,Q48,IP DISPATCH JAIPUR BRANCH,3,Y
333303,JAIPUR,RAJASTHAN,JAIPUR,Q48,IP DISPATCH JAIPUR BRANCH,3,Y
333304,JAIPUR,RAJASTHAN,JAIPUR,Q48,IP DISPATCH JAIPUR BRANCH,3,Y
333305,JAIPUR,RAJASTHAN,JAIPUR,Q48,IP DISPATCH JAIPUR BRANCH,3,Y
333308,JAIPUR,RAJASTHAN,JAIPUR,Q48,IP DISPATCH JAIPUR BRANCH,3,Y
333501,JAIPUR,RAJASTHAN,JAIPUR,Q48,IP DISPATCH JAIPUR BRANCH,3,Y
333502,JAIPUR,RAJASTHAN,JAIPUR,Q48,IP DISPATCH JAIPUR BRANCH,3,Y
333503,JAIPUR,RAJASTHAN,JAIPUR,Q48,IP DISPATCH JAIPUR BRANCH,3,Y
333514,JAIPUR,RAJASTHAN,JAIPUR,Q48,IP DISPATCH JAIPUR BRANCH,3,Y
333515,JAIPUR,RAJASTHAN,JAIPUR,Q48,IP DISPATCH JAIPUR BRANCH,3,Y
333517,JAIPUR,RAJASTHAN,JAIPUR,Q48,IP DISPATCH JAIPUR BRANCH,3,Y
333701,JAIPUR,RAJASTHAN,JAIPUR,Q48,IP DISPATCH JAIPUR BRANCH,3,Y
333702,JAIPUR,RAJASTHAN,JAIPUR,Q48,IP DISPATCH JAIPUR BRANCH,3,Y
333707,JAIPUR,RAJASTHAN,JAIPUR,Q48,IP DISPATCH JAIPUR BRANCH,3,Y
333801,JAIPUR,RAJASTHAN,JAIPUR,Q48,IP DISPATCH JAIPUR BRANCH,3,Y
334002,JAIPUR,RAJASTHAN,JAIPUR,Q48,IP DISPATCH JAIPUR BRANCH,4,Y
334022,JAIPUR,RAJASTHAN,JAIPUR,Q48,IP DISPATCH JAIPUR BRANCH,4,Y
334024,JAIPUR,RAJASTHAN,JAIPUR,Q48,IP DISPATCH JAIPUR BRANCH,4,Y
334025,JAIPUR,RAJASTHAN,JAIPUR,Q48,IP DISPATCH JAIPUR BRANCH,4,Y
334201,JAIPUR,RAJASTHAN,JAIPUR,Q48,IP DISPATCH JAIPUR BRANCH,4,Y
334202,JAIPUR,RAJASTHAN,JAIPUR,Q48,IP DISPATCH JAIPUR BRANCH,4,Y
334302,JAIPUR,RAJASTHAN,JAIPUR,Q48,IP DISPATCH JAIPUR BRANCH,4,Y
334303,JAIPUR,RAJASTHAN,JAIPUR,Q48,IP DISPATCH JAIPUR BRANCH,4,Y
334305,JAIPUR,RAJASTHAN,JAIPUR,Q48,IP DISPATCH JAIPUR BRANCH,4,Y
334402,JAIPUR,RAJASTHAN,JAIPUR,Q48,IP DISPATCH JAIPUR BRANCH,4,Y
334403,JAIPUR,RAJASTHAN,JAIPUR,Q48,IP DISPATCH JAIPUR BRANCH,4,Y
334601,JAIPUR,RAJASTHAN,JAIPUR,Q48,IP DISPATCH JAIPUR BRANCH,4,Y
334602,JAIPUR,RAJASTHAN,JAIPUR,Q48,IP DISPATCH JAIPUR BRANCH,4,Y
334604,JAIPUR,RAJASTHAN,JAIPUR,Q48,IP DISPATCH JAIPUR BRANCH,4,Y
334802,JAIPUR,RAJASTHAN,JAIPUR,Q48,IP DISPATCH JAIPUR BRANCH,4,Y
334804,JAIPUR,RAJASTHAN,JAIPUR,Q48,IP DISPATCH JAIPUR BRANCH,4,Y
334808,JAIPUR,RAJASTHAN,JAIPUR,Q48,IP DISPATCH JAIPUR BRANCH,4,Y
335002,JAIPUR,RAJASTHAN,JAIPUR,Q48,IP DISPATCH JAIPUR BRANCH,5,Y
335021,JAIPUR,RAJASTHAN,JAIPUR,Q48,IP DISPATCH JAIPUR BRANCH,5,Y
335022,JAIPUR,RAJASTHAN,JAIPUR,Q48,IP DISPATCH JAIPUR BRANCH,5,Y
335024,JAIPUR,RAJASTHAN,JAIPUR,Q48,IP DISPATCH JAIPUR BRANCH,5,Y
335025,JAIPUR,RAJASTHAN,JAIPUR,Q48,IP DISPATCH JAIPUR BRANCH,5,Y
335027,JAIPUR,RAJASTHAN,JAIPUR,Q48,IP DISPATCH JAIPUR BRANCH,5,Y
335037,JAIPUR,RAJASTHAN,JAIPUR,Q48,IP DISPATCH JAIPUR BRANCH,5,Y
335038,JAIPUR,RAJASTHAN,JAIPUR,Q48,IP DISPATCH JAIPUR BRANCH,5,Y
335039,JAIPUR,RAJASTHAN,JAIPUR,Q48,IP DISPATCH JAIPUR BRANCH,5,Y
335040,JAIPUR,RAJASTHAN,JAIPUR,Q48,IP DISPATCH JAIPUR BRANCH,5,Y
335042,JAIPUR,RAJASTHAN,JAIPUR,Q48,IP DISPATCH JAIPUR BRANCH,4,Y
335061,JAIPUR,RAJASTHAN,JAIPUR,Q48,IP DISPATCH JAIPUR BRANCH,5,Y
335062,JAIPUR,RAJASTHAN,JAIPUR,Q48,IP DISPATCH JAIPUR BRANCH,5,Y
335064,JAIPUR,RAJASTHAN,JAIPUR,Q48,IP DISPATCH JAIPUR BRANCH,5,Y
335065,JAIPUR,RAJASTHAN,JAIPUR,Q48,IP DISPATCH JAIPUR BRANCH,5,Y
335502,JAIPUR,RAJASTHAN,JAIPUR,Q48,IP DISPATCH JAIPUR BRANCH,5,Y
335503,JAIPUR,RAJASTHAN,JAIPUR,Q48,IP DISPATCH JAIPUR BRANCH,5,Y
335504,JAIPUR,RAJASTHAN,JAIPUR,Q48,IP DISPATCH JAIPUR BRANCH,5,Y
335511,JAIPUR,RAJASTHAN,JAIPUR,Q48,IP DISPATCH JAIPUR BRANCH,5,Y
335521,JAIPUR,RAJASTHAN,JAIPUR,Q48,IP DISPATCH JAIPUR BRANCH,4,Y
335522,JAIPUR,RAJASTHAN,JAIPUR,Q48,IP DISPATCH JAIPUR BRANCH,5,Y
335525,JAIPUR,RAJASTHAN,JAIPUR,Q48,IP DISPATCH JAIPUR BRANCH,5,Y
335526,JAIPUR,RAJASTHAN,JAIPUR,Q48,IP DISPATCH JAIPUR BRANCH,5,Y
335703,JAIPUR,RAJASTHAN,JAIPUR,Q48,IP DISPATCH JAIPUR BRANCH,5,Y
335707,JAIPUR,RAJASTHAN,JAIPUR,Q48,IP DISPATCH JAIPUR BRANCH,5,Y
335708,JAIPUR,RAJASTHAN,JAIPUR,Q48,IP DISPATCH JAIPUR BRANCH,5,Y
335801,JAIPUR,RAJASTHAN,JAIPUR,Q48,IP DISPATCH JAIPUR BRANCH,5,Y
335805,JAIPUR,RAJASTHAN,JAIPUR,Q48,IP DISPATCH JAIPUR BRANCH,3,Y
335901,JAIPUR,RAJASTHAN,JAIPUR,Q48,IP DISPATCH JAIPUR BRANCH,5,Y
341001,JAIPUR,RAJASTHAN,JAIPUR,Q48,IP DISPATCH JAIPUR BRANCH,4,Y
341002,JAIPUR,RAJASTHAN,JAIPUR,Q48,IP DISPATCH JAIPUR BRANCH,4,Y
341003,JAIPUR,RAJASTHAN,JAIPUR,Q48,IP DISPATCH JAIPUR BRANCH,4,Y
341020,JAIPUR,RAJASTHAN,JAIPUR,Q48,IP DISPATCH JAIPUR BRANCH,4,Y
341021,JAIPUR,RAJASTHAN,JAIPUR,Q48,IP DISPATCH JAIPUR BRANCH,4,Y
341022,JAIPUR,RAJASTHAN,JAIPUR,Q48,IP DISPATCH JAIPUR BRANCH,4,Y
341023,JAIPUR,RAJASTHAN,JAIPUR,Q48,IP DISPATCH JAIPUR BRANCH,4,Y
341024,JAIPUR,RAJASTHAN,JAIPUR,Q48,IP DISPATCH JAIPUR BRANCH,4,Y
341025,JAIPUR,RAJASTHAN,JAIPUR,Q48,IP DISPATCH JAIPUR BRANCH,4,Y
341026,JAIPUR,RAJASTHAN,JAIPUR,Q48,IP DISPATCH JAIPUR BRANCH,4,Y
341027,JAIPUR,RAJASTHAN,JAIPUR,Q48,IP DISPATCH JAIPUR BRANCH,4,Y
341028,JAIPUR,RAJASTHAN,JAIPUR,Q48,IP DISPATCH JAIPUR BRANCH,4,Y
341029,JAIPUR,RAJASTHAN,JAIPUR,Q48,IP DISPATCH JAIPUR BRANCH,4,Y
341030,JAIPUR,RAJASTHAN,JAIPUR,Q48,IP DISPATCH JAIPUR BRANCH,4,Y
341031,JAIPUR,RAJASTHAN,JAIPUR,Q48,IP DISPATCH JAIPUR BRANCH,4,Y
341301,JAIPUR,RAJASTHAN,JAIPUR,Q48,IP DISPATCH JAIPUR BRANCH,4,Y
341302,JAIPUR,RAJASTHAN,JAIPUR,Q48,IP DISPATCH JAIPUR BRANCH,4,Y
341303,JAIPUR,RAJASTHAN,JAIPUR,Q48,IP DISPATCH JAIPUR BRANCH,4,Y
341304,JAIPUR,RAJASTHAN,JAIPUR,Q48,IP DISPATCH JAIPUR BRANCH,4,Y
341305,JAIPUR,RAJASTHAN,JAIPUR,Q48,IP DISPATCH JAIPUR BRANCH,4,Y
341307,JAIPUR,RAJASTHAN,JAIPUR,Q48,IP DISPATCH JAIPUR BRANCH,4,Y
341309,JAIPUR,RAJASTHAN,JAIPUR,Q48,IP DISPATCH JAIPUR BRANCH,4,Y
341316,JAIPUR,RAJASTHAN,JAIPUR,Q48,IP DISPATCH JAIPUR BRANCH,4,Y
341317,JAIPUR,RAJASTHAN,JAIPUR,Q48,IP DISPATCH JAIPUR BRANCH,4,Y
341318,JAIPUR,RAJASTHAN,JAIPUR,Q48,IP DISPATCH JAIPUR BRANCH,4,Y
341319,JAIPUR,RAJASTHAN,JAIPUR,Q48,IP DISPATCH JAIPUR BRANCH,4,Y
341501,JAIPUR,RAJASTHAN,JAIPUR,Q48,IP DISPATCH JAIPUR BRANCH,4,Y
341502,JAIPUR,RAJASTHAN,JAIPUR,Q48,IP DISPATCH JAIPUR BRANCH,4,Y
341504,JAIPUR,RAJASTHAN,JAIPUR,Q48,IP DISPATCH JAIPUR BRANCH,4,Y
341506,JAIPUR,RAJASTHAN,JAIPUR,Q48,IP DISPATCH JAIPUR BRANCH,4,Y
341507,JAIPUR,RAJASTHAN,JAIPUR,Q48,IP DISPATCH JAIPUR BRANCH,4,Y
341509,JAIPUR,RAJASTHAN,JAIPUR,Q48,IP DISPATCH JAIPUR BRANCH,4,Y
341511,JAIPUR,RAJASTHAN,JAIPUR,Q48,IP DISPATCH JAIPUR BRANCH,4,Y
341512,JAIPUR,RAJASTHAN,JAIPUR,Q48,IP DISPATCH JAIPUR BRANCH,4,Y
341513,JAIPUR,RAJASTHAN,JAIPUR,Q48,IP DISPATCH JAIPUR BRANCH,4,Y
341514,JAIPUR,RAJASTHAN,JAIPUR,Q48,IP DISPATCH JAIPUR BRANCH,4,Y
341515,JAIPUR,RAJASTHAN,JAIPUR,Q48,IP DISPATCH JAIPUR BRANCH,4,Y
341517,JAIPUR,RAJASTHAN,JAIPUR,Q48,IP DISPATCH JAIPUR BRANCH,4,Y
341518,JAIPUR,RAJASTHAN,JAIPUR,Q48,IP DISPATCH JAIPUR BRANCH,4,Y
341519,JAIPUR,RAJASTHAN,JAIPUR,Q48,IP DISPATCH JAIPUR BRANCH,4,Y
341520,JAIPUR,RAJASTHAN,JAIPUR,Q48,IP DISPATCH JAIPUR BRANCH,4,Y
341521,JAIPUR,RAJASTHAN,JAIPUR,Q48,IP DISPATCH JAIPUR BRANCH,4,Y
341533,JAIPUR,RAJASTHAN,JAIPUR,Q48,IP DISPATCH JAIPUR BRANCH,4,Y
341551,JAIPUR,RAJASTHAN,JAIPUR,Q48,IP DISPATCH JAIPUR BRANCH,4,Y
342016,JAIPUR,RAJASTHAN,JAIPUR,Q48,IP DISPATCH JAIPUR BRANCH,3,Y
342017,JAIPUR,RAJASTHAN,JAIPUR,Q48,IP DISPATCH JAIPUR BRANCH,3,Y
342021,JAIPUR,RAJASTHAN,JAIPUR,Q48,IP DISPATCH JAIPUR BRANCH,4,Y
342022,JAIPUR,RAJASTHAN,JAIPUR,Q48,IP DISPATCH JAIPUR BRANCH,4,Y
342023,JAIPUR,RAJASTHAN,JAIPUR,Q48,IP DISPATCH JAIPUR BRANCH,4,Y
342024,JAIPUR,RAJASTHAN,JAIPUR,Q48,IP DISPATCH JAIPUR BRANCH,4,Y
342025,JAIPUR,RAJASTHAN,JAIPUR,Q48,IP DISPATCH JAIPUR BRANCH,4,Y
342026,JAIPUR,RAJASTHAN,JAIPUR,Q48,IP DISPATCH JAIPUR BRANCH,4,Y
342027,JAIPUR,RAJASTHAN,JAIPUR,Q48,IP DISPATCH JAIPUR BRANCH,3,Y
342028,JAIPUR,RAJASTHAN,JAIPUR,Q48,IP DISPATCH JAIPUR BRANCH,4,Y
342029,JAIPUR,RAJASTHAN,JAIPUR,Q48,IP DISPATCH JAIPUR BRANCH,4,Y
342030,JAIPUR,RAJASTHAN,JAIPUR,Q48,IP DISPATCH JAIPUR BRANCH,4,Y
342032,JAIPUR,RAJASTHAN,JAIPUR,Q48,IP DISPATCH JAIPUR BRANCH,3,Y
342037,JAIPUR,RAJASTHAN,JAIPUR,Q48,IP DISPATCH JAIPUR BRANCH,4,Y
342302,JAIPUR,RAJASTHAN,JAIPUR,Q48,IP DISPATCH JAIPUR BRANCH,4,Y
342303,JAIPUR,RAJASTHAN,JAIPUR,Q48,IP DISPATCH JAIPUR BRANCH,4,Y
342304,JAIPUR,RAJASTHAN,JAIPUR,Q48,IP DISPATCH JAIPUR BRANCH,4,Y
342308,JAIPUR,RAJASTHAN,JAIPUR,Q48,IP DISPATCH JAIPUR BRANCH,4,Y
342309,JAIPUR,RAJASTHAN,JAIPUR,Q48,IP DISPATCH JAIPUR BRANCH,4,Y
342310,JAIPUR,RAJASTHAN,JAIPUR,Q48,IP DISPATCH JAIPUR BRANCH,4,Y
342311,JAIPUR,RAJASTHAN,JAIPUR,Q48,IP DISPATCH JAIPUR BRANCH,4,Y
342312,JAIPUR,RAJASTHAN,JAIPUR,Q48,IP DISPATCH JAIPUR BRANCH,4,Y
342314,JAIPUR,RAJASTHAN,JAIPUR,Q48,IP DISPATCH JAIPUR BRANCH,4,Y
342603,JAIPUR,RAJASTHAN,JAIPUR,Q48,IP DISPATCH JAIPUR BRANCH,4,Y
342604,JAIPUR,RAJASTHAN,JAIPUR,Q48,IP DISPATCH JAIPUR BRANCH,4,Y
342605,JAIPUR,RAJASTHAN,JAIPUR,Q48,IP DISPATCH JAIPUR BRANCH,4,Y
342801,JAIPUR,RAJASTHAN,JAIPUR,Q48,IP DISPATCH JAIPUR BRANCH,3,Y
342901,JAIPUR,RAJASTHAN,JAIPUR,Q48,IP DISPATCH JAIPUR BRANCH,4,Y
343021,JAIPUR,RAJASTHAN,JAIPUR,Q48,IP DISPATCH JAIPUR BRANCH,5,Y
343023,JAIPUR,RAJASTHAN,JAIPUR,Q48,IP DISPATCH JAIPUR BRANCH,5,Y
343024,JAIPUR,RAJASTHAN,JAIPUR,Q48,IP DISPATCH JAIPUR BRANCH,5,Y
343025,JAIPUR,RAJASTHAN,JAIPUR,Q48,IP DISPATCH JAIPUR BRANCH,5,Y
343027,JAIPUR,RAJASTHAN,JAIPUR,Q48,IP DISPATCH JAIPUR BRANCH,5,Y
343028,JAIPUR,RAJASTHAN,JAIPUR,Q48,IP DISPATCH JAIPUR BRANCH,5,Y
343030,JAIPUR,RAJASTHAN,JAIPUR,Q48,IP DISPATCH JAIPUR BRANCH,5,Y
343032,JAIPUR,RAJASTHAN,JAIPUR,Q48,IP DISPATCH JAIPUR BRANCH,5,Y
343039,JAIPUR,RAJASTHAN,JAIPUR,Q48,IP DISPATCH JAIPUR BRANCH,5,Y
343040,JAIPUR,RAJASTHAN,JAIPUR,Q48,IP DISPATCH JAIPUR BRANCH,5,Y
343042,JAIPUR,RAJASTHAN,JAIPUR,Q48,IP DISPATCH JAIPUR BRANCH,5,Y
343048,JAIPUR,RAJASTHAN,JAIPUR,Q48,IP DISPATCH JAIPUR BRANCH,5,Y
343049,JAIPUR,RAJASTHAN,JAIPUR,Q48,IP DISPATCH JAIPUR BRANCH,5,Y
344011,JAIPUR,RAJASTHAN,JAIPUR,Q48,IP DISPATCH JAIPUR BRANCH,4,Y
344012,JAIPUR,RAJASTHAN,JAIPUR,Q48,IP DISPATCH JAIPUR BRANCH,4,Y
344021,JAIPUR,RAJASTHAN,JAIPUR,Q48,IP DISPATCH JAIPUR BRANCH,4,Y
344025,JAIPUR,RAJASTHAN,JAIPUR,Q48,IP DISPATCH JAIPUR BRANCH,4,Y
344026,JAIPUR,RAJASTHAN,JAIPUR,Q48,IP DISPATCH JAIPUR BRANCH,4,Y
344027,JAIPUR,RAJASTHAN,JAIPUR,Q48,IP DISPATCH JAIPUR BRANCH,4,Y
344031,JAIPUR,RAJASTHAN,JAIPUR,Q48,IP DISPATCH JAIPUR BRANCH,4,Y
344034,JAIPUR,RAJASTHAN,JAIPUR,Q48,IP DISPATCH JAIPUR BRANCH,4,Y
344035,JAIPUR,RAJASTHAN,JAIPUR,Q48,IP DISPATCH JAIPUR BRANCH,4,Y
344037,JAIPUR,RAJASTHAN,JAIPUR,Q48,IP DISPATCH JAIPUR BRANCH,4,Y
344043,JAIPUR,RAJASTHAN,JAIPUR,Q48,IP DISPATCH JAIPUR BRANCH,4,Y
344501,JAIPUR,RAJASTHAN,JAIPUR,Q48,IP DISPATCH JAIPUR BRANCH,4,Y
344502,JAIPUR,RAJASTHAN,JAIPUR,Q48,IP DISPATCH JAIPUR BRANCH,4,Y
344701,JAIPUR,RAJASTHAN,JAIPUR,Q48,IP DISPATCH JAIPUR BRANCH,3,Y
344703,JAIPUR,RAJASTHAN,JAIPUR,Q48,IP DISPATCH JAIPUR BRANCH,4,Y
344705,JAIPUR,RAJASTHAN,JAIPUR,Q48,IP DISPATCH JAIPUR BRANCH,4,Y
344706,JAIPUR,RAJASTHAN,JAIPUR,Q48,IP DISPATCH JAIPUR BRANCH,4,Y
344708,JAIPUR,RAJASTHAN,JAIPUR,Q48,IP DISPATCH JAIPUR BRANCH,4,Y
344801,JAIPUR,RAJASTHAN,JAIPUR,Q48,IP DISPATCH JAIPUR BRANCH,4,Y
344802,JAIPUR,RAJASTHAN,JAIPUR,Q48,IP DISPATCH JAIPUR BRANCH,4,Y
345001,JAIPUR,RAJASTHAN,JAIPUR,Q48,IP DISPATCH JAIPUR BRANCH,4,Y
345022,JAIPUR,RAJASTHAN,JAIPUR,Q48,IP DISPATCH JAIPUR BRANCH,4,Y
345023,JAIPUR,RAJASTHAN,JAIPUR,Q48,IP DISPATCH JAIPUR BRANCH,4,Y
345024,JAIPUR,RAJASTHAN,JAIPUR,Q48,IP DISPATCH JAIPUR BRANCH,4,Y
345025,JAIPUR,RAJASTHAN,JAIPUR,Q48,IP DISPATCH JAIPUR BRANCH,4,Y
345026,JAIPUR,RAJASTHAN,JAIPUR,Q48,IP DISPATCH JAIPUR BRANCH,4,Y
345027,JAIPUR,RAJASTHAN,JAIPUR,Q48,IP DISPATCH JAIPUR BRANCH,4,Y
345028,JAIPUR,RAJASTHAN,JAIPUR,Q48,IP DISPATCH JAIPUR BRANCH,4,Y
345031,JAIPUR,RAJASTHAN,JAIPUR,Q48,IP DISPATCH JAIPUR BRANCH,4,Y
345033,JAIPUR,RAJASTHAN,JAIPUR,Q48,IP DISPATCH JAIPUR BRANCH,4,Y
345034,JAIPUR,RAJASTHAN,JAIPUR,Q48,IP DISPATCH JAIPUR BRANCH,4,Y
360025,AHMEDABAD,GUJARAT,AHMEDABAD,A57,IP DISPATCH AHMEDABAD BRANCH,3,Y
360026,AHMEDABAD,GUJARAT,AHMEDABAD,A57,IP DISPATCH AHMEDABAD BRANCH,3,Y
360028,AHMEDABAD,GUJARAT,AHMEDABAD,A57,IP DISPATCH AHMEDABAD BRANCH,3,Y
360030,AHMEDABAD,GUJARAT,AHMEDABAD,A57,IP DISPATCH AHMEDABAD BRANCH,3,Y
360040,AHMEDABAD,GUJARAT,AHMEDABAD,A57,IP DISPATCH AHMEDABAD BRANCH,3,Y
360045,AHMEDABAD,GUJARAT,AHMEDABAD,A57,IP DISPATCH AHMEDABAD BRANCH,3,Y
360055,AHMEDABAD,GUJARAT,AHMEDABAD,A57,IP DISPATCH AHMEDABAD BRANCH,3,Y
360060,AHMEDABAD,GUJARAT,AHMEDABAD,A57,IP DISPATCH AHMEDABAD BRANCH,3,Y
360070,AHMEDABAD,GUJARAT,AHMEDABAD,A57,IP DISPATCH AHMEDABAD BRANCH,3,Y
360325,AHMEDABAD,GUJARAT,AHMEDABAD,A57,IP DISPATCH AHMEDABAD BRANCH,3,Y
360330,AHMEDABAD,GUJARAT,AHMEDABAD,A57,IP DISPATCH AHMEDABAD BRANCH,3,Y
360360,AHMEDABAD,GUJARAT,AHMEDABAD,A57,IP DISPATCH AHMEDABAD BRANCH,3,Y
360375,AHMEDABAD,GUJARAT,AHMEDABAD,A57,IP DISPATCH AHMEDABAD BRANCH,3,Y
360380,AHMEDABAD,GUJARAT,AHMEDABAD,A57,IP DISPATCH AHMEDABAD BRANCH,3,Y
360405,AHMEDABAD,GUJARAT,AHMEDABAD,A57,IP DISPATCH AHMEDABAD BRANCH,3,Y
360410,AHMEDABAD,GUJARAT,AHMEDABAD,A57,IP DISPATCH AHMEDABAD BRANCH,3,Y
360421,AHMEDABAD,GUJARAT,AHMEDABAD,A57,IP DISPATCH AHMEDABAD BRANCH,3,Y
360430,AHMEDABAD,GUJARAT,AHMEDABAD,A57,IP DISPATCH AHMEDABAD BRANCH,3,Y
360440,AHMEDABAD,GUJARAT,AHMEDABAD,A57,IP DISPATCH AHMEDABAD BRANCH,3,Y
360450,AHMEDABAD,GUJARAT,AHMEDABAD,A57,IP DISPATCH AHMEDABAD BRANCH,3,Y
360452,AHMEDABAD,GUJARAT,AHMEDABAD,A57,IP DISPATCH AHMEDABAD BRANCH,3,Y
360460,AHMEDABAD,GUJARAT,AHMEDABAD,A57,IP DISPATCH AHMEDABAD BRANCH,3,Y
360465,AHMEDABAD,GUJARAT,AHMEDABAD,A57,IP DISPATCH AHMEDABAD BRANCH,3,Y
360470,AHMEDABAD,GUJARAT,AHMEDABAD,A57,IP DISPATCH AHMEDABAD BRANCH,3,Y
360480,AHMEDABAD,GUJARAT,AHMEDABAD,A57,IP DISPATCH AHMEDABAD BRANCH,4,Y
360485,AHMEDABAD,GUJARAT,AHMEDABAD,A57,IP DISPATCH AHMEDABAD BRANCH,3,Y
360490,AHMEDABAD,GUJARAT,AHMEDABAD,A57,IP DISPATCH AHMEDABAD BRANCH,3,Y
360510,AHMEDABAD,GUJARAT,AHMEDABAD,A57,IP DISPATCH AHMEDABAD BRANCH,4,Y
360515,AHMEDABAD,GUJARAT,AHMEDABAD,A57,IP DISPATCH AHMEDABAD BRANCH,4,Y
360520,AHMEDABAD,GUJARAT,AHMEDABAD,A57,IP DISPATCH AHMEDABAD BRANCH,4,Y
360530,AHMEDABAD,GUJARAT,AHMEDABAD,A57,IP DISPATCH AHMEDABAD BRANCH,4,Y
360531,AHMEDABAD,GUJARAT,AHMEDABAD,A57,IP DISPATCH AHMEDABAD BRANCH,4,Y
360540,AHMEDABAD,GUJARAT,AHMEDABAD,A57,IP DISPATCH AHMEDABAD BRANCH,4,Y
360550,AHMEDABAD,GUJARAT,AHMEDABAD,A57,IP DISPATCH AHMEDABAD BRANCH,4,Y
360570,AHMEDABAD,GUJARAT,AHMEDABAD,A57,IP DISPATCH AHMEDABAD BRANCH,4,Y
360590,AHMEDABAD,GUJARAT,AHMEDABAD,A57,IP DISPATCH AHMEDABAD BRANCH,4,Y
361009,AHMEDABAD,GUJARAT,AHMEDABAD,A57,IP DISPATCH AHMEDABAD BRANCH,4,Y
361010,AHMEDABAD,GUJARAT,AHMEDABAD,A57,IP DISPATCH AHMEDABAD BRANCH,4,Y
361011,AHMEDABAD,GUJARAT,AHMEDABAD,A57,IP DISPATCH AHMEDABAD BRANCH,4,Y
361012,AHMEDABAD,GUJARAT,AHMEDABAD,A57,IP DISPATCH AHMEDABAD BRANCH,4,Y
361013,AHMEDABAD,GUJARAT,AHMEDABAD,A57,IP DISPATCH AHMEDABAD BRANCH,4,Y
361110,AHMEDABAD,GUJARAT,AHMEDABAD,A57,IP DISPATCH AHMEDABAD BRANCH,4,Y
361120,AHMEDABAD,GUJARAT,AHMEDABAD,A57,IP DISPATCH AHMEDABAD BRANCH,4,Y
361130,AHMEDABAD,GUJARAT,AHMEDABAD,A57,IP DISPATCH AHMEDABAD BRANCH,4,Y
361160,AHMEDABAD,GUJARAT,AHMEDABAD,A57,IP DISPATCH AHMEDABAD BRANCH,4,Y
361162,AHMEDABAD,GUJARAT,AHMEDABAD,A57,IP DISPATCH AHMEDABAD BRANCH,4,Y
361170,AHMEDABAD,GUJARAT,AHMEDABAD,A57,IP DISPATCH AHMEDABAD BRANCH,4,Y
361210,AHMEDABAD,GUJARAT,AHMEDABAD,A57,IP DISPATCH AHMEDABAD BRANCH,4,Y
361220,AHMEDABAD,GUJARAT,AHMEDABAD,A57,IP DISPATCH AHMEDABAD BRANCH,4,Y
361230,AHMEDABAD,GUJARAT,AHMEDABAD,A57,IP DISPATCH AHMEDABAD BRANCH,4,Y
361240,AHMEDABAD,GUJARAT,AHMEDABAD,A57,IP DISPATCH AHMEDABAD BRANCH,4,Y
361250,AHMEDABAD,GUJARAT,AHMEDABAD,A57,IP DISPATCH AHMEDABAD BRANCH,4,Y
361280,AHMEDABAD,GUJARAT,AHMEDABAD,A57,IP DISPATCH AHMEDABAD BRANCH,4,Y
361306,AHMEDABAD,GUJARAT,AHMEDABAD,A57,IP DISPATCH AHMEDABAD BRANCH,4,Y
361310,AHMEDABAD,GUJARAT,AHMEDABAD,A57,IP DISPATCH AHMEDABAD BRANCH,4,Y
361315,AHMEDABAD,GUJARAT,AHMEDABAD,A57,IP DISPATCH AHMEDABAD BRANCH,4,Y
361320,AHMEDABAD,GUJARAT,AHMEDABAD,A57,IP DISPATCH AHMEDABAD BRANCH,4,Y
361325,AHMEDABAD,GUJARAT,AHMEDABAD,A57,IP DISPATCH AHMEDABAD BRANCH,4,Y
361330,AHMEDABAD,GUJARAT,AHMEDABAD,A57,IP DISPATCH AHMEDABAD BRANCH,4,Y
361347,AHMEDABAD,GUJARAT,AHMEDABAD,A57,IP DISPATCH AHMEDABAD BRANCH,4,Y
361350,AHMEDABAD,GUJARAT,AHMEDABAD,A57,IP DISPATCH AHMEDABAD BRANCH,4,Y
362011,AHMEDABAD,GUJARAT,AHMEDABAD,A57,IP DISPATCH AHMEDABAD BRANCH,4,Y
362020,AHMEDABAD,GUJARAT,AHMEDABAD,A57,IP DISPATCH AHMEDABAD BRANCH,4,Y
362030,AHMEDABAD,GUJARAT,AHMEDABAD,A57,IP DISPATCH AHMEDABAD BRANCH,4,Y
362037,AHMEDABAD,GUJARAT,AHMEDABAD,A57,IP DISPATCH AHMEDABAD BRANCH,4,Y
362110,AHMEDABAD,GUJARAT,AHMEDABAD,A57,IP DISPATCH AHMEDABAD BRANCH,4,Y
362120,AHMEDABAD,GUJARAT,AHMEDABAD,A57,IP DISPATCH AHMEDABAD BRANCH,4,Y
362130,AHMEDABAD,GUJARAT,AHMEDABAD,A57,IP DISPATCH AHMEDABAD BRANCH,4,Y
362135,AHMEDABAD,GUJARAT,AHMEDABAD,A57,IP DISPATCH AHMEDABAD BRANCH,4,Y
362140,AHMEDABAD,GUJARAT,AHMEDABAD,A57,IP DISPATCH AHMEDABAD BRANCH,4,Y
362150,AHMEDABAD,GUJARAT,AHMEDABAD,A57,IP DISPATCH AHMEDABAD BRANCH,4,Y
362205,AHMEDABAD,GUJARAT,AHMEDABAD,A57,IP DISPATCH AHMEDABAD BRANCH,4,Y
362215,AHMEDABAD,GUJARAT,AHMEDABAD,A57,IP DISPATCH AHMEDABAD BRANCH,4,Y
362222,AHMEDABAD,GUJARAT,AHMEDABAD,A57,IP DISPATCH AHMEDABAD BRANCH,4,Y
362226,AHMEDABAD,GUJARAT,AHMEDABAD,A57,IP DISPATCH AHMEDABAD BRANCH,4,Y
362227,AHMEDABAD,GUJARAT,AHMEDABAD,A57,IP DISPATCH AHMEDABAD BRANCH,4,Y
362230,AHMEDABAD,GUJARAT,AHMEDABAD,A57,IP DISPATCH AHMEDABAD BRANCH,4,Y
362240,AHMEDABAD,GUJARAT,AHMEDABAD,A57,IP DISPATCH AHMEDABAD BRANCH,4,Y
362245,AHMEDABAD,GUJARAT,AHMEDABAD,A57,IP DISPATCH AHMEDABAD BRANCH,4,Y
362250,AHMEDABAD,GUJARAT,AHMEDABAD,A57,IP DISPATCH AHMEDABAD BRANCH,4,Y
362255,AHMEDABAD,GUJARAT,AHMEDABAD,A57,IP DISPATCH AHMEDABAD BRANCH,4,Y
362260,AHMEDABAD,GUJARAT,AHMEDABAD,A57,IP DISPATCH AHMEDABAD BRANCH,4,Y
362263,AHMEDABAD,GUJARAT,AHMEDABAD,A57,IP DISPATCH AHMEDABAD BRANCH,4,Y
362275,AHMEDABAD,GUJARAT,AHMEDABAD,A57,IP DISPATCH AHMEDABAD BRANCH,4,Y
362310,AHMEDABAD,GUJARAT,AHMEDABAD,A57,IP DISPATCH AHMEDABAD BRANCH,4,Y
362315,AHMEDABAD,GUJARAT,AHMEDABAD,A57,IP DISPATCH AHMEDABAD BRANCH,4,Y
362510,AHMEDABAD,GUJARAT,AHMEDABAD,A57,IP DISPATCH AHMEDABAD BRANCH,4,Y
362530,AHMEDABAD,GUJARAT,AHMEDABAD,A57,IP DISPATCH AHMEDABAD BRANCH,4,Y
362550,AHMEDABAD,GUJARAT,AHMEDABAD,A57,IP DISPATCH AHMEDABAD BRANCH,4,Y
362565,AHMEDABAD,GUJARAT,AHMEDABAD,A57,IP DISPATCH AHMEDABAD BRANCH,4,Y
362610,AHMEDABAD,GUJARAT,AHMEDABAD,A57,IP DISPATCH AHMEDABAD BRANCH,4,Y
362620,AHMEDABAD,GUJARAT,AHMEDABAD,A57,IP DISPATCH AHMEDABAD BRANCH,4,Y
362625,AHMEDABAD,GUJARAT,AHMEDABAD,A57,IP DISPATCH AHMEDABAD BRANCH,4,Y
362630,AHMEDABAD,GUJARAT,AHMEDABAD,A57,IP DISPATCH AHMEDABAD BRANCH,4,Y
362640,AHMEDABAD,GUJARAT,AHMEDABAD,A57,IP DISPATCH AHMEDABAD BRANCH,4,Y
362650,AHMEDABAD,GUJARAT,AHMEDABAD,A57,IP DISPATCH AHMEDABAD BRANCH,4,Y
362710,AHMEDABAD,GUJARAT,AHMEDABAD,A57,IP DISPATCH AHMEDABAD BRANCH,4,Y
362715,AHMEDABAD,GUJARAT,AHMEDABAD,A57,IP DISPATCH AHMEDABAD BRANCH,4,Y
362720,AHMEDABAD,GUJARAT,AHMEDABAD,A57,IP DISPATCH AHMEDABAD BRANCH,4,Y
363110,AHMEDABAD,GUJARAT,AHMEDABAD,A57,IP DISPATCH AHMEDABAD BRANCH,3,Y
363115,AHMEDABAD,GUJARAT,AHMEDABAD,A57,IP DISPATCH AHMEDABAD BRANCH,3,Y
363320,AHMEDABAD,GUJARAT,AHMEDABAD,A57,IP DISPATCH AHMEDABAD BRANCH,3,Y
363330,AHMEDABAD,GUJARAT,AHMEDABAD,A57,IP DISPATCH AHMEDABAD BRANCH,4,Y
363351,AHMEDABAD,GUJARAT,AHMEDABAD,A57,IP DISPATCH AHMEDABAD BRANCH,4,Y
363410,AHMEDABAD,GUJARAT,AHMEDABAD,A57,IP DISPATCH AHMEDABAD BRANCH,3,Y
363423,AHMEDABAD,GUJARAT,AHMEDABAD,A57,IP DISPATCH AHMEDABAD BRANCH,3,Y
363427,AHMEDABAD,GUJARAT,AHMEDABAD,A57,IP DISPATCH AHMEDABAD BRANCH,3,Y
363430,AHMEDABAD,GUJARAT,AHMEDABAD,A57,IP DISPATCH AHMEDABAD BRANCH,3,Y
363435,AHMEDABAD,GUJARAT,AHMEDABAD,A57,IP DISPATCH AHMEDABAD BRANCH,3,Y
363440,AHMEDABAD,GUJARAT,AHMEDABAD,A57,IP DISPATCH AHMEDABAD BRANCH,3,Y
363510,AHMEDABAD,GUJARAT,AHMEDABAD,A57,IP DISPATCH AHMEDABAD BRANCH,3,Y
363623,AHMEDABAD,GUJARAT,AHMEDABAD,A57,IP DISPATCH AHMEDABAD BRANCH,4,Y
363643,AHMEDABAD,GUJARAT,AHMEDABAD,A57,IP DISPATCH AHMEDABAD BRANCH,4,Y
363650,AHMEDABAD,GUJARAT,AHMEDABAD,A57,IP DISPATCH AHMEDABAD BRANCH,4,Y
363655,AHMEDABAD,GUJARAT,AHMEDABAD,A57,IP DISPATCH AHMEDABAD BRANCH,4,Y
363660,AHMEDABAD,GUJARAT,AHMEDABAD,A57,IP DISPATCH AHMEDABAD BRANCH,4,Y
363670,AHMEDABAD,GUJARAT,AHMEDABAD,A57,IP DISPATCH AHMEDABAD BRANCH,4,Y
363745,AHMEDABAD,GUJARAT,AHMEDABAD,A57,IP DISPATCH AHMEDABAD BRANCH,3,Y
363750,AHMEDABAD,GUJARAT,AHMEDABAD,A57,IP DISPATCH AHMEDABAD BRANCH,3,Y
363755,AHMEDABAD,GUJARAT,AHMEDABAD,A57,IP DISPATCH AHMEDABAD BRANCH,3,Y
363760,AHMEDABAD,GUJARAT,AHMEDABAD,A57,IP DISPATCH AHMEDABAD BRANCH,3,Y
363765,AHMEDABAD,GUJARAT,AHMEDABAD,A57,IP DISPATCH AHMEDABAD BRANCH,3,Y
363775,AHMEDABAD,GUJARAT,AHMEDABAD,A57,IP DISPATCH AHMEDABAD BRANCH,3,Y
363780,AHMEDABAD,GUJARAT,AHMEDABAD,A57,IP DISPATCH AHMEDABAD BRANCH,3,Y
364050,AHMEDABAD,GUJARAT,AHMEDABAD,A57,IP DISPATCH AHMEDABAD BRANCH,3,Y
364060,AHMEDABAD,GUJARAT,AHMEDABAD,A57,IP DISPATCH AHMEDABAD BRANCH,3,Y
364070,AHMEDABAD,GUJARAT,AHMEDABAD,A57,IP DISPATCH AHMEDABAD BRANCH,3,Y
364081,AHMEDABAD,GUJARAT,AHMEDABAD,A57,IP DISPATCH AHMEDABAD BRANCH,3,Y
364110,AHMEDABAD,GUJARAT,AHMEDABAD,A57,IP DISPATCH AHMEDABAD BRANCH,3,Y
364120,AHMEDABAD,GUJARAT,AHMEDABAD,A57,IP DISPATCH AHMEDABAD BRANCH,3,Y
364130,AHMEDABAD,GUJARAT,AHMEDABAD,A57,IP DISPATCH AHMEDABAD BRANCH,3,Y
364135,AHMEDABAD,GUJARAT,AHMEDABAD,A57,IP DISPATCH AHMEDABAD BRANCH,3,Y
364145,AHMEDABAD,GUJARAT,AHMEDABAD,A57,IP DISPATCH AHMEDABAD BRANCH,3,Y
364150,AHMEDABAD,GUJARAT,AHMEDABAD,A57,IP DISPATCH AHMEDABAD BRANCH,3,Y
364210,AHMEDABAD,GUJARAT,AHMEDABAD,A57,IP DISPATCH AHMEDABAD BRANCH,3,Y
364230,AHMEDABAD,GUJARAT,AHMEDABAD,A57,IP DISPATCH AHMEDABAD BRANCH,3,Y
364250,AHMEDABAD,GUJARAT,AHMEDABAD,A57,IP DISPATCH AHMEDABAD BRANCH,3,Y
364260,AHMEDABAD,GUJARAT,AHMEDABAD,A57,IP DISPATCH AHMEDABAD BRANCH,3,Y
364265,AHMEDABAD,GUJARAT,AHMEDABAD,A57,IP DISPATCH AHMEDABAD BRANCH,3,Y
364275,AHMEDABAD,GUJARAT,AHMEDABAD,A57,IP DISPATCH AHMEDABAD BRANCH,3,Y
364280,AHMEDABAD,GUJARAT,AHMEDABAD,A57,IP DISPATCH AHMEDABAD BRANCH,3,Y
364295,AHMEDABAD,GUJARAT,AHMEDABAD,A57,IP DISPATCH AHMEDABAD BRANCH,3,Y
364310,AHMEDABAD,GUJARAT,AHMEDABAD,A57,IP DISPATCH AHMEDABAD BRANCH,3,Y
364313,AHMEDABAD,GUJARAT,AHMEDABAD,A57,IP DISPATCH AHMEDABAD BRANCH,3,Y
364320,AHMEDABAD,GUJARAT,AHMEDABAD,A57,IP DISPATCH AHMEDABAD BRANCH,3,Y
364330,AHMEDABAD,GUJARAT,AHMEDABAD,A57,IP DISPATCH AHMEDABAD BRANCH,3,Y
364505,AHMEDABAD,GUJARAT,AHMEDABAD,A57,IP DISPATCH AHMEDABAD BRANCH,3,Y
364510,AHMEDABAD,GUJARAT,AHMEDABAD,A57,IP DISPATCH AHMEDABAD BRANCH,3,Y
364521,AHMEDABAD,GUJARAT,AHMEDABAD,A57,IP DISPATCH AHMEDABAD BRANCH,3,Y
364522,AHMEDABAD,GUJARAT,AHMEDABAD,A57,IP DISPATCH AHMEDABAD BRANCH,3,Y
364525,AHMEDABAD,GUJARAT,AHMEDABAD,A57,IP DISPATCH AHMEDABAD BRANCH,3,Y
364530,AHMEDABAD,GUJARAT,AHMEDABAD,A57,IP DISPATCH AHMEDABAD BRANCH,3,Y
364720,AHMEDABAD,GUJARAT,AHMEDABAD,A57,IP DISPATCH AHMEDABAD BRANCH,3,Y
364730,AHMEDABAD,GUJARAT,AHMEDABAD,A57,IP DISPATCH AHMEDABAD BRANCH,3,Y
364740,AHMEDABAD,GUJARAT,AHMEDABAD,A57,IP DISPATCH AHMEDABAD BRANCH,3,Y
364750,AHMEDABAD,GUJARAT,AHMEDABAD,A57,IP DISPATCH AHMEDABAD BRANCH,3,Y
364760,AHMEDABAD,GUJARAT,AHMEDABAD,A57,IP DISPATCH AHMEDABAD BRANCH,3,Y
364765,AHMEDABAD,GUJARAT,AHMEDABAD,A57,IP DISPATCH AHMEDABAD BRANCH,3,Y
365410,AHMEDABAD,GUJARAT,AHMEDABAD,A57,IP DISPATCH AHMEDABAD BRANCH,3,Y
365421,AHMEDABAD,GUJARAT,AHMEDABAD,A57,IP DISPATCH AHMEDABAD BRANCH,3,Y
365430,AHMEDABAD,GUJARAT,AHMEDABAD,A57,IP DISPATCH AHMEDABAD BRANCH,3,Y
365435,AHMEDABAD,GUJARAT,AHMEDABAD,A57,IP DISPATCH AHMEDABAD BRANCH,3,Y
365450,AHMEDABAD,GUJARAT,AHMEDABAD,A57,IP DISPATCH AHMEDABAD BRANCH,3,Y
365455,AHMEDABAD,GUJARAT,AHMEDABAD,A57,IP DISPATCH AHMEDABAD BRANCH,3,Y
365456,AHMEDABAD,GUJARAT,AHMEDABAD,A57,IP DISPATCH AHMEDABAD BRANCH,3,Y
365460,AHMEDABAD,GUJARAT,AHMEDABAD,A57,IP DISPATCH AHMEDABAD BRANCH,3,Y
365480,AHMEDABAD,GUJARAT,AHMEDABAD,A57,IP DISPATCH AHMEDABAD BRANCH,3,Y
365535,AHMEDABAD,GUJARAT,AHMEDABAD,A57,IP DISPATCH AHMEDABAD BRANCH,3,Y
365540,AHMEDABAD,GUJARAT,AHMEDABAD,A57,IP DISPATCH AHMEDABAD BRANCH,3,Y
365541,AHMEDABAD,GUJARAT,AHMEDABAD,A57,IP DISPATCH AHMEDABAD BRANCH,3,Y
365550,AHMEDABAD,GUJARAT,AHMEDABAD,A57,IP DISPATCH AHMEDABAD BRANCH,3,Y
365555,AHMEDABAD,GUJARAT,AHMEDABAD,A57,IP DISPATCH AHMEDABAD BRANCH,3,Y
365610,AHMEDABAD,GUJARAT,AHMEDABAD,A57,IP DISPATCH AHMEDABAD BRANCH,3,Y
365620,AHMEDABAD,GUJARAT,AHMEDABAD,A57,IP DISPATCH AHMEDABAD BRANCH,3,Y
365630,AHMEDABAD,GUJARAT,AHMEDABAD,A57,IP DISPATCH AHMEDABAD BRANCH,3,Y
365635,AHMEDABAD,GUJARAT,AHMEDABAD,A57,IP DISPATCH AHMEDABAD BRANCH,3,Y
365640,AHMEDABAD,GUJARAT,AHMEDABAD,A57,IP DISPATCH AHMEDABAD BRANCH,3,Y
365645,AHMEDABAD,GUJARAT,AHMEDABAD,A57,IP DISPATCH AHMEDABAD BRANCH,3,Y
365650,AHMEDABAD,GUJARAT,AHMEDABAD,A57,IP DISPATCH AHMEDABAD BRANCH,3,Y
370030,AHMEDABAD,GUJARAT,AHMEDABAD,A57,IP DISPATCH AHMEDABAD BRANCH,3,Y
370040,AHMEDABAD,GUJARAT,AHMEDABAD,A57,IP DISPATCH AHMEDABAD BRANCH,3,Y
370105,AHMEDABAD,GUJARAT,AHMEDABAD,A57,IP DISPATCH AHMEDABAD BRANCH,3,Y
370115,AHMEDABAD,GUJARAT,AHMEDABAD,A57,IP DISPATCH AHMEDABAD BRANCH,3,Y
370130,AHMEDABAD,GUJARAT,AHMEDABAD,A57,IP DISPATCH AHMEDABAD BRANCH,3,Y
370135,AHMEDABAD,GUJARAT,AHMEDABAD,A57,IP DISPATCH AHMEDABAD BRANCH,3,Y
370140,AHMEDABAD,GUJARAT,AHMEDABAD,A57,IP DISPATCH AHMEDABAD BRANCH,3,Y
370145,AHMEDABAD,GUJARAT,AHMEDABAD,A57,IP DISPATCH AHMEDABAD BRANCH,3,Y
370155,AHMEDABAD,GUJARAT,AHMEDABAD,A57,IP DISPATCH AHMEDABAD BRANCH,3,Y
370160,AHMEDABAD,GUJARAT,AHMEDABAD,A57,IP DISPATCH AHMEDABAD BRANCH,3,Y
370165,AHMEDABAD,GUJARAT,AHMEDABAD,A57,IP DISPATCH AHMEDABAD BRANCH,3,Y
370405,AHMEDABAD,GUJARAT,AHMEDABAD,A57,IP DISPATCH AHMEDABAD BRANCH,3,Y
370425,AHMEDABAD,GUJARAT,AHMEDABAD,A57,IP DISPATCH AHMEDABAD BRANCH,3,Y
370427,AHMEDABAD,GUJARAT,AHMEDABAD,A57,IP DISPATCH AHMEDABAD BRANCH,3,Y
370430,AHMEDABAD,GUJARAT,AHMEDABAD,A57,IP DISPATCH AHMEDABAD BRANCH,3,Y
370435,AHMEDABAD,GUJARAT,AHMEDABAD,A57,IP DISPATCH AHMEDABAD BRANCH,3,Y
370445,AHMEDABAD,GUJARAT,AHMEDABAD,A57,IP DISPATCH AHMEDABAD BRANCH,3,Y
370450,AHMEDABAD,GUJARAT,AHMEDABAD,A57,IP DISPATCH AHMEDABAD BRANCH,3,Y
370455,AHMEDABAD,GUJARAT,AHMEDABAD,A57,IP DISPATCH AHMEDABAD BRANCH,3,Y
370460,AHMEDABAD,GUJARAT,AHMEDABAD,A57,IP DISPATCH AHMEDABAD BRANCH,3,Y
370475,AHMEDABAD,GUJARAT,AHMEDABAD,A57,IP DISPATCH AHMEDABAD BRANCH,3,Y
370490,AHMEDABAD,GUJARAT,AHMEDABAD,A57,IP DISPATCH AHMEDABAD BRANCH,3,Y
370510,AHMEDABAD,GUJARAT,AHMEDABAD,A57,IP DISPATCH AHMEDABAD BRANCH,3,Y
370601,AHMEDABAD,GUJARAT,AHMEDABAD,A57,IP DISPATCH AHMEDABAD BRANCH,3,Y
370605,AHMEDABAD,GUJARAT,AHMEDABAD,A57,IP DISPATCH AHMEDABAD BRANCH,3,Y
370610,AHMEDABAD,GUJARAT,AHMEDABAD,A57,IP DISPATCH AHMEDABAD BRANCH,3,Y
370620,AHMEDABAD,GUJARAT,AHMEDABAD,A57,IP DISPATCH AHMEDABAD BRANCH,3,Y
370625,AHMEDABAD,GUJARAT,AHMEDABAD,A57,IP DISPATCH AHMEDABAD BRANCH,3,Y
370627,AHMEDABAD,GUJARAT,AHMEDABAD,A57,IP DISPATCH AHMEDABAD BRANCH,3,Y
370630,AHMEDABAD,GUJARAT,AHMEDABAD,A57,IP DISPATCH AHMEDABAD BRANCH,3,Y
370641,AHMEDABAD,GUJARAT,AHMEDABAD,A57,IP DISPATCH AHMEDABAD BRANCH,3,Y
370645,AHMEDABAD,GUJARAT,AHMEDABAD,A57,IP DISPATCH AHMEDABAD BRANCH,3,Y
370650,AHMEDABAD,GUJARAT,AHMEDABAD,A57,IP DISPATCH AHMEDABAD BRANCH,3,Y
370660,AHMEDABAD,GUJARAT,AHMEDABAD,A57,IP DISPATCH AHMEDABAD BRANCH,3,Y
370665,AHMEDABAD,GUJARAT,AHMEDABAD,A57,IP DISPATCH AHMEDABAD BRANCH,3,Y
370670,AHMEDABAD,GUJARAT,AHMEDABAD,A57,IP DISPATCH AHMEDABAD BRANCH,3,Y
370675,AHMEDABAD,GUJARAT,AHMEDABAD,A57,IP DISPATCH AHMEDABAD BRANCH,3,Y
380049,AHMEDABAD,GUJARAT,AHMEDABAD,A57,IP DISPATCH AHMEDABAD BRANCH,2,Y
382050,AHMEDABAD,GUJARAT,AHMEDABAD,A57,IP DISPATCH AHMEDABAD BRANCH,2,Y
382055,AHMEDABAD,GUJARAT,AHMEDABAD,A57,IP DISPATCH AHMEDABAD BRANCH,2,Y
382115,AHMEDABAD,GUJARAT,AHMEDABAD,A57,IP DISPATCH AHMEDABAD BRANCH,2,Y
382122,AHMEDABAD,GUJARAT,AHMEDABAD,A57,IP DISPATCH AHMEDABAD BRANCH,2,Y
382145,AHMEDABAD,GUJARAT,AHMEDABAD,A57,IP DISPATCH AHMEDABAD BRANCH,2,Y
382240,AHMEDABAD,GUJARAT,AHMEDABAD,A57,IP DISPATCH AHMEDABAD BRANCH,2,Y
382245,AHMEDABAD,GUJARAT,AHMEDABAD,A57,IP DISPATCH AHMEDABAD BRANCH,3,Y
382250,AHMEDABAD,GUJARAT,AHMEDABAD,A57,IP DISPATCH AHMEDABAD BRANCH,3,Y
382255,AHMEDABAD,GUJARAT,AHMEDABAD,A57,IP DISPATCH AHMEDABAD BRANCH,3,Y
382265,AHMEDABAD,GUJARAT,AHMEDABAD,A57,IP DISPATCH AHMEDABAD BRANCH,2,Y
382308,AHMEDABAD,GUJARAT,AHMEDABAD,A57,IP DISPATCH AHMEDABAD BRANCH,2,Y
382315,AHMEDABAD,GUJARAT,AHMEDABAD,A57,IP DISPATCH AHMEDABAD BRANCH,2,Y
382320,AHMEDABAD,GUJARAT,AHMEDABAD,A57,IP DISPATCH AHMEDABAD BRANCH,2,Y
382419,AHMEDABAD,GUJARAT,AHMEDABAD,A57,IP DISPATCH AHMEDABAD BRANCH,2,Y
382422,AHMEDABAD,GUJARAT,AHMEDABAD,A57,IP DISPATCH AHMEDABAD BRANCH,2,Y
382426,AHMEDABAD,GUJARAT,AHMEDABAD,A57,IP DISPATCH AHMEDABAD BRANCH,2,Y
382455,AHMEDABAD,GUJARAT,AHMEDABAD,A57,IP DISPATCH AHMEDABAD BRANCH,2,Y
382463,AHMEDABAD,GUJARAT,AHMEDABAD,A57,IP DISPATCH AHMEDABAD BRANCH,2,Y
382465,AHMEDABAD,GUJARAT,AHMEDABAD,A57,IP DISPATCH AHMEDABAD BRANCH,2,Y
382501,AHMEDABAD,GUJARAT,AHMEDABAD,A57,IP DISPATCH AHMEDABAD BRANCH,2,Y
382640,AHMEDABAD,GUJARAT,AHMEDABAD,A57,IP DISPATCH AHMEDABAD BRANCH,2,Y
382650,AHMEDABAD,GUJARAT,AHMEDABAD,A57,IP DISPATCH AHMEDABAD BRANCH,2,Y
382740,AHMEDABAD,GUJARAT,AHMEDABAD,A57,IP DISPATCH AHMEDABAD BRANCH,2,Y
382810,AHMEDABAD,GUJARAT,AHMEDABAD,A57,IP DISPATCH AHMEDABAD BRANCH,2,Y
382835,AHMEDABAD,GUJARAT,AHMEDABAD,A57,IP DISPATCH AHMEDABAD BRANCH,2,Y
382855,AHMEDABAD,GUJARAT,AHMEDABAD,A57,IP DISPATCH AHMEDABAD BRANCH,2,Y
383010,AHMEDABAD,GUJARAT,AHMEDABAD,A57,IP DISPATCH AHMEDABAD BRANCH,2,Y
383030,AHMEDABAD,GUJARAT,AHMEDABAD,A57,IP DISPATCH AHMEDABAD BRANCH,2,Y
383110,AHMEDABAD,GUJARAT,AHMEDABAD,A57,IP DISPATCH AHMEDABAD BRANCH,2,Y
383120,AHMEDABAD,GUJARAT,AHMEDABAD,A57,IP DISPATCH AHMEDABAD BRANCH,2,Y
383210,AHMEDABAD,GUJARAT,AHMEDABAD,A57,IP DISPATCH AHMEDABAD BRANCH,2,Y
383215,AHMEDABAD,GUJARAT,AHMEDABAD,A57,IP DISPATCH AHMEDABAD BRANCH,2,Y
383225,AHMEDABAD,GUJARAT,AHMEDABAD,A57,IP DISPATCH AHMEDABAD BRANCH,2,Y
383230,AHMEDABAD,GUJARAT,AHMEDABAD,A57,IP DISPATCH AHMEDABAD BRANCH,2,Y
383235,AHMEDABAD,GUJARAT,AHMEDABAD,A57,IP DISPATCH AHMEDABAD BRANCH,2,Y
383240,AHMEDABAD,GUJARAT,AHMEDABAD,A57,IP DISPATCH AHMEDABAD BRANCH,2,Y
383245,AHMEDABAD,GUJARAT,AHMEDABAD,A57,IP DISPATCH AHMEDABAD BRANCH,2,Y
383246,AHMEDABAD,GUJARAT,AHMEDABAD,A57,IP DISPATCH AHMEDABAD BRANCH,2,Y
383250,AHMEDABAD,GUJARAT,AHMEDABAD,A57,IP DISPATCH AHMEDABAD BRANCH,2,Y
383251,AHMEDABAD,GUJARAT,AHMEDABAD,A57,IP DISPATCH AHMEDABAD BRANCH,2,Y
383255,AHMEDABAD,GUJARAT,AHMEDABAD,A57,IP DISPATCH AHMEDABAD BRANCH,2,Y
383260,AHMEDABAD,GUJARAT,AHMEDABAD,A57,IP DISPATCH AHMEDABAD BRANCH,2,Y
383270,AHMEDABAD,GUJARAT,AHMEDABAD,A57,IP DISPATCH AHMEDABAD BRANCH,2,Y
383275,AHMEDABAD,GUJARAT,AHMEDABAD,A57,IP DISPATCH AHMEDABAD BRANCH,2,Y
383276,AHMEDABAD,GUJARAT,AHMEDABAD,A57,IP DISPATCH AHMEDABAD BRANCH,2,Y
383305,AHMEDABAD,GUJARAT,AHMEDABAD,A57,IP DISPATCH AHMEDABAD BRANCH,2,Y
383307,AHMEDABAD,GUJARAT,AHMEDABAD,A57,IP DISPATCH AHMEDABAD BRANCH,2,Y
383310,AHMEDABAD,GUJARAT,AHMEDABAD,A57,IP DISPATCH AHMEDABAD BRANCH,2,Y
383316,AHMEDABAD,GUJARAT,AHMEDABAD,A57,IP DISPATCH AHMEDABAD BRANCH,2,Y
383317,AHMEDABAD,GUJARAT,AHMEDABAD,A57,IP DISPATCH AHMEDABAD BRANCH,2,Y
383320,AHMEDABAD,GUJARAT,AHMEDABAD,A57,IP DISPATCH AHMEDABAD BRANCH,2,Y
383325,AHMEDABAD,GUJARAT,AHMEDABAD,A57,IP DISPATCH AHMEDABAD BRANCH,2,Y
383330,AHMEDABAD,GUJARAT,AHMEDABAD,A57,IP DISPATCH AHMEDABAD BRANCH,2,Y
383335,AHMEDABAD,GUJARAT,AHMEDABAD,A57,IP DISPATCH AHMEDABAD BRANCH,2,Y
383340,AHMEDABAD,GUJARAT,AHMEDABAD,A57,IP DISPATCH AHMEDABAD BRANCH,2,Y
383345,AHMEDABAD,GUJARAT,AHMEDABAD,A57,IP DISPATCH AHMEDABAD BRANCH,2,Y
383350,AHMEDABAD,GUJARAT,AHMEDABAD,A57,IP DISPATCH AHMEDABAD BRANCH,2,Y
383355,AHMEDABAD,GUJARAT,AHMEDABAD,A57,IP DISPATCH AHMEDABAD BRANCH,2,Y
383410,AHMEDABAD,GUJARAT,AHMEDABAD,A57,IP DISPATCH AHMEDABAD BRANCH,2,Y
383421,AHMEDABAD,GUJARAT,AHMEDABAD,A57,IP DISPATCH AHMEDABAD BRANCH,2,Y
383422,AHMEDABAD,GUJARAT,AHMEDABAD,A57,IP DISPATCH AHMEDABAD BRANCH,2,Y
383434,AHMEDABAD,GUJARAT,AHMEDABAD,A57,IP DISPATCH AHMEDABAD BRANCH,2,Y
383440,AHMEDABAD,GUJARAT,AHMEDABAD,A57,IP DISPATCH AHMEDABAD BRANCH,2,Y
383450,AHMEDABAD,GUJARAT,AHMEDABAD,A57,IP DISPATCH AHMEDABAD BRANCH,2,Y
383460,AHMEDABAD,GUJARAT,AHMEDABAD,A57,IP DISPATCH AHMEDABAD BRANCH,2,Y
383462,AHMEDABAD,GUJARAT,AHMEDABAD,A57,IP DISPATCH AHMEDABAD BRANCH,2,Y
384012,AHMEDABAD,GUJARAT,AHMEDABAD,A57,IP DISPATCH AHMEDABAD BRANCH,3,Y
384110,AHMEDABAD,GUJARAT,AHMEDABAD,A57,IP DISPATCH AHMEDABAD BRANCH,3,Y
384120,AHMEDABAD,GUJARAT,AHMEDABAD,A57,IP DISPATCH AHMEDABAD BRANCH,3,Y
384130,AHMEDABAD,GUJARAT,AHMEDABAD,A57,IP DISPATCH AHMEDABAD BRANCH,3,Y
384140,AHMEDABAD,GUJARAT,AHMEDABAD,A57,IP DISPATCH AHMEDABAD BRANCH,3,Y
384220,AHMEDABAD,GUJARAT,AHMEDABAD,A57,IP DISPATCH AHMEDABAD BRANCH,3,Y
384221,AHMEDABAD,GUJARAT,AHMEDABAD,A57,IP DISPATCH AHMEDABAD BRANCH,3,Y
384225,AHMEDABAD,GUJARAT,AHMEDABAD,A57,IP DISPATCH AHMEDABAD BRANCH,3,Y
384229,AHMEDABAD,GUJARAT,AHMEDABAD,A57,IP DISPATCH AHMEDABAD BRANCH,3,Y
384230,AHMEDABAD,GUJARAT,AHMEDABAD,A57,IP DISPATCH AHMEDABAD BRANCH,3,Y
384241,AHMEDABAD,GUJARAT,AHMEDABAD,A57,IP DISPATCH AHMEDABAD BRANCH,3,Y
384245,AHMEDABAD,GUJARAT,AHMEDABAD,A57,IP DISPATCH AHMEDABAD BRANCH,3,Y
384246,AHMEDABAD,GUJARAT,AHMEDABAD,A57,IP DISPATCH AHMEDABAD BRANCH,3,Y
384255,AHMEDABAD,GUJARAT,AHMEDABAD,A57,IP DISPATCH AHMEDABAD BRANCH,3,Y
384260,AHMEDABAD,GUJARAT,AHMEDABAD,A57,IP DISPATCH AHMEDABAD BRANCH,3,Y
384266,AHMEDABAD,GUJARAT,AHMEDABAD,A57,IP DISPATCH AHMEDABAD BRANCH,3,Y
384272,AHMEDABAD,GUJARAT,AHMEDABAD,A57,IP DISPATCH AHMEDABAD BRANCH,3,Y
384275,AHMEDABAD,GUJARAT,AHMEDABAD,A57,IP DISPATCH AHMEDABAD BRANCH,3,Y
384285,AHMEDABAD,GUJARAT,AHMEDABAD,A57,IP DISPATCH AHMEDABAD BRANCH,3,Y
384290,AHMEDABAD,GUJARAT,AHMEDABAD,A57,IP DISPATCH AHMEDABAD BRANCH,3,Y
384305,AHMEDABAD,GUJARAT,AHMEDABAD,A57,IP DISPATCH AHMEDABAD BRANCH,3,Y
384310,AHMEDABAD,GUJARAT,AHMEDABAD,A57,IP DISPATCH AHMEDABAD BRANCH,3,Y
384320,AHMEDABAD,GUJARAT,AHMEDABAD,A57,IP DISPATCH AHMEDABAD BRANCH,3,Y
384325,AHMEDABAD,GUJARAT,AHMEDABAD,A57,IP DISPATCH AHMEDABAD BRANCH,3,Y
384330,AHMEDABAD,GUJARAT,AHMEDABAD,A57,IP DISPATCH AHMEDABAD BRANCH,3,Y
384335,AHMEDABAD,GUJARAT,AHMEDABAD,A57,IP DISPATCH AHMEDABAD BRANCH,3,Y
384340,AHMEDABAD,GUJARAT,AHMEDABAD,A57,IP DISPATCH AHMEDABAD BRANCH,3,Y
384345,AHMEDABAD,GUJARAT,AHMEDABAD,A57,IP DISPATCH AHMEDABAD BRANCH,3,Y
384360,AHMEDABAD,GUJARAT,AHMEDABAD,A57,IP DISPATCH AHMEDABAD BRANCH,3,Y
384410,AHMEDABAD,GUJARAT,AHMEDABAD,A57,IP DISPATCH AHMEDABAD BRANCH,3,Y
384412,AHMEDABAD,GUJARAT,AHMEDABAD,A57,IP DISPATCH AHMEDABAD BRANCH,3,Y
384415,AHMEDABAD,GUJARAT,AHMEDABAD,A57,IP DISPATCH AHMEDABAD BRANCH,3,Y
384421,AHMEDABAD,GUJARAT,AHMEDABAD,A57,IP DISPATCH AHMEDABAD BRANCH,3,Y
384430,AHMEDABAD,GUJARAT,AHMEDABAD,A57,IP DISPATCH AHMEDABAD BRANCH,3,Y
384435,AHMEDABAD,GUJARAT,AHMEDABAD,A57,IP DISPATCH AHMEDABAD BRANCH,3,Y
384441,AHMEDABAD,GUJARAT,AHMEDABAD,A57,IP DISPATCH AHMEDABAD BRANCH,3,Y
384445,AHMEDABAD,GUJARAT,AHMEDABAD,A57,IP DISPATCH AHMEDABAD BRANCH,3,Y
384450,AHMEDABAD,GUJARAT,AHMEDABAD,A57,IP DISPATCH AHMEDABAD BRANCH,3,Y
384455,AHMEDABAD,GUJARAT,AHMEDABAD,A57,IP DISPATCH AHMEDABAD BRANCH,3,Y
384460,AHMEDABAD,GUJARAT,AHMEDABAD,A57,IP DISPATCH AHMEDABAD BRANCH,3,Y
384465,AHMEDABAD,GUJARAT,AHMEDABAD,A57,IP DISPATCH AHMEDABAD BRANCH,3,Y
384470,AHMEDABAD,GUJARAT,AHMEDABAD,A57,IP DISPATCH AHMEDABAD BRANCH,3,Y
384515,AHMEDABAD,GUJARAT,AHMEDABAD,A57,IP DISPATCH AHMEDABAD BRANCH,3,Y
384520,AHMEDABAD,GUJARAT,AHMEDABAD,A57,IP DISPATCH AHMEDABAD BRANCH,3,Y
384530,AHMEDABAD,GUJARAT,AHMEDABAD,A57,IP DISPATCH AHMEDABAD BRANCH,3,Y
384540,AHMEDABAD,GUJARAT,AHMEDABAD,A57,IP DISPATCH AHMEDABAD BRANCH,3,Y
384550,AHMEDABAD,GUJARAT,AHMEDABAD,A57,IP DISPATCH AHMEDABAD BRANCH,3,Y
384560,AHMEDABAD,GUJARAT,AHMEDABAD,A57,IP DISPATCH AHMEDABAD BRANCH,3,Y
384565,AHMEDABAD,GUJARAT,AHMEDABAD,A57,IP DISPATCH AHMEDABAD BRANCH,3,Y
384570,AHMEDABAD,GUJARAT,AHMEDABAD,A57,IP DISPATCH AHMEDABAD BRANCH,3,Y
385010,AHMEDABAD,GUJARAT,AHMEDABAD,A57,IP DISPATCH AHMEDABAD BRANCH,2,Y
385120,AHMEDABAD,GUJARAT,AHMEDABAD,A57,IP DISPATCH AHMEDABAD BRANCH,2,Y
385130,AHMEDABAD,GUJARAT,AHMEDABAD,A57,IP DISPATCH AHMEDABAD BRANCH,2,Y
385135,AHMEDABAD,GUJARAT,AHMEDABAD,A57,IP DISPATCH AHMEDABAD BRANCH,2,Y
385330,AHMEDABAD,GUJARAT,AHMEDABAD,A57,IP DISPATCH AHMEDABAD BRANCH,2,Y
385350,AHMEDABAD,GUJARAT,AHMEDABAD,A57,IP DISPATCH AHMEDABAD BRANCH,3,Y
385360,AHMEDABAD,GUJARAT,AHMEDABAD,A57,IP DISPATCH AHMEDABAD BRANCH,3,Y
385410,AHMEDABAD,GUJARAT,AHMEDABAD,A57,IP DISPATCH AHMEDABAD BRANCH,2,Y
385421,AHMEDABAD,GUJARAT,AHMEDABAD,A57,IP DISPATCH AHMEDABAD BRANCH,2,Y
385506,AHMEDABAD,GUJARAT,AHMEDABAD,A57,IP DISPATCH AHMEDABAD BRANCH,2,Y
385510,AHMEDABAD,GUJARAT,AHMEDABAD,A57,IP DISPATCH AHMEDABAD BRANCH,2,Y
385515,AHMEDABAD,GUJARAT,AHMEDABAD,A57,IP DISPATCH AHMEDABAD BRANCH,2,Y
385530,AHMEDABAD,GUJARAT,AHMEDABAD,A57,IP DISPATCH AHMEDABAD BRANCH,2,Y
385540,AHMEDABAD,GUJARAT,AHMEDABAD,A57,IP DISPATCH AHMEDABAD BRANCH,2,Y
385550,AHMEDABAD,GUJARAT,AHMEDABAD,A57,IP DISPATCH AHMEDABAD BRANCH,2,Y
385555,AHMEDABAD,GUJARAT,AHMEDABAD,A57,IP DISPATCH AHMEDABAD BRANCH,2,Y
385560,AHMEDABAD,GUJARAT,AHMEDABAD,A57,IP DISPATCH AHMEDABAD BRANCH,2,Y
385566,AHMEDABAD,GUJARAT,AHMEDABAD,A57,IP DISPATCH AHMEDABAD BRANCH,2,Y
385570,AHMEDABAD,GUJARAT,AHMEDABAD,A57,IP DISPATCH AHMEDABAD BRANCH,2,Y
385575,AHMEDABAD,GUJARAT,AHMEDABAD,A57,IP DISPATCH AHMEDABAD BRANCH,2,Y
385581,AHMEDABAD,GUJARAT,AHMEDABAD,A57,IP DISPATCH AHMEDABAD BRANCH,2,Y
387003,AHMEDABAD,GUJARAT,AHMEDABAD,A57,IP DISPATCH AHMEDABAD BRANCH,3,Y
387105,AHMEDABAD,GUJARAT,AHMEDABAD,A57,IP DISPATCH AHMEDABAD BRANCH,3,Y
387110,AHMEDABAD,GUJARAT,AHMEDABAD,A57,IP DISPATCH AHMEDABAD BRANCH,3,Y
387115,AHMEDABAD,GUJARAT,AHMEDABAD,A57,IP DISPATCH AHMEDABAD BRANCH,3,Y
387120,AHMEDABAD,GUJARAT,AHMEDABAD,A57,IP DISPATCH AHMEDABAD BRANCH,3,Y
387210,AHMEDABAD,GUJARAT,AHMEDABAD,A57,IP DISPATCH AHMEDABAD BRANCH,3,Y
387220,AHMEDABAD,GUJARAT,AHMEDABAD,A57,IP DISPATCH AHMEDABAD BRANCH,3,Y
387230,AHMEDABAD,GUJARAT,AHMEDABAD,A57,IP DISPATCH AHMEDABAD BRANCH,3,Y
387240,AHMEDABAD,GUJARAT,AHMEDABAD,A57,IP DISPATCH AHMEDABAD BRANCH,3,Y
387305,AHMEDABAD,GUJARAT,AHMEDABAD,A57,IP DISPATCH AHMEDABAD BRANCH,2,Y
387310,AHMEDABAD,GUJARAT,AHMEDABAD,A57,IP DISPATCH AHMEDABAD BRANCH,3,Y
387315,AHMEDABAD,GUJARAT,AHMEDABAD,A57,IP DISPATCH AHMEDABAD BRANCH,3,Y
387320,AHMEDABAD,GUJARAT,AHMEDABAD,A57,IP DISPATCH AHMEDABAD BRANCH,3,Y
387325,AHMEDABAD,GUJARAT,AHMEDABAD,A57,IP DISPATCH AHMEDABAD BRANCH,3,Y
387330,AHMEDABAD,GUJARAT,AHMEDABAD,A57,IP DISPATCH AHMEDABAD BRANCH,3,Y
387335,AHMEDABAD,GUJARAT,AHMEDABAD,A57,IP DISPATCH AHMEDABAD BRANCH,3,Y
387340,AHMEDABAD,GUJARAT,AHMEDABAD,A57,IP DISPATCH AHMEDABAD BRANCH,3,Y
387345,AHMEDABAD,GUJARAT,AHMEDABAD,A57,IP DISPATCH AHMEDABAD BRANCH,3,Y
387350,AHMEDABAD,GUJARAT,AHMEDABAD,A57,IP DISPATCH AHMEDABAD BRANCH,3,Y
387360,AHMEDABAD,GUJARAT,AHMEDABAD,A57,IP DISPATCH AHMEDABAD BRANCH,3,Y
387365,AHMEDABAD,GUJARAT,AHMEDABAD,A57,IP DISPATCH AHMEDABAD BRANCH,3,Y
387370,AHMEDABAD,GUJARAT,AHMEDABAD,A57,IP DISPATCH AHMEDABAD BRANCH,3,Y
387375,AHMEDABAD,GUJARAT,AHMEDABAD,A57,IP DISPATCH AHMEDABAD BRANCH,3,Y
387380,AHMEDABAD,GUJARAT,AHMEDABAD,A57,IP DISPATCH AHMEDABAD BRANCH,3,Y
387430,AHMEDABAD,GUJARAT,AHMEDABAD,A57,IP DISPATCH AHMEDABAD BRANCH,3,Y
387510,AHMEDABAD,GUJARAT,AHMEDABAD,A57,IP DISPATCH AHMEDABAD BRANCH,3,Y
387520,AHMEDABAD,GUJARAT,AHMEDABAD,A57,IP DISPATCH AHMEDABAD BRANCH,3,Y
387530,AHMEDABAD,GUJARAT,AHMEDABAD,A57,IP DISPATCH AHMEDABAD BRANCH,3,Y
387540,AHMEDABAD,GUJARAT,AHMEDABAD,A57,IP DISPATCH AHMEDABAD BRANCH,3,Y
387550,AHMEDABAD,GUJARAT,AHMEDABAD,A57,IP DISPATCH AHMEDABAD BRANCH,3,Y
387610,AHMEDABAD,GUJARAT,AHMEDABAD,A57,IP DISPATCH AHMEDABAD BRANCH,3,Y
387620,AHMEDABAD,GUJARAT,AHMEDABAD,A57,IP DISPATCH AHMEDABAD BRANCH,3,Y
387630,AHMEDABAD,GUJARAT,AHMEDABAD,A57,IP DISPATCH AHMEDABAD BRANCH,3,Y
387635,AHMEDABAD,GUJARAT,AHMEDABAD,A57,IP DISPATCH AHMEDABAD BRANCH,3,Y
387640,AHMEDABAD,GUJARAT,AHMEDABAD,A57,IP DISPATCH AHMEDABAD BRANCH,3,Y
387650,AHMEDABAD,GUJARAT,AHMEDABAD,A57,IP DISPATCH AHMEDABAD BRANCH,3,Y
387710,AHMEDABAD,GUJARAT,AHMEDABAD,A57,IP DISPATCH AHMEDABAD BRANCH,3,Y
388110,AHMEDABAD,GUJARAT,AHMEDABAD,A57,IP DISPATCH AHMEDABAD BRANCH,3,Y
388130,AHMEDABAD,GUJARAT,AHMEDABAD,A57,IP DISPATCH AHMEDABAD BRANCH,3,Y
388140,AHMEDABAD,GUJARAT,AHMEDABAD,A57,IP DISPATCH AHMEDABAD BRANCH,3,Y
388150,AHMEDABAD,GUJARAT,AHMEDABAD,A57,IP DISPATCH AHMEDABAD BRANCH,3,Y
388160,AHMEDABAD,GUJARAT,AHMEDABAD,A57,IP DISPATCH AHMEDABAD BRANCH,3,Y
388170,AHMEDABAD,GUJARAT,AHMEDABAD,A57,IP DISPATCH AHMEDABAD BRANCH,3,Y
388205,AHMEDABAD,GUJARAT,AHMEDABAD,A57,IP DISPATCH AHMEDABAD BRANCH,3,Y
388215,AHMEDABAD,GUJARAT,AHMEDABAD,A57,IP DISPATCH AHMEDABAD BRANCH,3,Y
388225,AHMEDABAD,GUJARAT,AHMEDABAD,A57,IP DISPATCH AHMEDABAD BRANCH,3,Y
388230,AHMEDABAD,GUJARAT,AHMEDABAD,A57,IP DISPATCH AHMEDABAD BRANCH,3,Y
388235,AHMEDABAD,GUJARAT,AHMEDABAD,A57,IP DISPATCH AHMEDABAD BRANCH,3,Y
388239,AHMEDABAD,GUJARAT,AHMEDABAD,A57,IP DISPATCH AHMEDABAD BRANCH,3,Y
388245,AHMEDABAD,GUJARAT,AHMEDABAD,A57,IP DISPATCH AHMEDABAD BRANCH,3,Y
388250,AHMEDABAD,GUJARAT,AHMEDABAD,A57,IP DISPATCH AHMEDABAD BRANCH,3,Y
388255,AHMEDABAD,GUJARAT,AHMEDABAD,A57,IP DISPATCH AHMEDABAD BRANCH,3,Y
388260,AHMEDABAD,GUJARAT,AHMEDABAD,A57,IP DISPATCH AHMEDABAD BRANCH,3,Y
388265,AHMEDABAD,GUJARAT,AHMEDABAD,A57,IP DISPATCH AHMEDABAD BRANCH,3,Y
388270,AHMEDABAD,GUJARAT,AHMEDABAD,A57,IP DISPATCH AHMEDABAD BRANCH,3,Y
388305,AHMEDABAD,GUJARAT,AHMEDABAD,A57,IP DISPATCH AHMEDABAD BRANCH,3,Y
388306,AHMEDABAD,GUJARAT,AHMEDABAD,A57,IP DISPATCH AHMEDABAD BRANCH,3,Y
388307,AHMEDABAD,GUJARAT,AHMEDABAD,A57,IP DISPATCH AHMEDABAD BRANCH,3,Y
388310,AHMEDABAD,GUJARAT,AHMEDABAD,A57,IP DISPATCH AHMEDABAD BRANCH,3,Y
388315,AHMEDABAD,GUJARAT,AHMEDABAD,A57,IP DISPATCH AHMEDABAD BRANCH,3,Y
388330,AHMEDABAD,GUJARAT,AHMEDABAD,A57,IP DISPATCH AHMEDABAD BRANCH,3,Y
388335,AHMEDABAD,GUJARAT,AHMEDABAD,A57,IP DISPATCH AHMEDABAD BRANCH,3,Y
388340,AHMEDABAD,GUJARAT,AHMEDABAD,A57,IP DISPATCH AHMEDABAD BRANCH,3,Y
388345,AHMEDABAD,GUJARAT,AHMEDABAD,A57,IP DISPATCH AHMEDABAD BRANCH,3,Y
388350,AHMEDABAD,GUJARAT,AHMEDABAD,A57,IP DISPATCH AHMEDABAD BRANCH,3,Y
388355,AHMEDABAD,GUJARAT,AHMEDABAD,A57,IP DISPATCH AHMEDABAD BRANCH,3,Y
388360,AHMEDABAD,GUJARAT,AHMEDABAD,A57,IP DISPATCH AHMEDABAD BRANCH,3,Y
388365,AHMEDABAD,GUJARAT,AHMEDABAD,A57,IP DISPATCH AHMEDABAD BRANCH,3,Y
388370,AHMEDABAD,GUJARAT,AHMEDABAD,A57,IP DISPATCH AHMEDABAD BRANCH,3,Y
388410,AHMEDABAD,GUJARAT,AHMEDABAD,A57,IP DISPATCH AHMEDABAD BRANCH,3,Y
388421,AHMEDABAD,GUJARAT,AHMEDABAD,A57,IP DISPATCH AHMEDABAD BRANCH,3,Y
388440,AHMEDABAD,GUJARAT,AHMEDABAD,A57,IP DISPATCH AHMEDABAD BRANCH,3,Y
388460,AHMEDABAD,GUJARAT,AHMEDABAD,A57,IP DISPATCH AHMEDABAD BRANCH,3,Y
388465,AHMEDABAD,GUJARAT,AHMEDABAD,A57,IP DISPATCH AHMEDABAD BRANCH,3,Y
388470,AHMEDABAD,GUJARAT,AHMEDABAD,A57,IP DISPATCH AHMEDABAD BRANCH,3,Y
388480,AHMEDABAD,GUJARAT,AHMEDABAD,A57,IP DISPATCH AHMEDABAD BRANCH,3,Y
388510,AHMEDABAD,GUJARAT,AHMEDABAD,A57,IP DISPATCH AHMEDABAD BRANCH,3,Y
388520,AHMEDABAD,GUJARAT,AHMEDABAD,A57,IP DISPATCH AHMEDABAD BRANCH,3,Y
388530,AHMEDABAD,GUJARAT,AHMEDABAD,A57,IP DISPATCH AHMEDABAD BRANCH,3,Y
388543,AHMEDABAD,GUJARAT,AHMEDABAD,A57,IP DISPATCH AHMEDABAD BRANCH,3,Y
388545,AHMEDABAD,GUJARAT,AHMEDABAD,A57,IP DISPATCH AHMEDABAD BRANCH,3,Y
388550,AHMEDABAD,GUJARAT,AHMEDABAD,A57,IP DISPATCH AHMEDABAD BRANCH,3,Y
388560,AHMEDABAD,GUJARAT,AHMEDABAD,A57,IP DISPATCH AHMEDABAD BRANCH,3,Y
388570,AHMEDABAD,GUJARAT,AHMEDABAD,A57,IP DISPATCH AHMEDABAD BRANCH,3,Y
388580,AHMEDABAD,GUJARAT,AHMEDABAD,A57,IP DISPATCH AHMEDABAD BRANCH,3,Y
388590,AHMEDABAD,GUJARAT,AHMEDABAD,A57,IP DISPATCH AHMEDABAD BRANCH,3,Y
388610,AHMEDABAD,GUJARAT,AHMEDABAD,A57,IP DISPATCH AHMEDABAD BRANCH,3,Y
388625,AHMEDABAD,GUJARAT,AHMEDABAD,A57,IP DISPATCH AHMEDABAD BRANCH,3,Y
388640,AHMEDABAD,GUJARAT,AHMEDABAD,A57,IP DISPATCH AHMEDABAD BRANCH,3,Y
388710,AHMEDABAD,GUJARAT,AHMEDABAD,A57,IP DISPATCH AHMEDABAD BRANCH,3,Y
388713,AHMEDABAD,GUJARAT,AHMEDABAD,A57,IP DISPATCH AHMEDABAD BRANCH,3,Y
389002,AHMEDABAD,GUJARAT,AHMEDABAD,A57,IP DISPATCH AHMEDABAD BRANCH,3,Y
389110,AHMEDABAD,GUJARAT,AHMEDABAD,A57,IP DISPATCH AHMEDABAD BRANCH,3,Y
389115,AHMEDABAD,GUJARAT,AHMEDABAD,A57,IP DISPATCH AHMEDABAD BRANCH,3,Y
389120,AHMEDABAD,GUJARAT,AHMEDABAD,A57,IP DISPATCH AHMEDABAD BRANCH,3,Y
389130,AHMEDABAD,GUJARAT,AHMEDABAD,A57,IP DISPATCH AHMEDABAD BRANCH,3,Y
389140,AHMEDABAD,GUJARAT,AHMEDABAD,A57,IP DISPATCH AHMEDABAD BRANCH,3,Y
389146,AHMEDABAD,GUJARAT,AHMEDABAD,A57,IP DISPATCH AHMEDABAD BRANCH,3,Y
389152,AHMEDABAD,GUJARAT,AHMEDABAD,A57,IP DISPATCH AHMEDABAD BRANCH,3,Y
389154,AHMEDABAD,GUJARAT,AHMEDABAD,A57,IP DISPATCH AHMEDABAD BRANCH,3,Y
389155,AHMEDABAD,GUJARAT,AHMEDABAD,A57,IP DISPATCH AHMEDABAD BRANCH,3,Y
389160,AHMEDABAD,GUJARAT,AHMEDABAD,A57,IP DISPATCH AHMEDABAD BRANCH,3,Y
389170,AHMEDABAD,GUJARAT,AHMEDABAD,A57,IP DISPATCH AHMEDABAD BRANCH,3,Y
389172,AHMEDABAD,GUJARAT,AHMEDABAD,A57,IP DISPATCH AHMEDABAD BRANCH,3,Y
389175,AHMEDABAD,GUJARAT,AHMEDABAD,A57,IP DISPATCH AHMEDABAD BRANCH,3,Y
389180,AHMEDABAD,GUJARAT,AHMEDABAD,A57,IP DISPATCH AHMEDABAD BRANCH,3,Y
389190,AHMEDABAD,GUJARAT,AHMEDABAD,A57,IP DISPATCH AHMEDABAD BRANCH,3,Y
389210,AHMEDABAD,GUJARAT,AHMEDABAD,A57,IP DISPATCH AHMEDABAD BRANCH,3,Y
389220,AHMEDABAD,GUJARAT,AHMEDABAD,A57,IP DISPATCH AHMEDABAD BRANCH,3,Y
389230,AHMEDABAD,GUJARAT,AHMEDABAD,A57,IP DISPATCH AHMEDABAD BRANCH,3,Y
389232,AHMEDABAD,GUJARAT,AHMEDABAD,A57,IP DISPATCH AHMEDABAD BRANCH,3,Y
389235,AHMEDABAD,GUJARAT,AHMEDABAD,A57,IP DISPATCH AHMEDABAD BRANCH,3,Y
389250,AHMEDABAD,GUJARAT,AHMEDABAD,A57,IP DISPATCH AHMEDABAD BRANCH,3,Y
389260,AHMEDABAD,GUJARAT,AHMEDABAD,A57,IP DISPATCH AHMEDABAD BRANCH,3,Y
389265,AHMEDABAD,GUJARAT,AHMEDABAD,A57,IP DISPATCH AHMEDABAD BRANCH,3,Y
389310,AHMEDABAD,GUJARAT,AHMEDABAD,A57,IP DISPATCH AHMEDABAD BRANCH,3,Y
389320,AHMEDABAD,GUJARAT,AHMEDABAD,A57,IP DISPATCH AHMEDABAD BRANCH,3,Y
389340,AHMEDABAD,GUJARAT,AHMEDABAD,A57,IP DISPATCH AHMEDABAD BRANCH,3,Y
389341,AHMEDABAD,GUJARAT,AHMEDABAD,A57,IP DISPATCH AHMEDABAD BRANCH,3,Y
389360,AHMEDABAD,GUJARAT,AHMEDABAD,A57,IP DISPATCH AHMEDABAD BRANCH,3,Y
389365,AHMEDABAD,GUJARAT,AHMEDABAD,A57,IP DISPATCH AHMEDABAD BRANCH,3,Y
389370,AHMEDABAD,GUJARAT,AHMEDABAD,A57,IP DISPATCH AHMEDABAD BRANCH,3,Y
389380,AHMEDABAD,GUJARAT,AHMEDABAD,A57,IP DISPATCH AHMEDABAD BRANCH,3,Y
389382,AHMEDABAD,GUJARAT,AHMEDABAD,A57,IP DISPATCH AHMEDABAD BRANCH,3,Y
389390,AHMEDABAD,GUJARAT,AHMEDABAD,A57,IP DISPATCH AHMEDABAD BRANCH,3,Y
391105,AHMEDABAD,GUJARAT,AHMEDABAD,A57,IP DISPATCH AHMEDABAD BRANCH,3,Y
391107,AHMEDABAD,GUJARAT,AHMEDABAD,A57,IP DISPATCH AHMEDABAD BRANCH,3,Y
391110,AHMEDABAD,GUJARAT,AHMEDABAD,A57,IP DISPATCH AHMEDABAD BRANCH,3,Y
391115,AHMEDABAD,GUJARAT,AHMEDABAD,A57,IP DISPATCH AHMEDABAD BRANCH,3,Y
391120,AHMEDABAD,GUJARAT,AHMEDABAD,A57,IP DISPATCH AHMEDABAD BRANCH,4,Y
391125,AHMEDABAD,GUJARAT,AHMEDABAD,A57,IP DISPATCH AHMEDABAD BRANCH,3,Y
391130,AHMEDABAD,GUJARAT,AHMEDABAD,A57,IP DISPATCH AHMEDABAD BRANCH,3,Y
391135,AHMEDABAD,GUJARAT,AHMEDABAD,A57,IP DISPATCH AHMEDABAD BRANCH,3,Y
391140,AHMEDABAD,GUJARAT,AHMEDABAD,A57,IP DISPATCH AHMEDABAD BRANCH,3,Y
391145,AHMEDABAD,GUJARAT,AHMEDABAD,A57,IP DISPATCH AHMEDABAD BRANCH,3,Y
391150,AHMEDABAD,GUJARAT,AHMEDABAD,A57,IP DISPATCH AHMEDABAD BRANCH,4,Y
391152,AHMEDABAD,GUJARAT,AHMEDABAD,A57,IP DISPATCH AHMEDABAD BRANCH,3,Y
391156,AHMEDABAD,GUJARAT,AHMEDABAD,A57,IP DISPATCH AHMEDABAD BRANCH,3,Y
391160,AHMEDABAD,GUJARAT,AHMEDABAD,A57,IP DISPATCH AHMEDABAD BRANCH,3,Y
391165,AHMEDABAD,GUJARAT,AHMEDABAD,A57,IP DISPATCH AHMEDABAD BRANCH,3,Y
391168,AHMEDABAD,GUJARAT,AHMEDABAD,A57,IP DISPATCH AHMEDABAD BRANCH,3,Y
391170,AHMEDABAD,GUJARAT,AHMEDABAD,A57,IP DISPATCH AHMEDABAD BRANCH,3,Y
391244,AHMEDABAD,GUJARAT,AHMEDABAD,A57,IP DISPATCH AHMEDABAD BRANCH,3,Y
391250,AHMEDABAD,GUJARAT,AHMEDABAD,A57,IP DISPATCH AHMEDABAD BRANCH,3,Y
391330,AHMEDABAD,GUJARAT,AHMEDABAD,A57,IP DISPATCH AHMEDABAD BRANCH,3,Y
391345,AHMEDABAD,GUJARAT,AHMEDABAD,A57,IP DISPATCH AHMEDABAD BRANCH,3,Y
391421,AHMEDABAD,GUJARAT,AHMEDABAD,A57,IP DISPATCH AHMEDABAD BRANCH,3,Y
391430,AHMEDABAD,GUJARAT,AHMEDABAD,A57,IP DISPATCH AHMEDABAD BRANCH,3,Y
391445,AHMEDABAD,GUJARAT,AHMEDABAD,A57,IP DISPATCH AHMEDABAD BRANCH,3,Y
391450,AHMEDABAD,GUJARAT,AHMEDABAD,A57,IP DISPATCH AHMEDABAD BRANCH,3,Y
391520,AHMEDABAD,GUJARAT,AHMEDABAD,A57,IP DISPATCH AHMEDABAD BRANCH,3,Y
391530,AHMEDABAD,GUJARAT,AHMEDABAD,A57,IP DISPATCH AHMEDABAD BRANCH,3,Y
391745,AHMEDABAD,GUJARAT,AHMEDABAD,A57,IP DISPATCH AHMEDABAD BRANCH,3,Y
391761,AHMEDABAD,GUJARAT,AHMEDABAD,A57,IP DISPATCH AHMEDABAD BRANCH,3,Y
391774,AHMEDABAD,GUJARAT,AHMEDABAD,A57,IP DISPATCH AHMEDABAD BRANCH,3,Y
391776,AHMEDABAD,GUJARAT,AHMEDABAD,A57,IP DISPATCH AHMEDABAD BRANCH,3,Y
391780,AHMEDABAD,GUJARAT,AHMEDABAD,A57,IP DISPATCH AHMEDABAD BRANCH,3,Y
391810,AHMEDABAD,GUJARAT,AHMEDABAD,A57,IP DISPATCH AHMEDABAD BRANCH,4,Y
392020,AHMEDABAD,GUJARAT,AHMEDABAD,A57,IP DISPATCH AHMEDABAD BRANCH,4,Y
392025,AHMEDABAD,GUJARAT,AHMEDABAD,A57,IP DISPATCH AHMEDABAD BRANCH,4,Y
392030,AHMEDABAD,GUJARAT,AHMEDABAD,A57,IP DISPATCH AHMEDABAD BRANCH,4,Y
392035,AHMEDABAD,GUJARAT,AHMEDABAD,A57,IP DISPATCH AHMEDABAD BRANCH,4,Y
392040,AHMEDABAD,GUJARAT,AHMEDABAD,A57,IP DISPATCH AHMEDABAD BRANCH,4,Y
392110,AHMEDABAD,GUJARAT,AHMEDABAD,A57,IP DISPATCH AHMEDABAD BRANCH,4,Y
392135,AHMEDABAD,GUJARAT,AHMEDABAD,A57,IP DISPATCH AHMEDABAD BRANCH,4,Y
392140,AHMEDABAD,GUJARAT,AHMEDABAD,A57,IP DISPATCH AHMEDABAD BRANCH,4,Y
392150,AHMEDABAD,GUJARAT,AHMEDABAD,A57,IP DISPATCH AHMEDABAD BRANCH,4,Y
392155,AHMEDABAD,GUJARAT,AHMEDABAD,A57,IP DISPATCH AHMEDABAD BRANCH,4,Y
392160,AHMEDABAD,GUJARAT,AHMEDABAD,A57,IP DISPATCH AHMEDABAD BRANCH,4,Y
392165,AHMEDABAD,GUJARAT,AHMEDABAD,A57,IP DISPATCH AHMEDABAD BRANCH,4,Y
392170,AHMEDABAD,GUJARAT,AHMEDABAD,A57,IP DISPATCH AHMEDABAD BRANCH,4,Y
392180,AHMEDABAD,GUJARAT,AHMEDABAD,A57,IP DISPATCH AHMEDABAD BRANCH,4,Y
392210,AHMEDABAD,GUJARAT,AHMEDABAD,A57,IP DISPATCH AHMEDABAD BRANCH,4,Y
392215,AHMEDABAD,GUJARAT,AHMEDABAD,A57,IP DISPATCH AHMEDABAD BRANCH,4,Y
392220,AHMEDABAD,GUJARAT,AHMEDABAD,A57,IP DISPATCH AHMEDABAD BRANCH,3,Y
392230,AHMEDABAD,GUJARAT,AHMEDABAD,A57,IP DISPATCH AHMEDABAD BRANCH,4,Y
392240,AHMEDABAD,GUJARAT,AHMEDABAD,A57,IP DISPATCH AHMEDABAD BRANCH,4,Y
392310,AHMEDABAD,GUJARAT,AHMEDABAD,A57,IP DISPATCH AHMEDABAD BRANCH,3,Y
393017,AHMEDABAD,GUJARAT,AHMEDABAD,A57,IP DISPATCH AHMEDABAD BRANCH,4,Y
393020,AHMEDABAD,GUJARAT,AHMEDABAD,A57,IP DISPATCH AHMEDABAD BRANCH,4,Y
393025,AHMEDABAD,GUJARAT,AHMEDABAD,A57,IP DISPATCH AHMEDABAD BRANCH,4,Y
393030,AHMEDABAD,GUJARAT,AHMEDABAD,A57,IP DISPATCH AHMEDABAD BRANCH,4,Y
393040,AHMEDABAD,GUJARAT,AHMEDABAD,A57,IP DISPATCH AHMEDABAD BRANCH,4,Y
393041,AHMEDABAD,GUJARAT,AHMEDABAD,A57,IP DISPATCH AHMEDABAD BRANCH,4,Y
393050,AHMEDABAD,GUJARAT,AHMEDABAD,A57,IP DISPATCH AHMEDABAD BRANCH,4,Y
393105,AHMEDABAD,GUJARAT,AHMEDABAD,A57,IP DISPATCH AHMEDABAD BRANCH,3,Y
393115,AHMEDABAD,GUJARAT,AHMEDABAD,A57,IP DISPATCH AHMEDABAD BRANCH,4,Y
393120,AHMEDABAD,GUJARAT,AHMEDABAD,A57,IP DISPATCH AHMEDABAD BRANCH,4,Y
393125,AHMEDABAD,GUJARAT,AHMEDABAD,A57,IP DISPATCH AHMEDABAD BRANCH,4,Y
393130,AHMEDABAD,GUJARAT,AHMEDABAD,A57,IP DISPATCH AHMEDABAD BRANCH,4,Y
393135,AHMEDABAD,GUJARAT,AHMEDABAD,A57,IP DISPATCH AHMEDABAD BRANCH,4,Y
393140,AHMEDABAD,GUJARAT,AHMEDABAD,A57,IP DISPATCH AHMEDABAD BRANCH,4,Y
393145,AHMEDABAD,GUJARAT,AHMEDABAD,A57,IP DISPATCH AHMEDABAD BRANCH,4,Y
393150,AHMEDABAD,GUJARAT,AHMEDABAD,A57,IP DISPATCH AHMEDABAD BRANCH,4,Y
393151,AHMEDABAD,GUJARAT,AHMEDABAD,A57,IP DISPATCH AHMEDABAD BRANCH,4,Y
394112,AHMEDABAD,GUJARAT,AHMEDABAD,A57,IP DISPATCH AHMEDABAD BRANCH,4,Y
394115,AHMEDABAD,GUJARAT,AHMEDABAD,A57,IP DISPATCH AHMEDABAD BRANCH,4,Y
394120,AHMEDABAD,GUJARAT,AHMEDABAD,A57,IP DISPATCH AHMEDABAD BRANCH,4,Y
394125,AHMEDABAD,GUJARAT,AHMEDABAD,A57,IP DISPATCH AHMEDABAD BRANCH,4,Y
394140,AHMEDABAD,GUJARAT,AHMEDABAD,A57,IP DISPATCH AHMEDABAD BRANCH,4,Y
394155,AHMEDABAD,GUJARAT,AHMEDABAD,A57,IP DISPATCH AHMEDABAD BRANCH,4,Y
394160,AHMEDABAD,GUJARAT,AHMEDABAD,A57,IP DISPATCH AHMEDABAD BRANCH,4,Y
394163,AHMEDABAD,GUJARAT,AHMEDABAD,A57,IP DISPATCH AHMEDABAD BRANCH,4,Y
394170,AHMEDABAD,GUJARAT,AHMEDABAD,A57,IP DISPATCH AHMEDABAD BRANCH,4,Y
394190,AHMEDABAD,GUJARAT,AHMEDABAD,A57,IP DISPATCH AHMEDABAD BRANCH,4,Y
394235,AHMEDABAD,GUJARAT,AHMEDABAD,A57,IP DISPATCH AHMEDABAD BRANCH,4,Y
394240,AHMEDABAD,GUJARAT,AHMEDABAD,A57,IP DISPATCH AHMEDABAD BRANCH,4,Y
394245,AHMEDABAD,GUJARAT,AHMEDABAD,A57,IP DISPATCH AHMEDABAD BRANCH,4,Y
394246,AHMEDABAD,GUJARAT,AHMEDABAD,A57,IP DISPATCH AHMEDABAD BRANCH,4,Y
394248,AHMEDABAD,GUJARAT,AHMEDABAD,A57,IP DISPATCH AHMEDABAD BRANCH,4,Y
394317,AHMEDABAD,GUJARAT,AHMEDABAD,A57,IP DISPATCH AHMEDABAD BRANCH,4,Y
394330,AHMEDABAD,GUJARAT,AHMEDABAD,A57,IP DISPATCH AHMEDABAD BRANCH,4,Y
394335,AHMEDABAD,GUJARAT,AHMEDABAD,A57,IP DISPATCH AHMEDABAD BRANCH,4,Y
394340,AHMEDABAD,GUJARAT,AHMEDABAD,A57,IP DISPATCH AHMEDABAD BRANCH,4,Y
394345,AHMEDABAD,GUJARAT,AHMEDABAD,A57,IP DISPATCH AHMEDABAD BRANCH,4,Y
394350,AHMEDABAD,GUJARAT,AHMEDABAD,A57,IP DISPATCH AHMEDABAD BRANCH,4,Y
394352,AHMEDABAD,GUJARAT,AHMEDABAD,A57,IP DISPATCH AHMEDABAD BRANCH,4,Y
394355,AHMEDABAD,GUJARAT,AHMEDABAD,A57,IP DISPATCH AHMEDABAD BRANCH,4,Y
394365,AHMEDABAD,GUJARAT,AHMEDABAD,A57,IP DISPATCH AHMEDABAD BRANCH,4,Y
394370,AHMEDABAD,GUJARAT,AHMEDABAD,A57,IP DISPATCH AHMEDABAD BRANCH,4,Y
394375,AHMEDABAD,GUJARAT,AHMEDABAD,A57,IP DISPATCH AHMEDABAD BRANCH,4,Y
394380,AHMEDABAD,GUJARAT,AHMEDABAD,A57,IP DISPATCH AHMEDABAD BRANCH,4,Y
394405,AHMEDABAD,GUJARAT,AHMEDABAD,A57,IP DISPATCH AHMEDABAD BRANCH,4,Y
394410,AHMEDABAD,GUJARAT,AHMEDABAD,A57,IP DISPATCH AHMEDABAD BRANCH,4,Y
394421,AHMEDABAD,GUJARAT,AHMEDABAD,A57,IP DISPATCH AHMEDABAD BRANCH,4,Y
394430,AHMEDABAD,GUJARAT,AHMEDABAD,A57,IP DISPATCH AHMEDABAD BRANCH,4,Y
394440,AHMEDABAD,GUJARAT,AHMEDABAD,A57,IP DISPATCH AHMEDABAD BRANCH,4,Y
394445,AHMEDABAD,GUJARAT,AHMEDABAD,A57,IP DISPATCH AHMEDABAD BRANCH,4,Y
394530,AHMEDABAD,GUJARAT,AHMEDABAD,A57,IP DISPATCH AHMEDABAD BRANCH,4,Y
394550,AHMEDABAD,GUJARAT,AHMEDABAD,A57,IP DISPATCH AHMEDABAD BRANCH,4,Y
394620,AHMEDABAD,GUJARAT,AHMEDABAD,A57,IP DISPATCH AHMEDABAD BRANCH,4,Y
394630,AHMEDABAD,GUJARAT,AHMEDABAD,A57,IP DISPATCH AHMEDABAD BRANCH,4,Y
394633,AHMEDABAD,GUJARAT,AHMEDABAD,A57,IP DISPATCH AHMEDABAD BRANCH,4,Y
394635,AHMEDABAD,GUJARAT,AHMEDABAD,A57,IP DISPATCH AHMEDABAD BRANCH,4,Y
394640,AHMEDABAD,GUJARAT,AHMEDABAD,A57,IP DISPATCH AHMEDABAD BRANCH,4,Y
394641,AHMEDABAD,GUJARAT,AHMEDABAD,A57,IP DISPATCH AHMEDABAD BRANCH,4,Y
394651,AHMEDABAD,GUJARAT,AHMEDABAD,A57,IP DISPATCH AHMEDABAD BRANCH,4,Y
394652,AHMEDABAD,GUJARAT,AHMEDABAD,A57,IP DISPATCH AHMEDABAD BRANCH,4,Y
394655,AHMEDABAD,GUJARAT,AHMEDABAD,A57,IP DISPATCH AHMEDABAD BRANCH,4,Y
394660,AHMEDABAD,GUJARAT,AHMEDABAD,A57,IP DISPATCH AHMEDABAD BRANCH,4,Y
394680,AHMEDABAD,GUJARAT,AHMEDABAD,A57,IP DISPATCH AHMEDABAD BRANCH,4,Y
394690,AHMEDABAD,GUJARAT,AHMEDABAD,A57,IP DISPATCH AHMEDABAD BRANCH,4,Y
394710,AHMEDABAD,GUJARAT,AHMEDABAD,A57,IP DISPATCH AHMEDABAD BRANCH,3,Y
394715,AHMEDABAD,GUJARAT,AHMEDABAD,A57,IP DISPATCH AHMEDABAD BRANCH,3,Y
394716,AHMEDABAD,GUJARAT,AHMEDABAD,A57,IP DISPATCH AHMEDABAD BRANCH,3,Y
394720,AHMEDABAD,GUJARAT,AHMEDABAD,A57,IP DISPATCH AHMEDABAD BRANCH,3,Y
394730,AHMEDABAD,GUJARAT,AHMEDABAD,A57,IP DISPATCH AHMEDABAD BRANCH,3,Y
394810,AHMEDABAD,GUJARAT,AHMEDABAD,A57,IP DISPATCH AHMEDABAD BRANCH,4,Y
395011,AHMEDABAD,GUJARAT,AHMEDABAD,A57,IP DISPATCH AHMEDABAD BRANCH,4,Y
395012,AHMEDABAD,GUJARAT,AHMEDABAD,A57,IP DISPATCH AHMEDABAD BRANCH,4,Y
395013,AHMEDABAD,GUJARAT,AHMEDABAD,A57,IP DISPATCH AHMEDABAD BRANCH,4,Y
396007,AHMEDABAD,GUJARAT,AHMEDABAD,A57,IP DISPATCH AHMEDABAD BRANCH,4,Y
396040,AHMEDABAD,GUJARAT,AHMEDABAD,A57,IP DISPATCH AHMEDABAD BRANCH,4,Y
396045,AHMEDABAD,GUJARAT,AHMEDABAD,A57,IP DISPATCH AHMEDABAD BRANCH,4,Y
396050,AHMEDABAD,GUJARAT,AHMEDABAD,A57,IP DISPATCH AHMEDABAD BRANCH,4,Y
396051,AHMEDABAD,GUJARAT,AHMEDABAD,A57,IP DISPATCH AHMEDABAD BRANCH,4,Y
396055,AHMEDABAD,GUJARAT,AHMEDABAD,A57,IP DISPATCH AHMEDABAD BRANCH,4,Y
396060,AHMEDABAD,GUJARAT,AHMEDABAD,A57,IP DISPATCH AHMEDABAD BRANCH,4,Y
396065,AHMEDABAD,GUJARAT,AHMEDABAD,A57,IP DISPATCH AHMEDABAD BRANCH,4,Y
396067,AHMEDABAD,GUJARAT,AHMEDABAD,A57,IP DISPATCH AHMEDABAD BRANCH,4,Y
396110,AHMEDABAD,GUJARAT,AHMEDABAD,A57,IP DISPATCH AHMEDABAD BRANCH,4,Y
396115,AHMEDABAD,GUJARAT,AHMEDABAD,A57,IP DISPATCH AHMEDABAD BRANCH,4,Y
396120,AHMEDABAD,GUJARAT,AHMEDABAD,A57,IP DISPATCH AHMEDABAD BRANCH,4,Y
396126,AHMEDABAD,GUJARAT,AHMEDABAD,A57,IP DISPATCH AHMEDABAD BRANCH,4,Y
396130,AHMEDABAD,GUJARAT,AHMEDABAD,A57,IP DISPATCH AHMEDABAD BRANCH,4,Y
396135,AHMEDABAD,GUJARAT,AHMEDABAD,A57,IP DISPATCH AHMEDABAD BRANCH,4,Y
396140,AHMEDABAD,GUJARAT,AHMEDABAD,A57,IP DISPATCH AHMEDABAD BRANCH,4,Y
396165,AHMEDABAD,GUJARAT,AHMEDABAD,A57,IP DISPATCH AHMEDABAD BRANCH,4,Y
396310,AHMEDABAD,GUJARAT,AHMEDABAD,A57,IP DISPATCH AHMEDABAD BRANCH,4,Y
396325,AHMEDABAD,GUJARAT,AHMEDABAD,A57,IP DISPATCH AHMEDABAD BRANCH,4,Y
396350,AHMEDABAD,GUJARAT,AHMEDABAD,A57,IP DISPATCH AHMEDABAD BRANCH,4,Y
396360,AHMEDABAD,GUJARAT,AHMEDABAD,A57,IP DISPATCH AHMEDABAD BRANCH,4,Y
396370,AHMEDABAD,GUJARAT,AHMEDABAD,A57,IP DISPATCH AHMEDABAD BRANCH,4,Y
396375,AHMEDABAD,GUJARAT,AHMEDABAD,A57,IP DISPATCH AHMEDABAD BRANCH,4,Y
396380,AHMEDABAD,GUJARAT,AHMEDABAD,A57,IP DISPATCH AHMEDABAD BRANCH,4,Y
396385,AHMEDABAD,GUJARAT,AHMEDABAD,A57,IP DISPATCH AHMEDABAD BRANCH,4,Y
396403,AHMEDABAD,GUJARAT,AHMEDABAD,A57,IP DISPATCH AHMEDABAD BRANCH,4,Y
396406,AHMEDABAD,GUJARAT,AHMEDABAD,A57,IP DISPATCH AHMEDABAD BRANCH,4,Y
396409,AHMEDABAD,GUJARAT,AHMEDABAD,A57,IP DISPATCH AHMEDABAD BRANCH,4,Y
396412,AHMEDABAD,GUJARAT,AHMEDABAD,A57,IP DISPATCH AHMEDABAD BRANCH,4,Y
396415,AHMEDABAD,GUJARAT,AHMEDABAD,A57,IP DISPATCH AHMEDABAD BRANCH,4,Y
396418,AHMEDABAD,GUJARAT,AHMEDABAD,A57,IP DISPATCH AHMEDABAD BRANCH,4,Y
396421,AHMEDABAD,GUJARAT,AHMEDABAD,A57,IP DISPATCH AHMEDABAD BRANCH,4,Y
396430,AHMEDABAD,GUJARAT,AHMEDABAD,A57,IP DISPATCH AHMEDABAD BRANCH,4,Y
396433,AHMEDABAD,GUJARAT,AHMEDABAD,A57,IP DISPATCH AHMEDABAD BRANCH,4,Y
396439,AHMEDABAD,GUJARAT,AHMEDABAD,A57,IP DISPATCH AHMEDABAD BRANCH,4,Y
396450,AHMEDABAD,GUJARAT,AHMEDABAD,A57,IP DISPATCH AHMEDABAD BRANCH,4,Y
396460,AHMEDABAD,GUJARAT,AHMEDABAD,A57,IP DISPATCH AHMEDABAD BRANCH,4,Y
396463,AHMEDABAD,GUJARAT,AHMEDABAD,A57,IP DISPATCH AHMEDABAD BRANCH,4,Y
396466,AHMEDABAD,GUJARAT,AHMEDABAD,A57,IP DISPATCH AHMEDABAD BRANCH,4,Y
396469,AHMEDABAD,GUJARAT,AHMEDABAD,A57,IP DISPATCH AHMEDABAD BRANCH,4,Y
396472,AHMEDABAD,GUJARAT,AHMEDABAD,A57,IP DISPATCH AHMEDABAD BRANCH,4,Y
396475,AHMEDABAD,GUJARAT,AHMEDABAD,A57,IP DISPATCH AHMEDABAD BRANCH,4,Y
396510,AHMEDABAD,GUJARAT,AHMEDABAD,A57,IP DISPATCH AHMEDABAD BRANCH,4,Y
396530,AHMEDABAD,GUJARAT,AHMEDABAD,A57,IP DISPATCH AHMEDABAD BRANCH,4,Y
396540,AHMEDABAD,GUJARAT,AHMEDABAD,A57,IP DISPATCH AHMEDABAD BRANCH,4,Y
396560,AHMEDABAD,GUJARAT,AHMEDABAD,A57,IP DISPATCH AHMEDABAD BRANCH,4,Y
396570,AHMEDABAD,GUJARAT,AHMEDABAD,A57,IP DISPATCH AHMEDABAD BRANCH,4,Y
396580,AHMEDABAD,GUJARAT,AHMEDABAD,A57,IP DISPATCH AHMEDABAD BRANCH,4,Y
396590,AHMEDABAD,GUJARAT,AHMEDABAD,A57,IP DISPATCH AHMEDABAD BRANCH,4,Y
400118,MUMBAI,MAHARASHTRA,MUMBAI,M90,IP DISPATCH MUMBAI BRANCH,2,Y
400150,MUMBAI,MAHARASHTRA,MUMBAI,M90,IP DISPATCH MUMBAI BRANCH,3,Y
400153,MUMBAI,MAHARASHTRA,MUMBAI,M90,IP DISPATCH MUMBAI BRANCH,3,Y
400160,MUMBAI,MAHARASHTRA,MUMBAI,M90,IP DISPATCH MUMBAI BRANCH,2,Y
400171,MUMBAI,MAHARASHTRA,MUMBAI,M90,IP DISPATCH MUMBAI BRANCH,2,Y
400183,MUMBAI,MAHARASHTRA,MUMBAI,M90,IP DISPATCH MUMBAI BRANCH,2,Y
400186,MUMBAI,MAHARASHTRA,MUMBAI,M90,IP DISPATCH MUMBAI BRANCH,2,Y
400193,MUMBAI,MAHARASHTRA,MUMBAI,M90,IP DISPATCH MUMBAI BRANCH,2,Y
401103,MUMBAI,MAHARASHTRA,MUMBAI,M90,IP DISPATCH MUMBAI BRANCH,3,Y
401106,MUMBAI,MAHARASHTRA,MUMBAI,M90,IP DISPATCH MUMBAI BRANCH,2,Y
401108,MUMBAI,MAHARASHTRA,MUMBAI,M90,IP DISPATCH MUMBAI BRANCH,2,Y
401204,MUMBAI,MAHARASHTRA,MUMBAI,M90,IP DISPATCH MUMBAI BRANCH,3,Y
401304,MUMBAI,MAHARASHTRA,MUMBAI,M90,IP DISPATCH MUMBAI BRANCH,3,Y
401401,MUMBAI,MAHARASHTRA,MUMBAI,M90,IP DISPATCH MUMBAI BRANCH,2,Y
401402,MUMBAI,MAHARASHTRA,MUMBAI,M90,IP DISPATCH MUMBAI BRANCH,2,Y
401405,MUMBAI,MAHARASHTRA,MUMBAI,M90,IP DISPATCH MUMBAI BRANCH,3,Y
401502,MUMBAI,MAHARASHTRA,MUMBAI,M90,IP DISPATCH MUMBAI BRANCH,3,Y
401603,MUMBAI,MAHARASHTRA,MUMBAI,M90,IP DISPATCH MUMBAI BRANCH,4,Y
401604,MUMBAI,MAHARASHTRA,MUMBAI,M90,IP DISPATCH MUMBAI BRANCH,4,Y
401605,MUMBAI,MAHARASHTRA,MUMBAI,M90,IP DISPATCH MUMBAI BRANCH,4,Y
401606,MUMBAI,MAHARASHTRA,MUMBAI,M90,IP DISPATCH MUMBAI BRANCH,3,Y
401607,MUMBAI,MAHARASHTRA,MUMBAI,M90,IP DISPATCH MUMBAI BRANCH,3,Y
401608,MUMBAI,MAHARASHTRA,MUMBAI,M90,IP DISPATCH MUMBAI BRANCH,3,Y
401701,MUMBAI,MAHARASHTRA,MUMBAI,M90,IP DISPATCH MUMBAI BRANCH,3,Y
401702,MUMBAI,MAHARASHTRA,MUMBAI,M90,IP DISPATCH MUMBAI BRANCH,3,Y
401703,MUMBAI,MAHARASHTRA,MUMBAI,M90,IP DISPATCH MUMBAI BRANCH,3,Y
402102,MUMBAI,MAHARASHTRA,MUMBAI,M90,IP DISPATCH MUMBAI BRANCH,3,Y
402105,MUMBAI,MAHARASHTRA,MUMBAI,M90,IP DISPATCH MUMBAI BRANCH,4,Y
402110,MUMBAI,MAHARASHTRA,MUMBAI,M90,IP DISPATCH MUMBAI BRANCH,4,Y
402111,MUMBAI,MAHARASHTRA,MUMBAI,M90,IP DISPATCH MUMBAI BRANCH,4,Y
402112,MUMBAI,MAHARASHTRA,MUMBAI,M90,IP DISPATCH MUMBAI BRANCH,3,Y
402113,MUMBAI,MAHARASHTRA,MUMBAI,M90,IP DISPATCH MUMBAI BRANCH,4,Y
402114,MUMBAI,MAHARASHTRA,MUMBAI,M90,IP DISPATCH MUMBAI BRANCH,3,Y
402115,MUMBAI,MAHARASHTRA,MUMBAI,M90,IP DISPATCH MUMBAI BRANCH,4,Y
402117,MUMBAI,MAHARASHTRA,MUMBAI,M90,IP DISPATCH MUMBAI BRANCH,3,Y
402120,MUMBAI,MAHARASHTRA,MUMBAI,M90,IP DISPATCH MUMBAI BRANCH,3,Y
402122,MUMBAI,MAHARASHTRA,MUMBAI,M90,IP DISPATCH MUMBAI BRANCH,3,Y
402125,MUMBAI,MAHARASHTRA,MUMBAI,M90,IP DISPATCH MUMBAI BRANCH,3,Y
402126,MUMBAI,MAHARASHTRA,MUMBAI,M90,IP DISPATCH MUMBAI BRANCH,3,Y
402202,MUMBAI,MAHARASHTRA,MUMBAI,M90,IP DISPATCH MUMBAI BRANCH,3,Y
402207,MUMBAI,MAHARASHTRA,MUMBAI,M90,IP DISPATCH MUMBAI BRANCH,3,Y
402208,MUMBAI,MAHARASHTRA,MUMBAI,M90,IP DISPATCH MUMBAI BRANCH,3,Y
402302,MUMBAI,MAHARASHTRA,MUMBAI,M90,IP DISPATCH MUMBAI BRANCH,4,Y
402303,MUMBAI,MAHARASHTRA,MUMBAI,M90,IP DISPATCH MUMBAI BRANCH,4,Y
402304,MUMBAI,MAHARASHTRA,MUMBAI,M90,IP DISPATCH MUMBAI BRANCH,3,Y
402305,MUMBAI,MAHARASHTRA,MUMBAI,M90,IP DISPATCH MUMBAI BRANCH,4,Y
402306,MUMBAI,MAHARASHTRA,MUMBAI,M90,IP DISPATCH MUMBAI BRANCH,4,Y
402307,MUMBAI,MAHARASHTRA,MUMBAI,M90,IP DISPATCH MUMBAI BRANCH,3,Y
402401,MUMBAI,MAHARASHTRA,MUMBAI,M90,IP DISPATCH MUMBAI BRANCH,4,Y
402402,MUMBAI,MAHARASHTRA,MUMBAI,M90,IP DISPATCH MUMBAI BRANCH,4,Y
402403,MUMBAI,MAHARASHTRA,MUMBAI,M90,IP DISPATCH MUMBAI BRANCH,4,Y
402404,MUMBAI,MAHARASHTRA,MUMBAI,M90,IP DISPATCH MUMBAI BRANCH,4,Y
403102,SALCETE,GOA,BANGALORE,B123,IP DISPATCH PANJIM BRANCH,3,Y
403103,SALCETE,GOA,BANGALORE,B123,IP DISPATCH PANJIM BRANCH,3,Y
403104,SALCETE,GOA,BANGALORE,B123,IP DISPATCH PANJIM BRANCH,3,Y
403105,SALCETE,GOA,BANGALORE,B123,IP DISPATCH PANJIM BRANCH,3,Y
403106,SALCETE,GOA,BANGALORE,B123,IP DISPATCH PANJIM BRANCH,3,Y
403107,SALCETE,GOA,BANGALORE,B123,IP DISPATCH PANJIM BRANCH,3,Y
403403,SALCETE,GOA,BANGALORE,B123,IP DISPATCH PANJIM BRANCH,3,Y
403410,SALCETE,GOA,BANGALORE,B123,IP DISPATCH PANJIM BRANCH,3,Y
403503,SALCETE,GOA,BANGALORE,B123,IP DISPATCH PANJIM BRANCH,3,Y
403508,SALCETE,GOA,BANGALORE,B123,IP DISPATCH PANJIM BRANCH,3,Y
403522,PUNE,MAHARASHTRA,PUNE,P79,IP DISPATCH PUNE BRANCH,4,Y
403523,SALCETE,GOA,BANGALORE,B123,IP DISPATCH PANJIM BRANCH,3,Y
403701,SALCETE,GOA,BANGALORE,B123,IP DISPATCH PANJIM BRANCH,3,Y
403709,SALCETE,GOA,BANGALORE,B123,IP DISPATCH PANJIM BRANCH,3,Y
403714,SALCETE,GOA,BANGALORE,B123,IP DISPATCH PANJIM BRANCH,3,Y
403718,SALCETE,GOA,BANGALORE,B123,IP DISPATCH PANJIM BRANCH,3,Y
403719,SALCETE,GOA,BANGALORE,B123,IP DISPATCH PANJIM BRANCH,3,Y
403720,SALCETE,GOA,BANGALORE,B123,IP DISPATCH PANJIM BRANCH,3,Y
403723,SALCETE,GOA,BANGALORE,B123,IP DISPATCH PANJIM BRANCH,3,Y
403725,SALCETE,GOA,BANGALORE,B123,IP DISPATCH PANJIM BRANCH,3,Y
403728,SALCETE,GOA,BANGALORE,B123,IP DISPATCH PANJIM BRANCH,3,Y
410102,MUMBAI,MAHARASHTRA,MUMBAI,M90,IP DISPATCH MUMBAI BRANCH,3,Y
410204,MUMBAI,MAHARASHTRA,MUMBAI,M90,IP DISPATCH MUMBAI BRANCH,3,Y
410216,MUMBAI,MAHARASHTRA,MUMBAI,M90,IP DISPATCH MUMBAI BRANCH,3,Y
410301,PUNE,MAHARASHTRA,PUNE,P79,IP DISPATCH PUNE BRANCH,3,Y
410302,PUNE,MAHARASHTRA,PUNE,P79,IP DISPATCH PUNE BRANCH,3,Y
410402,PUNE,MAHARASHTRA,PUNE,P79,IP DISPATCH PUNE BRANCH,3,Y
410403,PUNE,MAHARASHTRA,PUNE,P79,IP DISPATCH PUNE BRANCH,3,Y
410406,PUNE,MAHARASHTRA,PUNE,P79,IP DISPATCH PUNE BRANCH,3,Y
410502,PUNE,MAHARASHTRA,PUNE,P79,IP DISPATCH PUNE BRANCH,3,Y
410508,PUNE,MAHARASHTRA,PUNE,P79,IP DISPATCH PUNE BRANCH,3,Y
410509,PUNE,MAHARASHTRA,PUNE,P79,IP DISPATCH PUNE BRANCH,3,Y
410510,PUNE,MAHARASHTRA,PUNE,P79,IP DISPATCH PUNE BRANCH,3,Y
410511,PUNE,MAHARASHTRA,PUNE,P79,IP DISPATCH PUNE BRANCH,3,Y
410512,PUNE,MAHARASHTRA,PUNE,P79,IP DISPATCH PUNE BRANCH,3,Y
410513,PUNE,MAHARASHTRA,PUNE,P79,IP DISPATCH PUNE BRANCH,3,Y
410515,PUNE,MAHARASHTRA,PUNE,P79,IP DISPATCH PUNE BRANCH,3,Y
410516,PUNE,MAHARASHTRA,PUNE,P79,IP DISPATCH PUNE BRANCH,3,Y
410517,PUNE,MAHARASHTRA,PUNE,P79,IP DISPATCH PUNE BRANCH,3,Y
411076,PUNE,MAHARASHTRA,PUNE,P79,IP DISPATCH PUNE BRANCH,2,Y
412102,PUNE,MAHARASHTRA,PUNE,P79,IP DISPATCH PUNE BRANCH,3,Y
412103,PUNE,MAHARASHTRA,PUNE,P79,IP DISPATCH PUNE BRANCH,3,Y
412104,PUNE,MAHARASHTRA,PUNE,P79,IP DISPATCH PUNE BRANCH,3,Y
412107,PUNE,MAHARASHTRA,PUNE,P79,IP DISPATCH PUNE BRANCH,3,Y
412110,PUNE,MAHARASHTRA,PUNE,P79,IP DISPATCH PUNE BRANCH,3,Y
412204,PUNE,MAHARASHTRA,PUNE,P79,IP DISPATCH PUNE BRANCH,3,Y
412211,PUNE,MAHARASHTRA,PUNE,P79,IP DISPATCH PUNE BRANCH,3,Y
412212,PUNE,MAHARASHTRA,PUNE,P79,IP DISPATCH PUNE BRANCH,3,Y
412215,PUNE,MAHARASHTRA,PUNE,P79,IP DISPATCH PUNE BRANCH,3,Y
412218,PUNE,MAHARASHTRA,PUNE,P79,IP DISPATCH PUNE BRANCH,3,Y
412304,PUNE,MAHARASHTRA,PUNE,P79,IP DISPATCH PUNE BRANCH,3,Y
412305,PUNE,MAHARASHTRA,PUNE,P79,IP DISPATCH PUNE BRANCH,3,Y
412306,PUNE,MAHARASHTRA,PUNE,P79,IP DISPATCH PUNE BRANCH,3,Y
412311,PUNE,MAHARASHTRA,PUNE,P79,IP DISPATCH PUNE BRANCH,3,Y
412312,PUNE,MAHARASHTRA,PUNE,P79,IP DISPATCH PUNE BRANCH,3,Y
412401,PUNE,MAHARASHTRA,PUNE,P79,IP DISPATCH PUNE BRANCH,3,Y
412402,PUNE,MAHARASHTRA,PUNE,P79,IP DISPATCH PUNE BRANCH,3,Y
412403,PUNE,MAHARASHTRA,PUNE,P79,IP DISPATCH PUNE BRANCH,3,Y
412404,PUNE,MAHARASHTRA,PUNE,P79,IP DISPATCH PUNE BRANCH,3,Y
412405,PUNE,MAHARASHTRA,PUNE,P79,IP DISPATCH PUNE BRANCH,3,Y
412406,PUNE,MAHARASHTRA,PUNE,P79,IP DISPATCH PUNE BRANCH,3,Y
412408,PUNE,MAHARASHTRA,PUNE,P79,IP DISPATCH PUNE BRANCH,3,Y
412409,PUNE,MAHARASHTRA,PUNE,P79,IP DISPATCH PUNE BRANCH,3,Y
412410,PUNE,MAHARASHTRA,PUNE,P79,IP DISPATCH PUNE BRANCH,3,Y
412804,PUNE,MAHARASHTRA,PUNE,P79,IP DISPATCH PUNE BRANCH,3,Y
412806,PUNE,MAHARASHTRA,PUNE,P79,IP DISPATCH PUNE BRANCH,3,Y
413008,PUNE,MAHARASHTRA,PUNE,P79,IP DISPATCH PUNE BRANCH,3,Y
413103,PUNE,MAHARASHTRA,PUNE,P79,IP DISPATCH PUNE BRANCH,3,Y
413104,PUNE,MAHARASHTRA,PUNE,P79,IP DISPATCH PUNE BRANCH,3,Y
413105,PUNE,MAHARASHTRA,PUNE,P79,IP DISPATCH PUNE BRANCH,3,Y
413107,PUNE,MAHARASHTRA,PUNE,P79,IP DISPATCH PUNE BRANCH,3,Y
413108,PUNE,MAHARASHTRA,PUNE,P79,IP DISPATCH PUNE BRANCH,3,Y
413110,PUNE,MAHARASHTRA,PUNE,P79,IP DISPATCH PUNE BRANCH,3,Y
413112,PUNE,MAHARASHTRA,PUNE,P79,IP DISPATCH PUNE BRANCH,3,Y
413113,PUNE,MAHARASHTRA,PUNE,P79,IP DISPATCH PUNE BRANCH,3,Y
413114,PUNE,MAHARASHTRA,PUNE,P79,IP DISPATCH PUNE BRANCH,3,Y
413115,PUNE,MAHARASHTRA,PUNE,P79,IP DISPATCH PUNE BRANCH,3,Y
413118,PUNE,MAHARASHTRA,PUNE,P79,IP DISPATCH PUNE BRANCH,3,Y
413120,PUNE,MAHARASHTRA,PUNE,P79,IP DISPATCH PUNE BRANCH,3,Y
413202,PUNE,MAHARASHTRA,PUNE,P79,IP DISPATCH PUNE BRANCH,3,Y
413204,PUNE,MAHARASHTRA,PUNE,P79,IP DISPATCH PUNE BRANCH,3,Y
413205,PUNE,MAHARASHTRA,PUNE,P79,IP DISPATCH PUNE BRANCH,3,Y
413206,PUNE,MAHARASHTRA,PUNE,P79,IP DISPATCH PUNE BRANCH,3,Y
413207,PUNE,MAHARASHTRA,PUNE,P79,IP DISPATCH PUNE BRANCH,4,Y
413209,PUNE,MAHARASHTRA,PUNE,P79,IP DISPATCH PUNE BRANCH,3,Y
413210,PUNE,MAHARASHTRA,PUNE,P79,IP DISPATCH PUNE BRANCH,3,Y
413212,PUNE,MAHARASHTRA,PUNE,P79,IP DISPATCH PUNE BRANCH,3,Y
413214,PUNE,MAHARASHTRA,PUNE,P79,IP DISPATCH PUNE BRANCH,3,Y
413215,PUNE,MAHARASHTRA,PUNE,P79,IP DISPATCH PUNE BRANCH,3,Y
413217,PUNE,MAHARASHTRA,PUNE,P79,IP DISPATCH PUNE BRANCH,3,Y
413218,PUNE,MAHARASHTRA,PUNE,P79,IP DISPATCH PUNE BRANCH,3,Y
413219,PUNE,MAHARASHTRA,PUNE,P79,IP DISPATCH PUNE BRANCH,3,Y
413220,PUNE,MAHARASHTRA,PUNE,P79,IP DISPATCH PUNE BRANCH,3,Y
413221,PUNE,MAHARASHTRA,PUNE,P79,IP DISPATCH PUNE BRANCH,3,Y
413222,PUNE,MAHARASHTRA,PUNE,P79,IP DISPATCH PUNE BRANCH,3,Y
413223,PUNE,MAHARASHTRA,PUNE,P79,IP DISPATCH PUNE BRANCH,3,Y
413224,PUNE,MAHARASHTRA,PUNE,P79,IP DISPATCH PUNE BRANCH,3,Y
413226,PUNE,MAHARASHTRA,PUNE,P79,IP DISPATCH PUNE BRANCH,3,Y
413227,PUNE,MAHARASHTRA,PUNE,P79,IP DISPATCH PUNE BRANCH,3,Y
413228,PUNE,MAHARASHTRA,PUNE,P79,IP DISPATCH PUNE BRANCH,3,Y
413229,PUNE,MAHARASHTRA,PUNE,P79,IP DISPATCH PUNE BRANCH,4,Y
413248,PUNE,MAHARASHTRA,PUNE,P79,IP DISPATCH PUNE BRANCH,3,Y
413249,PUNE,MAHARASHTRA,PUNE,P79,IP DISPATCH PUNE BRANCH,4,Y
413250,PUNE,MAHARASHTRA,PUNE,P79,IP DISPATCH PUNE BRANCH,3,Y
413251,PUNE,MAHARASHTRA,PUNE,P79,IP DISPATCH PUNE BRANCH,3,Y
413252,PUNE,MAHARASHTRA,PUNE,P79,IP DISPATCH PUNE BRANCH,3,Y
413253,PUNE,MAHARASHTRA,PUNE,P79,IP DISPATCH PUNE BRANCH,3,Y
413301,PUNE,MAHARASHTRA,PUNE,P79,IP DISPATCH PUNE BRANCH,3,Y
413302,PUNE,MAHARASHTRA,PUNE,P79,IP DISPATCH PUNE BRANCH,3,Y
413303,PUNE,MAHARASHTRA,PUNE,P79,IP DISPATCH PUNE BRANCH,3,Y
413306,PUNE,MAHARASHTRA,PUNE,P79,IP DISPATCH PUNE BRANCH,3,Y
413308,PUNE,MAHARASHTRA,PUNE,P79,IP DISPATCH PUNE BRANCH,3,Y
413309,PUNE,MAHARASHTRA,PUNE,P79,IP DISPATCH PUNE BRANCH,3,Y
413310,PUNE,MAHARASHTRA,PUNE,P79,IP DISPATCH PUNE BRANCH,2,Y
413314,PUNE,MAHARASHTRA,PUNE,P79,IP DISPATCH PUNE BRANCH,3,Y
413315,PUNE,MAHARASHTRA,PUNE,P79,IP DISPATCH PUNE BRANCH,3,Y
413317,PUNE,MAHARASHTRA,PUNE,P79,IP DISPATCH PUNE BRANCH,3,Y
413319,PUNE,MAHARASHTRA,PUNE,P79,IP DISPATCH PUNE BRANCH,3,Y
413322,PUNE,MAHARASHTRA,PUNE,P79,IP DISPATCH PUNE BRANCH,3,Y
413324,PUNE,MAHARASHTRA,PUNE,P79,IP DISPATCH PUNE BRANCH,3,Y
413403,PUNE,MAHARASHTRA,PUNE,P79,IP DISPATCH PUNE BRANCH,3,Y
413404,PUNE,MAHARASHTRA,PUNE,P79,IP DISPATCH PUNE BRANCH,3,Y
413405,PUNE,MAHARASHTRA,PUNE,P79,IP DISPATCH PUNE BRANCH,5,Y
413406,PUNE,MAHARASHTRA,PUNE,P79,IP DISPATCH PUNE BRANCH,3,Y
413409,PUNE,MAHARASHTRA,PUNE,P79,IP DISPATCH PUNE BRANCH,3,Y
413410,PUNE,MAHARASHTRA,PUNE,P79,IP DISPATCH PUNE BRANCH,3,Y
413412,PUNE,MAHARASHTRA,PUNE,P79,IP DISPATCH PUNE BRANCH,3,Y
413504,PUNE,MAHARASHTRA,PUNE,P79,IP DISPATCH PUNE BRANCH,5,Y
413505,PUNE,MAHARASHTRA,PUNE,P79,IP DISPATCH PUNE BRANCH,5,Y
413506,PUNE,MAHARASHTRA,PUNE,P79,IP DISPATCH PUNE BRANCH,5,Y
413508,PUNE,MAHARASHTRA,PUNE,P79,IP DISPATCH PUNE BRANCH,5,Y
413509,PUNE,MAHARASHTRA,PUNE,P79,IP DISPATCH PUNE BRANCH,6,Y
413510,PUNE,MAHARASHTRA,PUNE,P79,IP DISPATCH PUNE BRANCH,5,Y
413511,PUNE,MAHARASHTRA,PUNE,P79,IP DISPATCH PUNE BRANCH,5,Y
413514,PUNE,MAHARASHTRA,PUNE,P79,IP DISPATCH PUNE BRANCH,5,Y
413516,PUNE,MAHARASHTRA,PUNE,P79,IP DISPATCH PUNE BRANCH,5,Y
413518,PUNE,MAHARASHTRA,PUNE,P79,IP DISPATCH PUNE BRANCH,5,Y
413519,PUNE,MAHARASHTRA,PUNE,P79,IP DISPATCH PUNE BRANCH,5,Y
413522,PUNE,MAHARASHTRA,PUNE,P79,IP DISPATCH PUNE BRANCH,5,Y
413523,PUNE,MAHARASHTRA,PUNE,P79,IP DISPATCH PUNE BRANCH,5,Y
413524,PUNE,MAHARASHTRA,PUNE,P79,IP DISPATCH PUNE BRANCH,5,Y
413525,PUNE,MAHARASHTRA,PUNE,P79,IP DISPATCH PUNE BRANCH,5,Y
413526,PUNE,MAHARASHTRA,PUNE,P79,IP DISPATCH PUNE BRANCH,5,Y
413527,PUNE,MAHARASHTRA,PUNE,P79,IP DISPATCH PUNE BRANCH,5,Y
413528,PUNE,MAHARASHTRA,PUNE,P79,IP DISPATCH PUNE BRANCH,5,Y
413529,PUNE,MAHARASHTRA,PUNE,P79,IP DISPATCH PUNE BRANCH,5,Y
413530,PUNE,MAHARASHTRA,PUNE,P79,IP DISPATCH PUNE BRANCH,5,Y
413532,PUNE,MAHARASHTRA,PUNE,P79,IP DISPATCH PUNE BRANCH,5,Y
413534,PUNE,MAHARASHTRA,PUNE,P79,IP DISPATCH PUNE BRANCH,5,Y
413581,PUNE,MAHARASHTRA,PUNE,P79,IP DISPATCH PUNE BRANCH,5,Y
413582,PUNE,MAHARASHTRA,PUNE,P79,IP DISPATCH PUNE BRANCH,5,Y
413602,PUNE,MAHARASHTRA,PUNE,P79,IP DISPATCH PUNE BRANCH,5,Y
413603,PUNE,MAHARASHTRA,PUNE,P79,IP DISPATCH PUNE BRANCH,5,Y
413604,PUNE,MAHARASHTRA,PUNE,P79,IP DISPATCH PUNE BRANCH,5,Y
413605,PUNE,MAHARASHTRA,PUNE,P79,IP DISPATCH PUNE BRANCH,5,Y
413607,PUNE,MAHARASHTRA,PUNE,P79,IP DISPATCH PUNE BRANCH,5,Y
413608,PUNE,MAHARASHTRA,PUNE,P79,IP DISPATCH PUNE BRANCH,5,Y
413623,PUNE,MAHARASHTRA,PUNE,P79,IP DISPATCH PUNE BRANCH,5,Y
413624,PUNE,MAHARASHTRA,PUNE,P79,IP DISPATCH PUNE BRANCH,5,Y
413625,PUNE,MAHARASHTRA,PUNE,P79,IP DISPATCH PUNE BRANCH,4,Y
413626,PUNE,MAHARASHTRA,PUNE,P79,IP DISPATCH PUNE BRANCH,4,Y
413704,PUNE,MAHARASHTRA,PUNE,P79,IP DISPATCH PUNE BRANCH,3,Y
413706,PUNE,MAHARASHTRA,PUNE,P79,IP DISPATCH PUNE BRANCH,3,Y
413707,PUNE,MAHARASHTRA,PUNE,P79,IP DISPATCH PUNE BRANCH,3,Y
413708,PUNE,MAHARASHTRA,PUNE,P79,IP DISPATCH PUNE BRANCH,3,Y
413710,PUNE,MAHARASHTRA,PUNE,P79,IP DISPATCH PUNE BRANCH,3,Y
413711,PUNE,MAHARASHTRA,PUNE,P79,IP DISPATCH PUNE BRANCH,3,Y
413712,PUNE,MAHARASHTRA,PUNE,P79,IP DISPATCH PUNE BRANCH,3,Y
413713,PUNE,MAHARASHTRA,PUNE,P79,IP DISPATCH PUNE BRANCH,3,Y
413714,PUNE,MAHARASHTRA,PUNE,P79,IP DISPATCH PUNE BRANCH,3,Y
413715,PUNE,MAHARASHTRA,PUNE,P79,IP DISPATCH PUNE BRANCH,3,Y
413716,PUNE,MAHARASHTRA,PUNE,P79,IP DISPATCH PUNE BRANCH,3,Y
413718,PUNE,MAHARASHTRA,PUNE,P79,IP DISPATCH PUNE BRANCH,3,Y
413719,PUNE,MAHARASHTRA,PUNE,P79,IP DISPATCH PUNE BRANCH,3,Y
413720,PUNE,MAHARASHTRA,PUNE,P79,IP DISPATCH PUNE BRANCH,3,Y
413721,PUNE,MAHARASHTRA,PUNE,P79,IP DISPATCH PUNE BRANCH,3,Y
413722,PUNE,MAHARASHTRA,PUNE,P79,IP DISPATCH PUNE BRANCH,3,Y
413723,PUNE,MAHARASHTRA,PUNE,P79,IP DISPATCH PUNE BRANCH,3,Y
413725,PUNE,MAHARASHTRA,PUNE,P79,IP DISPATCH PUNE BRANCH,3,Y
413726,PUNE,MAHARASHTRA,PUNE,P79,IP DISPATCH PUNE BRANCH,3,Y
413728,PUNE,MAHARASHTRA,PUNE,P79,IP DISPATCH PUNE BRANCH,3,Y
413737,PUNE,MAHARASHTRA,PUNE,P79,IP DISPATCH PUNE BRANCH,3,Y
413738,PUNE,MAHARASHTRA,PUNE,P79,IP DISPATCH PUNE BRANCH,3,Y
413739,PUNE,MAHARASHTRA,PUNE,P79,IP DISPATCH PUNE BRANCH,3,Y
414101,PUNE,MAHARASHTRA,PUNE,P79,IP DISPATCH PUNE BRANCH,3,Y
414103,PUNE,MAHARASHTRA,PUNE,P79,IP DISPATCH PUNE BRANCH,3,Y
414105,PUNE,MAHARASHTRA,PUNE,P79,IP DISPATCH PUNE BRANCH,3,Y
414106,PUNE,MAHARASHTRA,PUNE,P79,IP DISPATCH PUNE BRANCH,3,Y
414113,PUNE,MAHARASHTRA,PUNE,P79,IP DISPATCH PUNE BRANCH,3,Y
414201,PUNE,MAHARASHTRA,PUNE,P79,IP DISPATCH PUNE BRANCH,3,Y
414204,PUNE,MAHARASHTRA,PUNE,P79,IP DISPATCH PUNE BRANCH,4,Y
414205,PUNE,MAHARASHTRA,PUNE,P79,IP DISPATCH PUNE BRANCH,4,Y
414208,PUNE,MAHARASHTRA,PUNE,P79,IP DISPATCH PUNE BRANCH,4,Y
414302,PUNE,MAHARASHTRA,PUNE,P79,IP DISPATCH PUNE BRANCH,3,Y
414303,PUNE,MAHARASHTRA,PUNE,P79,IP DISPATCH PUNE BRANCH,3,Y
414304,PUNE,MAHARASHTRA,PUNE,P79,IP DISPATCH PUNE BRANCH,3,Y
414305,PUNE,MAHARASHTRA,PUNE,P79,IP DISPATCH PUNE BRANCH,3,Y
414306,PUNE,MAHARASHTRA,PUNE,P79,IP DISPATCH PUNE BRANCH,3,Y
414403,PUNE,MAHARASHTRA,PUNE,P79,IP DISPATCH PUNE BRANCH,3,Y
414501,PUNE,MAHARASHTRA,PUNE,P79,IP DISPATCH PUNE BRANCH,3,Y
414503,PUNE,MAHARASHTRA,PUNE,P79,IP DISPATCH PUNE BRANCH,3,Y
414504,PUNE,MAHARASHTRA,PUNE,P79,IP DISPATCH PUNE BRANCH,3,Y
414505,PUNE,MAHARASHTRA,PUNE,P79,IP DISPATCH PUNE BRANCH,3,Y
414601,PUNE,MAHARASHTRA,PUNE,P79,IP DISPATCH PUNE BRANCH,3,Y
414602,PUNE,MAHARASHTRA,PUNE,P79,IP DISPATCH PUNE BRANCH,3,Y
414604,PUNE,MAHARASHTRA,PUNE,P79,IP DISPATCH PUNE BRANCH,3,Y
414605,PUNE,MAHARASHTRA,PUNE,P79,IP DISPATCH PUNE BRANCH,3,Y
414606,PUNE,MAHARASHTRA,PUNE,P79,IP DISPATCH PUNE BRANCH,3,Y
414609,PUNE,MAHARASHTRA,PUNE,P79,IP DISPATCH PUNE BRANCH,3,Y
414701,PUNE,MAHARASHTRA,PUNE,P79,IP DISPATCH PUNE BRANCH,3,Y
415010,PUNE,MAHARASHTRA,PUNE,P79,IP DISPATCH PUNE BRANCH,3,Y
415011,PUNE,MAHARASHTRA,PUNE,P79,IP DISPATCH PUNE BRANCH,3,Y
415012,PUNE,MAHARASHTRA,PUNE,P79,IP DISPATCH PUNE BRANCH,3,Y
415013,PUNE,MAHARASHTRA,PUNE,P79,IP DISPATCH PUNE BRANCH,3,Y
415014,PUNE,MAHARASHTRA,PUNE,P79,IP DISPATCH PUNE BRANCH,3,Y
415015,PUNE,MAHARASHTRA,PUNE,P79,IP DISPATCH PUNE BRANCH,3,Y
415019,PUNE,MAHARASHTRA,PUNE,P79,IP DISPATCH PUNE BRANCH,3,Y
415020,PUNE,MAHARASHTRA,PUNE,P79,IP DISPATCH PUNE BRANCH,3,Y
415021,PUNE,MAHARASHTRA,PUNE,P79,IP DISPATCH PUNE BRANCH,3,Y
415022,PUNE,MAHARASHTRA,PUNE,P79,IP DISPATCH PUNE BRANCH,3,Y
415023,PUNE,MAHARASHTRA,PUNE,P79,IP DISPATCH PUNE BRANCH,3,Y
415101,PUNE,MAHARASHTRA,PUNE,P79,IP DISPATCH PUNE BRANCH,4,Y
415102,PUNE,MAHARASHTRA,PUNE,P79,IP DISPATCH PUNE BRANCH,3,Y
415103,PUNE,MAHARASHTRA,PUNE,P79,IP DISPATCH PUNE BRANCH,3,Y
415104,PUNE,MAHARASHTRA,PUNE,P79,IP DISPATCH PUNE BRANCH,3,Y
415106,PUNE,MAHARASHTRA,PUNE,P79,IP DISPATCH PUNE BRANCH,3,Y
415107,PUNE,MAHARASHTRA,PUNE,P79,IP DISPATCH PUNE BRANCH,3,Y
415108,PUNE,MAHARASHTRA,PUNE,P79,IP DISPATCH PUNE BRANCH,3,Y
415111,PUNE,MAHARASHTRA,PUNE,P79,IP DISPATCH PUNE BRANCH,3,Y
415112,PUNE,MAHARASHTRA,PUNE,P79,IP DISPATCH PUNE BRANCH,3,Y
415114,PUNE,MAHARASHTRA,PUNE,P79,IP DISPATCH PUNE BRANCH,3,Y
415115,PUNE,MAHARASHTRA,PUNE,P79,IP DISPATCH PUNE BRANCH,3,Y
415116,PUNE,MAHARASHTRA,PUNE,P79,IP DISPATCH PUNE BRANCH,3,Y
415122,PUNE,MAHARASHTRA,PUNE,P79,IP DISPATCH PUNE BRANCH,3,Y
415202,PUNE,MAHARASHTRA,PUNE,P79,IP DISPATCH PUNE BRANCH,4,Y
415203,PUNE,MAHARASHTRA,PUNE,P79,IP DISPATCH PUNE BRANCH,5,Y
415205,PUNE,MAHARASHTRA,PUNE,P79,IP DISPATCH PUNE BRANCH,3,Y
415207,PUNE,MAHARASHTRA,PUNE,P79,IP DISPATCH PUNE BRANCH,3,Y
415208,PUNE,MAHARASHTRA,PUNE,P79,IP DISPATCH PUNE BRANCH,5,Y
415209,PUNE,MAHARASHTRA,PUNE,P79,IP DISPATCH PUNE BRANCH,3,Y
415211,PUNE,MAHARASHTRA,PUNE,P79,IP DISPATCH PUNE BRANCH,3,Y
415212,PUNE,MAHARASHTRA,PUNE,P79,IP DISPATCH PUNE BRANCH,3,Y
415213,MUMBAI,MAHARASHTRA,MUMBAI,M90,IP DISPATCH MUMBAI BRANCH,3,Y
415214,PUNE,MAHARASHTRA,PUNE,P79,IP DISPATCH PUNE BRANCH,4,Y
415302,PUNE,MAHARASHTRA,PUNE,P79,IP DISPATCH PUNE BRANCH,4,Y
415303,PUNE,MAHARASHTRA,PUNE,P79,IP DISPATCH PUNE BRANCH,4,Y
415306,PUNE,MAHARASHTRA,PUNE,P79,IP DISPATCH PUNE BRANCH,4,Y
415308,PUNE,MAHARASHTRA,PUNE,P79,IP DISPATCH PUNE BRANCH,4,Y
415309,PUNE,MAHARASHTRA,PUNE,P79,IP DISPATCH PUNE BRANCH,4,Y
415310,PUNE,MAHARASHTRA,PUNE,P79,IP DISPATCH PUNE BRANCH,4,Y
415312,PUNE,MAHARASHTRA,PUNE,P79,IP DISPATCH PUNE BRANCH,3,Y
415313,PUNE,MAHARASHTRA,PUNE,P79,IP DISPATCH PUNE BRANCH,4,Y
415315,PUNE,MAHARASHTRA,PUNE,P79,IP DISPATCH PUNE BRANCH,4,Y
415401,PUNE,MAHARASHTRA,PUNE,P79,IP DISPATCH PUNE BRANCH,4,Y
415402,PUNE,MAHARASHTRA,PUNE,P79,IP DISPATCH PUNE BRANCH,4,Y
415403,PUNE,MAHARASHTRA,PUNE,P79,IP DISPATCH PUNE BRANCH,4,Y
415404,PUNE,MAHARASHTRA,PUNE,P79,IP DISPATCH PUNE BRANCH,4,Y
415405,PUNE,MAHARASHTRA,PUNE,P79,IP DISPATCH PUNE BRANCH,4,Y
415406,PUNE,MAHARASHTRA,PUNE,P79,IP DISPATCH PUNE BRANCH,4,Y
415407,PUNE,MAHARASHTRA,PUNE,P79,IP DISPATCH PUNE BRANCH,4,Y
415408,PUNE,MAHARASHTRA,PUNE,P79,IP DISPATCH PUNE BRANCH,4,Y
415411,PUNE,MAHARASHTRA,PUNE,P79,IP DISPATCH PUNE BRANCH,4,Y
415412,PUNE,MAHARASHTRA,PUNE,P79,IP DISPATCH PUNE BRANCH,4,Y
415413,PUNE,MAHARASHTRA,PUNE,P79,IP DISPATCH PUNE BRANCH,4,Y
415414,PUNE,MAHARASHTRA,PUNE,P79,IP DISPATCH PUNE BRANCH,4,Y
415415,PUNE,MAHARASHTRA,PUNE,P79,IP DISPATCH PUNE BRANCH,4,Y
415418,PUNE,MAHARASHTRA,PUNE,P79,IP DISPATCH PUNE BRANCH,4,Y
415501,PUNE,MAHARASHTRA,PUNE,P79,IP DISPATCH PUNE BRANCH,3,Y
415502,PUNE,MAHARASHTRA,PUNE,P79,IP DISPATCH PUNE BRANCH,3,Y
415503,PUNE,MAHARASHTRA,PUNE,P79,IP DISPATCH PUNE BRANCH,3,Y
415504,PUNE,MAHARASHTRA,PUNE,P79,IP DISPATCH PUNE BRANCH,3,Y
415505,PUNE,MAHARASHTRA,PUNE,P79,IP DISPATCH PUNE BRANCH,3,Y
415507,PUNE,MAHARASHTRA,PUNE,P79,IP DISPATCH PUNE BRANCH,3,Y
415508,PUNE,MAHARASHTRA,PUNE,P79,IP DISPATCH PUNE BRANCH,3,Y
415509,PUNE,MAHARASHTRA,PUNE,P79,IP DISPATCH PUNE BRANCH,3,Y
415510,PUNE,MAHARASHTRA,PUNE,P79,IP DISPATCH PUNE BRANCH,3,Y
415511,PUNE,MAHARASHTRA,PUNE,P79,IP DISPATCH PUNE BRANCH,3,Y
415512,PUNE,MAHARASHTRA,PUNE,P79,IP DISPATCH PUNE BRANCH,3,Y
415513,PUNE,MAHARASHTRA,PUNE,P79,IP DISPATCH PUNE BRANCH,3,Y
415514,PUNE,MAHARASHTRA,PUNE,P79,IP DISPATCH PUNE BRANCH,3,Y
415515,PUNE,MAHARASHTRA,PUNE,P79,IP DISPATCH PUNE BRANCH,3,Y
415516,PUNE,MAHARASHTRA,PUNE,P79,IP DISPATCH PUNE BRANCH,3,Y
415517,PUNE,MAHARASHTRA,PUNE,P79,IP DISPATCH PUNE BRANCH,3,Y
415518,PUNE,MAHARASHTRA,PUNE,P79,IP DISPATCH PUNE BRANCH,3,Y
415519,PUNE,MAHARASHTRA,PUNE,P79,IP DISPATCH PUNE BRANCH,3,Y
415520,PUNE,MAHARASHTRA,PUNE,P79,IP DISPATCH PUNE BRANCH,3,Y
415522,PUNE,MAHARASHTRA,PUNE,P79,IP DISPATCH PUNE BRANCH,3,Y
415524,PUNE,MAHARASHTRA,PUNE,P79,IP DISPATCH PUNE BRANCH,3,Y
415525,PUNE,MAHARASHTRA,PUNE,P79,IP DISPATCH PUNE BRANCH,3,Y
415526,PUNE,MAHARASHTRA,PUNE,P79,IP DISPATCH PUNE BRANCH,3,Y
415527,PUNE,MAHARASHTRA,PUNE,P79,IP DISPATCH PUNE BRANCH,3,Y
415528,PUNE,MAHARASHTRA,PUNE,P79,IP DISPATCH PUNE BRANCH,3,Y
415530,PUNE,MAHARASHTRA,PUNE,P79,IP DISPATCH PUNE BRANCH,3,Y
415536,PUNE,MAHARASHTRA,PUNE,P79,IP DISPATCH PUNE BRANCH,3,Y
415537,PUNE,MAHARASHTRA,PUNE,P79,IP DISPATCH PUNE BRANCH,3,Y
415538,PUNE,MAHARASHTRA,PUNE,P79,IP DISPATCH PUNE BRANCH,3,Y
415540,PUNE,MAHARASHTRA,PUNE,P79,IP DISPATCH PUNE BRANCH,3,Y
415601,PUNE,MAHARASHTRA,PUNE,P79,IP DISPATCH PUNE BRANCH,4,Y
415602,PUNE,MAHARASHTRA,PUNE,P79,IP DISPATCH PUNE BRANCH,4,Y
415603,PUNE,MAHARASHTRA,PUNE,P79,IP DISPATCH PUNE BRANCH,4,Y
415606,PUNE,MAHARASHTRA,PUNE,P79,IP DISPATCH PUNE BRANCH,4,Y
415607,PUNE,MAHARASHTRA,PUNE,P79,IP DISPATCH PUNE BRANCH,4,Y
415608,PUNE,MAHARASHTRA,PUNE,P79,IP DISPATCH PUNE BRANCH,4,Y
415609,PUNE,MAHARASHTRA,PUNE,P79,IP DISPATCH PUNE BRANCH,4,Y
415610,PUNE,MAHARASHTRA,PUNE,P79,IP DISPATCH PUNE BRANCH,4,Y
415611,PUNE,MAHARASHTRA,PUNE,P79,IP DISPATCH PUNE BRANCH,4,Y
415614,PUNE,MAHARASHTRA,PUNE,P79,IP DISPATCH PUNE BRANCH,4,Y
415615,PUNE,MAHARASHTRA,PUNE,P79,IP DISPATCH PUNE BRANCH,4,Y
415616,PUNE,MAHARASHTRA,PUNE,P79,IP DISPATCH PUNE BRANCH,4,Y
415617,PUNE,MAHARASHTRA,PUNE,P79,IP DISPATCH PUNE BRANCH,4,Y
415619,PUNE,MAHARASHTRA,PUNE,P79,IP DISPATCH PUNE BRANCH,4,Y
415620,PUNE,MAHARASHTRA,PUNE,P79,IP DISPATCH PUNE BRANCH,4,Y
415621,PUNE,MAHARASHTRA,PUNE,P79,IP DISPATCH PUNE BRANCH,4,Y
415626,PUNE,MAHARASHTRA,PUNE,P79,IP DISPATCH PUNE BRANCH,4,Y
415628,PUNE,MAHARASHTRA,PUNE,P79,IP DISPATCH PUNE BRANCH,4,Y
415629,PUNE,MAHARASHTRA,PUNE,P79,IP DISPATCH PUNE BRANCH,4,Y
415634,PUNE,MAHARASHTRA,PUNE,P79,IP DISPATCH PUNE BRANCH,4,Y
415637,PUNE,MAHARASHTRA,PUNE,P79,IP DISPATCH PUNE BRANCH,4,Y
415640,PUNE,MAHARASHTRA,PUNE,P79,IP DISPATCH PUNE BRANCH,4,Y
415641,PUNE,MAHARASHTRA,PUNE,P79,IP DISPATCH PUNE BRANCH,4,Y
415643,PUNE,MAHARASHTRA,PUNE,P79,IP DISPATCH PUNE BRANCH,4,Y
415701,PUNE,MAHARASHTRA,PUNE,P79,IP DISPATCH PUNE BRANCH,4,Y
415702,PUNE,MAHARASHTRA,PUNE,P79,IP DISPATCH PUNE BRANCH,4,Y
415703,PUNE,MAHARASHTRA,PUNE,P79,IP DISPATCH PUNE BRANCH,4,Y
415705,PUNE,MAHARASHTRA,PUNE,P79,IP DISPATCH PUNE BRANCH,4,Y
415706,PUNE,MAHARASHTRA,PUNE,P79,IP DISPATCH PUNE BRANCH,4,Y
415708,PUNE,MAHARASHTRA,PUNE,P79,IP DISPATCH PUNE BRANCH,4,Y
415710,PUNE,MAHARASHTRA,PUNE,P79,IP DISPATCH PUNE BRANCH,4,Y
415711,PUNE,MAHARASHTRA,PUNE,P79,IP DISPATCH PUNE BRANCH,4,Y
415712,PUNE,MAHARASHTRA,PUNE,P79,IP DISPATCH PUNE BRANCH,4,Y
415713,PUNE,MAHARASHTRA,PUNE,P79,IP DISPATCH PUNE BRANCH,4,Y
415714,PUNE,MAHARASHTRA,PUNE,P79,IP DISPATCH PUNE BRANCH,4,Y
415715,PUNE,MAHARASHTRA,PUNE,P79,IP DISPATCH PUNE BRANCH,4,Y
415716,PUNE,MAHARASHTRA,PUNE,P79,IP DISPATCH PUNE BRANCH,4,Y
415717,PUNE,MAHARASHTRA,PUNE,P79,IP DISPATCH PUNE BRANCH,4,Y
415718,PUNE,MAHARASHTRA,PUNE,P79,IP DISPATCH PUNE BRANCH,4,Y
415719,PUNE,MAHARASHTRA,PUNE,P79,IP DISPATCH PUNE BRANCH,4,Y
415720,PUNE,MAHARASHTRA,PUNE,P79,IP DISPATCH PUNE BRANCH,4,Y
415724,PUNE,MAHARASHTRA,PUNE,P79,IP DISPATCH PUNE BRANCH,4,Y
415726,PUNE,MAHARASHTRA,PUNE,P79,IP DISPATCH PUNE BRANCH,4,Y
415727,PUNE,MAHARASHTRA,PUNE,P79,IP DISPATCH PUNE BRANCH,5,Y
415728,PUNE,MAHARASHTRA,PUNE,P79,IP DISPATCH PUNE BRANCH,4,Y
415729,PUNE,MAHARASHTRA,PUNE,P79,IP DISPATCH PUNE BRANCH,4,Y
415730,PUNE,MAHARASHTRA,PUNE,P79,IP DISPATCH PUNE BRANCH,5,Y
415802,PUNE,MAHARASHTRA,PUNE,P79,IP DISPATCH PUNE BRANCH,4,Y
415803,PUNE,MAHARASHTRA,PUNE,P79,IP DISPATCH PUNE BRANCH,4,Y
415804,PUNE,MAHARASHTRA,PUNE,P79,IP DISPATCH PUNE BRANCH,4,Y
415805,PUNE,MAHARASHTRA,PUNE,P79,IP DISPATCH PUNE BRANCH,4,Y
415806,PUNE,MAHARASHTRA,PUNE,P79,IP DISPATCH PUNE BRANCH,4,Y
415807,PUNE,MAHARASHTRA,PUNE,P79,IP DISPATCH PUNE BRANCH,4,Y
416011,PUNE,MAHARASHTRA,PUNE,P79,IP DISPATCH PUNE BRANCH,4,Y
416102,PUNE,MAHARASHTRA,PUNE,P79,IP DISPATCH PUNE BRANCH,4,Y
416104,PUNE,MAHARASHTRA,PUNE,P79,IP DISPATCH PUNE BRANCH,4,Y
416105,PUNE,MAHARASHTRA,PUNE,P79,IP DISPATCH PUNE BRANCH,4,Y
416106,PUNE,MAHARASHTRA,PUNE,P79,IP DISPATCH PUNE BRANCH,4,Y
416107,PUNE,MAHARASHTRA,PUNE,P79,IP DISPATCH PUNE BRANCH,4,Y
416108,PUNE,MAHARASHTRA,PUNE,P79,IP DISPATCH PUNE BRANCH,4,Y
416110,PUNE,MAHARASHTRA,PUNE,P79,IP DISPATCH PUNE BRANCH,4,Y
416111,PUNE,MAHARASHTRA,PUNE,P79,IP DISPATCH PUNE BRANCH,4,Y
416118,PUNE,MAHARASHTRA,PUNE,P79,IP DISPATCH PUNE BRANCH,4,Y
416120,PUNE,MAHARASHTRA,PUNE,P79,IP DISPATCH PUNE BRANCH,4,Y
416121,PUNE,MAHARASHTRA,PUNE,P79,IP DISPATCH PUNE BRANCH,4,Y
416138,PUNE,MAHARASHTRA,PUNE,P79,IP DISPATCH PUNE BRANCH,4,Y
416143,PUNE,MAHARASHTRA,PUNE,P79,IP DISPATCH PUNE BRANCH,4,Y
416146,PUNE,MAHARASHTRA,PUNE,P79,IP DISPATCH PUNE BRANCH,4,Y
416202,PUNE,MAHARASHTRA,PUNE,P79,IP DISPATCH PUNE BRANCH,4,Y
416204,PUNE,MAHARASHTRA,PUNE,P79,IP DISPATCH PUNE BRANCH,4,Y
416205,PUNE,MAHARASHTRA,PUNE,P79,IP DISPATCH PUNE BRANCH,4,Y
416206,PUNE,MAHARASHTRA,PUNE,P79,IP DISPATCH PUNE BRANCH,4,Y
416207,PUNE,MAHARASHTRA,PUNE,P79,IP DISPATCH PUNE BRANCH,4,Y
416208,PUNE,MAHARASHTRA,PUNE,P79,IP DISPATCH PUNE BRANCH,4,Y
416210,PUNE,MAHARASHTRA,PUNE,P79,IP DISPATCH PUNE BRANCH,4,Y
416212,PUNE,MAHARASHTRA,PUNE,P79,IP DISPATCH PUNE BRANCH,4,Y
416213,PUNE,MAHARASHTRA,PUNE,P79,IP DISPATCH PUNE BRANCH,4,Y
416214,PUNE,MAHARASHTRA,PUNE,P79,IP DISPATCH PUNE BRANCH,4,Y
416215,PUNE,MAHARASHTRA,PUNE,P79,IP DISPATCH PUNE BRANCH,4,Y
416218,PUNE,MAHARASHTRA,PUNE,P79,IP DISPATCH PUNE BRANCH,4,Y
416221,PUNE,MAHARASHTRA,PUNE,P79,IP DISPATCH PUNE BRANCH,4,Y
416223,PUNE,MAHARASHTRA,PUNE,P79,IP DISPATCH PUNE BRANCH,4,Y
416229,PUNE,MAHARASHTRA,PUNE,P79,IP DISPATCH PUNE BRANCH,4,Y
416230,PUNE,MAHARASHTRA,PUNE,P79,IP DISPATCH PUNE BRANCH,4,Y
416231,PUNE,MAHARASHTRA,PUNE,P79,IP DISPATCH PUNE BRANCH,4,Y
416232,PUNE,MAHARASHTRA,PUNE,P79,IP DISPATCH PUNE BRANCH,4,Y
416235,PUNE,MAHARASHTRA,PUNE,P79,IP DISPATCH PUNE BRANCH,4,Y
416302,PUNE,MAHARASHTRA,PUNE,P79,IP DISPATCH PUNE BRANCH,4,Y
416303,PUNE,MAHARASHTRA,PUNE,P79,IP DISPATCH PUNE BRANCH,4,Y
416304,PUNE,MAHARASHTRA,PUNE,P79,IP DISPATCH PUNE BRANCH,4,Y
416305,PUNE,MAHARASHTRA,PUNE,P79,IP DISPATCH PUNE BRANCH,4,Y
416306,PUNE,MAHARASHTRA,PUNE,P79,IP DISPATCH PUNE BRANCH,4,Y
416307,PUNE,MAHARASHTRA,PUNE,P79,IP DISPATCH PUNE BRANCH,4,Y
416309,PUNE,MAHARASHTRA,PUNE,P79,IP DISPATCH PUNE BRANCH,4,Y
416311,PUNE,MAHARASHTRA,PUNE,P79,IP DISPATCH PUNE BRANCH,4,Y
416313,PUNE,MAHARASHTRA,PUNE,P79,IP DISPATCH PUNE BRANCH,4,Y
416314,PUNE,MAHARASHTRA,PUNE,P79,IP DISPATCH PUNE BRANCH,4,Y
416315,PUNE,MAHARASHTRA,PUNE,P79,IP DISPATCH PUNE BRANCH,4,Y
416316,PUNE,MAHARASHTRA,PUNE,P79,IP DISPATCH PUNE BRANCH,4,Y
416401,PUNE,MAHARASHTRA,PUNE,P79,IP DISPATCH PUNE BRANCH,4,Y
416402,PUNE,MAHARASHTRA,PUNE,P79,IP DISPATCH PUNE BRANCH,4,Y
416403,PUNE,MAHARASHTRA,PUNE,P79,IP DISPATCH PUNE BRANCH,4,Y
416407,PUNE,MAHARASHTRA,PUNE,P79,IP DISPATCH PUNE BRANCH,4,Y
416408,PUNE,MAHARASHTRA,PUNE,P79,IP DISPATCH PUNE BRANCH,4,Y
416409,PUNE,MAHARASHTRA,PUNE,P79,IP DISPATCH PUNE BRANCH,4,Y
416411,PUNE,MAHARASHTRA,PUNE,P79,IP DISPATCH PUNE BRANCH,4,Y
416413,PUNE,MAHARASHTRA,PUNE,P79,IP DISPATCH PUNE BRANCH,4,Y
416417,PUNE,MAHARASHTRA,PUNE,P79,IP DISPATCH PUNE BRANCH,4,Y
416418,PUNE,MAHARASHTRA,PUNE,P79,IP DISPATCH PUNE BRANCH,4,Y
416419,PUNE,MAHARASHTRA,PUNE,P79,IP DISPATCH PUNE BRANCH,4,Y
416420,PUNE,MAHARASHTRA,PUNE,P79,IP DISPATCH PUNE BRANCH,4,Y
416501,PUNE,MAHARASHTRA,PUNE,P79,IP DISPATCH PUNE BRANCH,4,Y
416503,PUNE,MAHARASHTRA,PUNE,P79,IP DISPATCH PUNE BRANCH,4,Y
416506,PUNE,MAHARASHTRA,PUNE,P79,IP DISPATCH PUNE BRANCH,4,Y
416507,PUNE,MAHARASHTRA,PUNE,P79,IP DISPATCH PUNE BRANCH,4,Y
416511,PUNE,MAHARASHTRA,PUNE,P79,IP DISPATCH PUNE BRANCH,4,Y
416512,PUNE,MAHARASHTRA,PUNE,P79,IP DISPATCH PUNE BRANCH,4,Y
416513,PUNE,MAHARASHTRA,PUNE,P79,IP DISPATCH PUNE BRANCH,4,Y
416514,PUNE,MAHARASHTRA,PUNE,P79,IP DISPATCH PUNE BRANCH,4,Y
416515,PUNE,MAHARASHTRA,PUNE,P79,IP DISPATCH PUNE BRANCH,4,Y
416516,PUNE,MAHARASHTRA,PUNE,P79,IP DISPATCH PUNE BRANCH,4,Y
416517,PUNE,MAHARASHTRA,PUNE,P79,IP DISPATCH PUNE BRANCH,4,Y
416518,PUNE,MAHARASHTRA,PUNE,P79,IP DISPATCH PUNE BRANCH,4,Y
416519,PUNE,MAHARASHTRA,PUNE,P79,IP DISPATCH PUNE BRANCH,4,Y
416521,PUNE,MAHARASHTRA,PUNE,P79,IP DISPATCH PUNE BRANCH,4,Y
416522,PUNE,MAHARASHTRA,PUNE,P79,IP DISPATCH PUNE BRANCH,4,Y
416523,PUNE,MAHARASHTRA,PUNE,P79,IP DISPATCH PUNE BRANCH,4,Y
416524,PUNE,MAHARASHTRA,PUNE,P79,IP DISPATCH PUNE BRANCH,4,Y
416525,PUNE,MAHARASHTRA,PUNE,P79,IP DISPATCH PUNE BRANCH,4,Y
416526,PUNE,MAHARASHTRA,PUNE,P79,IP DISPATCH PUNE BRANCH,4,Y
416527,PUNE,MAHARASHTRA,PUNE,P79,IP DISPATCH PUNE BRANCH,4,Y
416528,PUNE,MAHARASHTRA,PUNE,P79,IP DISPATCH PUNE BRANCH,4,Y
416529,PUNE,MAHARASHTRA,PUNE,P79,IP DISPATCH PUNE BRANCH,4,Y
416531,PUNE,MAHARASHTRA,PUNE,P79,IP DISPATCH PUNE BRANCH,4,Y
416534,PUNE,MAHARASHTRA,PUNE,P79,IP DISPATCH PUNE BRANCH,4,Y
416549,PUNE,MAHARASHTRA,PUNE,P79,IP DISPATCH PUNE BRANCH,4,Y
416550,PUNE,MAHARASHTRA,PUNE,P79,IP DISPATCH PUNE BRANCH,4,Y
416551,PUNE,MAHARASHTRA,PUNE,P79,IP DISPATCH PUNE BRANCH,4,Y
416552,PUNE,MAHARASHTRA,PUNE,P79,IP DISPATCH PUNE BRANCH,4,Y
416601,PUNE,MAHARASHTRA,PUNE,P79,IP DISPATCH PUNE BRANCH,4,Y
416603,PUNE,MAHARASHTRA,PUNE,P79,IP DISPATCH PUNE BRANCH,4,Y
416604,PUNE,MAHARASHTRA,PUNE,P79,IP DISPATCH PUNE BRANCH,4,Y
416605,PUNE,MAHARASHTRA,PUNE,P79,IP DISPATCH PUNE BRANCH,4,Y
416606,PUNE,MAHARASHTRA,PUNE,P79,IP DISPATCH PUNE BRANCH,4,Y
416608,PUNE,MAHARASHTRA,PUNE,P79,IP DISPATCH PUNE BRANCH,4,Y
416609,PUNE,MAHARASHTRA,PUNE,P79,IP DISPATCH PUNE BRANCH,4,Y
416610,PUNE,MAHARASHTRA,PUNE,P79,IP DISPATCH PUNE BRANCH,4,Y
416611,PUNE,MAHARASHTRA,PUNE,P79,IP DISPATCH PUNE BRANCH,4,Y
416612,PUNE,MAHARASHTRA,PUNE,P79,IP DISPATCH PUNE BRANCH,4,Y
416613,PUNE,MAHARASHTRA,PUNE,P79,IP DISPATCH PUNE BRANCH,4,Y
416614,PUNE,MAHARASHTRA,PUNE,P79,IP DISPATCH PUNE BRANCH,4,Y
416615,PUNE,MAHARASHTRA,PUNE,P79,IP DISPATCH PUNE BRANCH,4,Y
416616,PUNE,MAHARASHTRA,PUNE,P79,IP DISPATCH PUNE BRANCH,4,Y
416620,PUNE,MAHARASHTRA,PUNE,P79,IP DISPATCH PUNE BRANCH,4,Y
416623,PUNE,MAHARASHTRA,PUNE,P79,IP DISPATCH PUNE BRANCH,4,Y
416626,PUNE,MAHARASHTRA,PUNE,P79,IP DISPATCH PUNE BRANCH,4,Y
416628,PUNE,MAHARASHTRA,PUNE,P79,IP DISPATCH PUNE BRANCH,4,Y
416630,PUNE,MAHARASHTRA,PUNE,P79,IP DISPATCH PUNE BRANCH,4,Y
416632,PUNE,MAHARASHTRA,PUNE,P79,IP DISPATCH PUNE BRANCH,4,Y
416702,PUNE,MAHARASHTRA,PUNE,P79,IP DISPATCH PUNE BRANCH,4,Y
416703,PUNE,MAHARASHTRA,PUNE,P79,IP DISPATCH PUNE BRANCH,4,Y
416704,PUNE,MAHARASHTRA,PUNE,P79,IP DISPATCH PUNE BRANCH,4,Y
416705,PUNE,MAHARASHTRA,PUNE,P79,IP DISPATCH PUNE BRANCH,4,Y
416707,PUNE,MAHARASHTRA,PUNE,P79,IP DISPATCH PUNE BRANCH,4,Y
416709,PUNE,MAHARASHTRA,PUNE,P79,IP DISPATCH PUNE BRANCH,4,Y
416712,PUNE,MAHARASHTRA,PUNE,P79,IP DISPATCH PUNE BRANCH,4,Y
416713,PUNE,MAHARASHTRA,PUNE,P79,IP DISPATCH PUNE BRANCH,4,Y
416801,PUNE,MAHARASHTRA,PUNE,P79,IP DISPATCH PUNE BRANCH,4,Y
416803,PUNE,MAHARASHTRA,PUNE,P79,IP DISPATCH PUNE BRANCH,4,Y
416804,PUNE,MAHARASHTRA,PUNE,P79,IP DISPATCH PUNE BRANCH,4,Y
416805,PUNE,MAHARASHTRA,PUNE,P79,IP DISPATCH PUNE BRANCH,4,Y
416806,PUNE,MAHARASHTRA,PUNE,P79,IP DISPATCH PUNE BRANCH,4,Y
416807,PUNE,MAHARASHTRA,PUNE,P79,IP DISPATCH PUNE BRANCH,4,Y
416810,PUNE,MAHARASHTRA,PUNE,P79,IP DISPATCH PUNE BRANCH,4,Y
416811,PUNE,MAHARASHTRA,PUNE,P79,IP DISPATCH PUNE BRANCH,4,Y
416812,PUNE,MAHARASHTRA,PUNE,P79,IP DISPATCH PUNE BRANCH,4,Y
416813,PUNE,MAHARASHTRA,PUNE,P79,IP DISPATCH PUNE BRANCH,4,Y
421303,MUMBAI,MAHARASHTRA,MUMBAI,M90,IP DISPATCH MUMBAI BRANCH,4,Y
421402,MUMBAI,MAHARASHTRA,MUMBAI,M90,IP DISPATCH MUMBAI BRANCH,3,Y
421403,MUMBAI,MAHARASHTRA,MUMBAI,M90,IP DISPATCH MUMBAI BRANCH,3,Y
422014,PUNE,MAHARASHTRA,PUNE,P79,IP DISPATCH PUNE BRANCH,4,Y
422104,PUNE,MAHARASHTRA,PUNE,P79,IP DISPATCH PUNE BRANCH,4,Y
422105,PUNE,MAHARASHTRA,PUNE,P79,IP DISPATCH PUNE BRANCH,4,Y
422201,PUNE,MAHARASHTRA,PUNE,P79,IP DISPATCH PUNE BRANCH,4,Y
422203,PUNE,MAHARASHTRA,PUNE,P79,IP DISPATCH PUNE BRANCH,4,Y
422204,PUNE,MAHARASHTRA,PUNE,P79,IP DISPATCH PUNE BRANCH,4,Y
422205,PUNE,MAHARASHTRA,PUNE,P79,IP DISPATCH PUNE BRANCH,5,Y
422208,PUNE,MAHARASHTRA,PUNE,P79,IP DISPATCH PUNE BRANCH,4,Y
422210,PUNE,MAHARASHTRA,PUNE,P79,IP DISPATCH PUNE BRANCH,4,Y
422211,PUNE,MAHARASHTRA,PUNE,P79,IP DISPATCH PUNE BRANCH,4,Y
422212,PUNE,MAHARASHTRA,PUNE,P79,IP DISPATCH PUNE BRANCH,4,Y
422213,PUNE,MAHARASHTRA,PUNE,P79,IP DISPATCH PUNE BRANCH,4,Y
422214,PUNE,MAHARASHTRA,PUNE,P79,IP DISPATCH PUNE BRANCH,4,Y
422215,PUNE,MAHARASHTRA,PUNE,P79,IP DISPATCH PUNE BRANCH,4,Y
422222,PUNE,MAHARASHTRA,PUNE,P79,IP DISPATCH PUNE BRANCH,4,Y
422301,PUNE,MAHARASHTRA,PUNE,P79,IP DISPATCH PUNE BRANCH,4,Y
422302,PUNE,MAHARASHTRA,PUNE,P79,IP DISPATCH PUNE BRANCH,4,Y
422304,PUNE,MAHARASHTRA,PUNE,P79,IP DISPATCH PUNE BRANCH,4,Y
422305,PUNE,MAHARASHTRA,PUNE,P79,IP DISPATCH PUNE BRANCH,4,Y
422308,PUNE,MAHARASHTRA,PUNE,P79,IP DISPATCH PUNE BRANCH,4,Y
422402,PUNE,MAHARASHTRA,PUNE,P79,IP DISPATCH PUNE BRANCH,4,Y
422502,PUNE,MAHARASHTRA,PUNE,P79,IP DISPATCH PUNE BRANCH,4,Y
422601,PUNE,MAHARASHTRA,PUNE,P79,IP DISPATCH PUNE BRANCH,3,Y
422602,PUNE,MAHARASHTRA,PUNE,P79,IP DISPATCH PUNE BRANCH,3,Y
422603,PUNE,MAHARASHTRA,PUNE,P79,IP DISPATCH PUNE BRANCH,3,Y
422604,PUNE,MAHARASHTRA,PUNE,P79,IP DISPATCH PUNE BRANCH,3,Y
422606,PUNE,MAHARASHTRA,PUNE,P79,IP DISPATCH PUNE BRANCH,4,Y
422608,PUNE,MAHARASHTRA,PUNE,P79,IP DISPATCH PUNE BRANCH,3,Y
422610,PUNE,MAHARASHTRA,PUNE,P79,IP DISPATCH PUNE BRANCH,3,Y
422611,PUNE,MAHARASHTRA,PUNE,P79,IP DISPATCH PUNE BRANCH,3,Y
422620,PUNE,MAHARASHTRA,PUNE,P79,IP DISPATCH PUNE BRANCH,3,Y
422622,PUNE,MAHARASHTRA,PUNE,P79,IP DISPATCH PUNE BRANCH,3,Y
423101,PUNE,MAHARASHTRA,PUNE,P79,IP DISPATCH PUNE BRANCH,4,Y
423102,PUNE,MAHARASHTRA,PUNE,P79,IP DISPATCH PUNE BRANCH,4,Y
423108,PUNE,MAHARASHTRA,PUNE,P79,IP DISPATCH PUNE BRANCH,4,Y
423110,PUNE,MAHARASHTRA,PUNE,P79,IP DISPATCH PUNE BRANCH,4,Y
423111,PUNE,MAHARASHTRA,PUNE,P79,IP DISPATCH PUNE BRANCH,4,Y
423117,PUNE,MAHARASHTRA,PUNE,P79,IP DISPATCH PUNE BRANCH,4,Y
423201,PUNE,MAHARASHTRA,PUNE,P79,IP DISPATCH PUNE BRANCH,4,Y
423202,PUNE,MAHARASHTRA,PUNE,P79,IP DISPATCH PUNE BRANCH,4,Y
423204,PUNE,MAHARASHTRA,PUNE,P79,IP DISPATCH PUNE BRANCH,4,Y
423205,PUNE,MAHARASHTRA,PUNE,P79,IP DISPATCH PUNE BRANCH,4,Y
423206,PUNE,MAHARASHTRA,PUNE,P79,IP DISPATCH PUNE BRANCH,4,Y
423208,PUNE,MAHARASHTRA,PUNE,P79,IP DISPATCH PUNE BRANCH,4,Y
423212,PUNE,MAHARASHTRA,PUNE,P79,IP DISPATCH PUNE BRANCH,4,Y
423213,PUNE,MAHARASHTRA,PUNE,P79,IP DISPATCH PUNE BRANCH,4,Y
423302,PUNE,MAHARASHTRA,PUNE,P79,IP DISPATCH PUNE BRANCH,4,Y
423303,PUNE,MAHARASHTRA,PUNE,P79,IP DISPATCH PUNE BRANCH,4,Y
423402,PUNE,MAHARASHTRA,PUNE,P79,IP DISPATCH PUNE BRANCH,4,Y
423403,PUNE,MAHARASHTRA,PUNE,P79,IP DISPATCH PUNE BRANCH,4,Y
423501,PUNE,MAHARASHTRA,PUNE,P79,IP DISPATCH PUNE BRANCH,4,Y
423502,PUNE,MAHARASHTRA,PUNE,P79,IP DISPATCH PUNE BRANCH,4,Y
423602,PUNE,MAHARASHTRA,PUNE,P79,IP DISPATCH PUNE BRANCH,3,Y
423604,PUNE,MAHARASHTRA,PUNE,P79,IP DISPATCH PUNE BRANCH,3,Y
423607,PUNE,MAHARASHTRA,PUNE,P79,IP DISPATCH PUNE BRANCH,3,Y
423702,PUNE,MAHARASHTRA,PUNE,P79,IP DISPATCH PUNE BRANCH,4,Y
423703,PUNE,MAHARASHTRA,PUNE,P79,IP DISPATCH PUNE BRANCH,4,Y
424102,PUNE,MAHARASHTRA,PUNE,P79,IP DISPATCH PUNE BRANCH,4,Y
424103,PUNE,MAHARASHTRA,PUNE,P79,IP DISPATCH PUNE BRANCH,4,Y
424104,PUNE,MAHARASHTRA,PUNE,P79,IP DISPATCH PUNE BRANCH,4,Y
424106,PUNE,MAHARASHTRA,PUNE,P79,IP DISPATCH PUNE BRANCH,4,Y
424107,PUNE,MAHARASHTRA,PUNE,P79,IP DISPATCH PUNE BRANCH,4,Y
424108,PUNE,MAHARASHTRA,PUNE,P79,IP DISPATCH PUNE BRANCH,4,Y
424109,PUNE,MAHARASHTRA,PUNE,P79,IP DISPATCH PUNE BRANCH,4,Y
424119,PUNE,MAHARASHTRA,PUNE,P79,IP DISPATCH PUNE BRANCH,4,Y
424202,PUNE,MAHARASHTRA,PUNE,P79,IP DISPATCH PUNE BRANCH,4,Y
424203,PUNE,MAHARASHTRA,PUNE,P79,IP DISPATCH PUNE BRANCH,4,Y
424205,PUNE,MAHARASHTRA,PUNE,P79,IP DISPATCH PUNE BRANCH,4,Y
424207,PUNE,MAHARASHTRA,PUNE,P79,IP DISPATCH PUNE BRANCH,4,Y
424208,PUNE,MAHARASHTRA,PUNE,P79,IP DISPATCH PUNE BRANCH,4,Y
424301,PUNE,MAHARASHTRA,PUNE,P79,IP DISPATCH PUNE BRANCH,4,Y
424302,PUNE,MAHARASHTRA,PUNE,P79,IP DISPATCH PUNE BRANCH,4,Y
424303,PUNE,MAHARASHTRA,PUNE,P79,IP DISPATCH PUNE BRANCH,4,Y
424305,PUNE,MAHARASHTRA,PUNE,P79,IP DISPATCH PUNE BRANCH,4,Y
424306,PUNE,MAHARASHTRA,PUNE,P79,IP DISPATCH PUNE BRANCH,4,Y
424307,PUNE,MAHARASHTRA,PUNE,P79,IP DISPATCH PUNE BRANCH,4,Y
424308,PUNE,MAHARASHTRA,PUNE,P79,IP DISPATCH PUNE BRANCH,4,Y
424309,PUNE,MAHARASHTRA,PUNE,P79,IP DISPATCH PUNE BRANCH,4,Y
424310,PUNE,MAHARASHTRA,PUNE,P79,IP DISPATCH PUNE BRANCH,4,Y
424318,PUNE,MAHARASHTRA,PUNE,P79,IP DISPATCH PUNE BRANCH,4,Y
425101,PUNE,MAHARASHTRA,PUNE,P79,IP DISPATCH PUNE BRANCH,4,Y
425102,PUNE,MAHARASHTRA,PUNE,P79,IP DISPATCH PUNE BRANCH,4,Y
425103,PUNE,MAHARASHTRA,PUNE,P79,IP DISPATCH PUNE BRANCH,4,Y
425104,PUNE,MAHARASHTRA,PUNE,P79,IP DISPATCH PUNE BRANCH,4,Y
425108,PUNE,MAHARASHTRA,PUNE,P79,IP DISPATCH PUNE BRANCH,4,Y
425110,PUNE,MAHARASHTRA,PUNE,P79,IP DISPATCH PUNE BRANCH,4,Y
425112,PUNE,MAHARASHTRA,PUNE,P79,IP DISPATCH PUNE BRANCH,4,Y
425113,PUNE,MAHARASHTRA,PUNE,P79,IP DISPATCH PUNE BRANCH,4,Y
425114,PUNE,MAHARASHTRA,PUNE,P79,IP DISPATCH PUNE BRANCH,4,Y
425115,PUNE,MAHARASHTRA,PUNE,P79,IP DISPATCH PUNE BRANCH,4,Y
425116,PUNE,MAHARASHTRA,PUNE,P79,IP DISPATCH PUNE BRANCH,4,Y
425203,PUNE,MAHARASHTRA,PUNE,P79,IP DISPATCH PUNE BRANCH,4,Y
425301,PUNE,MAHARASHTRA,PUNE,P79,IP DISPATCH PUNE BRANCH,4,Y
425302,PUNE,MAHARASHTRA,PUNE,P79,IP DISPATCH PUNE BRANCH,4,Y
425303,PUNE,MAHARASHTRA,PUNE,P79,IP DISPATCH PUNE BRANCH,4,Y
425304,PUNE,MAHARASHTRA,PUNE,P79,IP DISPATCH PUNE BRANCH,4,Y
425305,PUNE,MAHARASHTRA,PUNE,P79,IP DISPATCH PUNE BRANCH,4,Y
425307,PUNE,MAHARASHTRA,PUNE,P79,IP DISPATCH PUNE BRANCH,4,Y
425308,PUNE,MAHARASHTRA,PUNE,P79,IP DISPATCH PUNE BRANCH,4,Y
425309,PUNE,MAHARASHTRA,PUNE,P79,IP DISPATCH PUNE BRANCH,4,Y
425310,PUNE,MAHARASHTRA,PUNE,P79,IP DISPATCH PUNE BRANCH,4,Y
425311,PUNE,MAHARASHTRA,PUNE,P79,IP DISPATCH PUNE BRANCH,4,Y
425327,PUNE,MAHARASHTRA,PUNE,P79,IP DISPATCH PUNE BRANCH,4,Y
425402,PUNE,MAHARASHTRA,PUNE,P79,IP DISPATCH PUNE BRANCH,4,Y
425403,PUNE,MAHARASHTRA,PUNE,P79,IP DISPATCH PUNE BRANCH,4,Y
425406,PUNE,MAHARASHTRA,PUNE,P79,IP DISPATCH PUNE BRANCH,4,Y
425407,PUNE,MAHARASHTRA,PUNE,P79,IP DISPATCH PUNE BRANCH,4,Y
425408,PUNE,MAHARASHTRA,PUNE,P79,IP DISPATCH PUNE BRANCH,4,Y
425410,PUNE,MAHARASHTRA,PUNE,P79,IP DISPATCH PUNE BRANCH,4,Y
425411,PUNE,MAHARASHTRA,PUNE,P79,IP DISPATCH PUNE BRANCH,4,Y
425413,PUNE,MAHARASHTRA,PUNE,P79,IP DISPATCH PUNE BRANCH,4,Y
425414,PUNE,MAHARASHTRA,PUNE,P79,IP DISPATCH PUNE BRANCH,4,Y
425415,PUNE,MAHARASHTRA,PUNE,P79,IP DISPATCH PUNE BRANCH,4,Y
425416,PUNE,MAHARASHTRA,PUNE,P79,IP DISPATCH PUNE BRANCH,4,Y
425417,PUNE,MAHARASHTRA,PUNE,P79,IP DISPATCH PUNE BRANCH,4,Y
425418,PUNE,MAHARASHTRA,PUNE,P79,IP DISPATCH PUNE BRANCH,4,Y
425419,PUNE,MAHARASHTRA,PUNE,P79,IP DISPATCH PUNE BRANCH,4,Y
425420,PUNE,MAHARASHTRA,PUNE,P79,IP DISPATCH PUNE BRANCH,4,Y
425421,PUNE,MAHARASHTRA,PUNE,P79,IP DISPATCH PUNE BRANCH,4,Y
425422,PUNE,MAHARASHTRA,PUNE,P79,IP DISPATCH PUNE BRANCH,4,Y
425423,PUNE,MAHARASHTRA,PUNE,P79,IP DISPATCH PUNE BRANCH,4,Y
425424,PUNE,MAHARASHTRA,PUNE,P79,IP DISPATCH PUNE BRANCH,4,Y
425426,PUNE,MAHARASHTRA,PUNE,P79,IP DISPATCH PUNE BRANCH,4,Y
425427,PUNE,MAHARASHTRA,PUNE,P79,IP DISPATCH PUNE BRANCH,4,Y
425428,PUNE,MAHARASHTRA,PUNE,P79,IP DISPATCH PUNE BRANCH,4,Y
425432,PUNE,MAHARASHTRA,PUNE,P79,IP DISPATCH PUNE BRANCH,4,Y
425442,PUNE,MAHARASHTRA,PUNE,P79,IP DISPATCH PUNE BRANCH,4,Y
425444,PUNE,MAHARASHTRA,PUNE,P79,IP DISPATCH PUNE BRANCH,4,Y
425452,PUNE,MAHARASHTRA,PUNE,P79,IP DISPATCH PUNE BRANCH,4,Y
425503,PUNE,MAHARASHTRA,PUNE,P79,IP DISPATCH PUNE BRANCH,4,Y
425504,PUNE,MAHARASHTRA,PUNE,P79,IP DISPATCH PUNE BRANCH,4,Y
425505,PUNE,MAHARASHTRA,PUNE,P79,IP DISPATCH PUNE BRANCH,4,Y
425506,PUNE,MAHARASHTRA,PUNE,P79,IP DISPATCH PUNE BRANCH,4,Y
425507,PUNE,MAHARASHTRA,PUNE,P79,IP DISPATCH PUNE BRANCH,4,Y
425524,PUNE,MAHARASHTRA,PUNE,P79,IP DISPATCH PUNE BRANCH,4,Y
431011,PUNE,MAHARASHTRA,PUNE,P79,IP DISPATCH PUNE BRANCH,4,Y
431025,PUNE,MAHARASHTRA,PUNE,P79,IP DISPATCH PUNE BRANCH,4,Y
431101,PUNE,MAHARASHTRA,PUNE,P79,IP DISPATCH PUNE BRANCH,4,Y
431102,PUNE,MAHARASHTRA,PUNE,P79,IP DISPATCH PUNE BRANCH,4,Y
431104,PUNE,MAHARASHTRA,PUNE,P79,IP DISPATCH PUNE BRANCH,4,Y
431110,PUNE,MAHARASHTRA,PUNE,P79,IP DISPATCH PUNE BRANCH,4,Y
431113,PUNE,MAHARASHTRA,PUNE,P79,IP DISPATCH PUNE BRANCH,4,Y
431114,PUNE,MAHARASHTRA,PUNE,P79,IP DISPATCH PUNE BRANCH,4,Y
431115,PUNE,MAHARASHTRA,PUNE,P79,IP DISPATCH PUNE BRANCH,4,Y
431116,PUNE,MAHARASHTRA,PUNE,P79,IP DISPATCH PUNE BRANCH,4,Y
431117,PUNE,MAHARASHTRA,PUNE,P79,IP DISPATCH PUNE BRANCH,4,Y
431118,PUNE,MAHARASHTRA,PUNE,P79,IP DISPATCH PUNE BRANCH,4,Y
431120,PUNE,MAHARASHTRA,PUNE,P79,IP DISPATCH PUNE BRANCH,4,Y
431121,PUNE,MAHARASHTRA,PUNE,P79,IP DISPATCH PUNE BRANCH,4,Y
431124,PUNE,MAHARASHTRA,PUNE,P79,IP DISPATCH PUNE BRANCH,4,Y
431125,PUNE,MAHARASHTRA,PUNE,P79,IP DISPATCH PUNE BRANCH,4,Y
431126,PUNE,MAHARASHTRA,PUNE,P79,IP DISPATCH PUNE BRANCH,4,Y
431127,PUNE,MAHARASHTRA,PUNE,P79,IP DISPATCH PUNE BRANCH,4,Y
431128,PUNE,MAHARASHTRA,PUNE,P79,IP DISPATCH PUNE BRANCH,4,Y
431129,PUNE,MAHARASHTRA,PUNE,P79,IP DISPATCH PUNE BRANCH,4,Y
431130,PUNE,MAHARASHTRA,PUNE,P79,IP DISPATCH PUNE BRANCH,4,Y
431132,PUNE,MAHARASHTRA,PUNE,P79,IP DISPATCH PUNE BRANCH,4,Y
431134,PUNE,MAHARASHTRA,PUNE,P79,IP DISPATCH PUNE BRANCH,4,Y
431135,PUNE,MAHARASHTRA,PUNE,P79,IP DISPATCH PUNE BRANCH,4,Y
431137,PUNE,MAHARASHTRA,PUNE,P79,IP DISPATCH PUNE BRANCH,4,Y
431142,PUNE,MAHARASHTRA,PUNE,P79,IP DISPATCH PUNE BRANCH,4,Y
431143,PUNE,MAHARASHTRA,PUNE,P79,IP DISPATCH PUNE BRANCH,4,Y
431144,PUNE,MAHARASHTRA,PUNE,P79,IP DISPATCH PUNE BRANCH,4,Y
431147,PUNE,MAHARASHTRA,PUNE,P79,IP DISPATCH PUNE BRANCH,4,Y
431148,PUNE,MAHARASHTRA,PUNE,P79,IP DISPATCH PUNE BRANCH,4,Y
431150,PUNE,MAHARASHTRA,PUNE,P79,IP DISPATCH PUNE BRANCH,4,Y
431151,PUNE,MAHARASHTRA,PUNE,P79,IP DISPATCH PUNE BRANCH,4,Y
431152,PUNE,MAHARASHTRA,PUNE,P79,IP DISPATCH PUNE BRANCH,4,Y
431153,PUNE,MAHARASHTRA,PUNE,P79,IP DISPATCH PUNE BRANCH,4,Y
431202,PUNE,MAHARASHTRA,PUNE,P79,IP DISPATCH PUNE BRANCH,4,Y
431205,PUNE,MAHARASHTRA,PUNE,P79,IP DISPATCH PUNE BRANCH,4,Y
431206,PUNE,MAHARASHTRA,PUNE,P79,IP DISPATCH PUNE BRANCH,4,Y
431207,PUNE,MAHARASHTRA,PUNE,P79,IP DISPATCH PUNE BRANCH,4,Y
431208,PUNE,MAHARASHTRA,PUNE,P79,IP DISPATCH PUNE BRANCH,4,Y
431209,PUNE,MAHARASHTRA,PUNE,P79,IP DISPATCH PUNE BRANCH,4,Y
431211,PUNE,MAHARASHTRA,PUNE,P79,IP DISPATCH PUNE BRANCH,4,Y
431212,PUNE,MAHARASHTRA,PUNE,P79,IP DISPATCH PUNE BRANCH,4,Y
431213,PUNE,MAHARASHTRA,PUNE,P79,IP DISPATCH PUNE BRANCH,4,Y
431214,PUNE,MAHARASHTRA,PUNE,P79,IP DISPATCH PUNE BRANCH,4,Y
431215,PUNE,MAHARASHTRA,PUNE,P79,IP DISPATCH PUNE BRANCH,4,Y
431501,PUNE,MAHARASHTRA,PUNE,P79,IP DISPATCH PUNE BRANCH,5,Y
431502,PUNE,MAHARASHTRA,PUNE,P79,IP DISPATCH PUNE BRANCH,5,Y
431504,PUNE,MAHARASHTRA,PUNE,P79,IP DISPATCH PUNE BRANCH,5,Y
431507,PUNE,MAHARASHTRA,PUNE,P79,IP DISPATCH PUNE BRANCH,5,Y
431508,PUNE,MAHARASHTRA,PUNE,P79,IP DISPATCH PUNE BRANCH,5,Y
431510,PUNE,MAHARASHTRA,PUNE,P79,IP DISPATCH PUNE BRANCH,5,Y
431516,PUNE,MAHARASHTRA,PUNE,P79,IP DISPATCH PUNE BRANCH,5,Y
431518,PUNE,MAHARASHTRA,PUNE,P79,IP DISPATCH PUNE BRANCH,4,Y
431519,PUNE,MAHARASHTRA,PUNE,P79,IP DISPATCH PUNE BRANCH,5,Y
431520,PUNE,MAHARASHTRA,PUNE,P79,IP DISPATCH PUNE BRANCH,4,Y
431521,PUNE,MAHARASHTRA,PUNE,P79,IP DISPATCH PUNE BRANCH,5,Y
431522,PUNE,MAHARASHTRA,PUNE,P79,IP DISPATCH PUNE BRANCH,5,Y
431523,PUNE,MAHARASHTRA,PUNE,P79,IP DISPATCH PUNE BRANCH,5,Y
431530,PUNE,MAHARASHTRA,PUNE,P79,IP DISPATCH PUNE BRANCH,5,Y
431536,PUNE,MAHARASHTRA,PUNE,P79,IP DISPATCH PUNE BRANCH,5,Y
431537,PUNE,MAHARASHTRA,PUNE,P79,IP DISPATCH PUNE BRANCH,5,Y
431540,PUNE,MAHARASHTRA,PUNE,P79,IP DISPATCH PUNE BRANCH,5,Y
431541,PUNE,MAHARASHTRA,PUNE,P79,IP DISPATCH PUNE BRANCH,5,Y
431542,PUNE,MAHARASHTRA,PUNE,P79,IP DISPATCH PUNE BRANCH,5,Y
431543,PUNE,MAHARASHTRA,PUNE,P79,IP DISPATCH PUNE BRANCH,5,Y
431606,PUNE,MAHARASHTRA,PUNE,P79,IP DISPATCH PUNE BRANCH,5,Y
431701,PUNE,MAHARASHTRA,PUNE,P79,IP DISPATCH PUNE BRANCH,5,Y
431702,PUNE,MAHARASHTRA,PUNE,P79,IP DISPATCH PUNE BRANCH,5,Y
431703,PUNE,MAHARASHTRA,PUNE,P79,IP DISPATCH PUNE BRANCH,5,Y
431704,PUNE,MAHARASHTRA,PUNE,P79,IP DISPATCH PUNE BRANCH,5,Y
431705,PUNE,MAHARASHTRA,PUNE,P79,IP DISPATCH PUNE BRANCH,5,Y
431707,PUNE,MAHARASHTRA,PUNE,P79,IP DISPATCH PUNE BRANCH,5,Y
431710,PUNE,MAHARASHTRA,PUNE,P79,IP DISPATCH PUNE BRANCH,5,Y
431711,PUNE,MAHARASHTRA,PUNE,P79,IP DISPATCH PUNE BRANCH,5,Y
431712,PUNE,MAHARASHTRA,PUNE,P79,IP DISPATCH PUNE BRANCH,5,Y
431713,PUNE,MAHARASHTRA,PUNE,P79,IP DISPATCH PUNE BRANCH,5,Y
431714,PUNE,MAHARASHTRA,PUNE,P79,IP DISPATCH PUNE BRANCH,5,Y
431715,PUNE,MAHARASHTRA,PUNE,P79,IP DISPATCH PUNE BRANCH,5,Y
431716,PUNE,MAHARASHTRA,PUNE,P79,IP DISPATCH PUNE BRANCH,5,Y
431718,PUNE,MAHARASHTRA,PUNE,P79,IP DISPATCH PUNE BRANCH,5,Y
431719,PUNE,MAHARASHTRA,PUNE,P79,IP DISPATCH PUNE BRANCH,5,Y
431721,PUNE,MAHARASHTRA,PUNE,P79,IP DISPATCH PUNE BRANCH,6,Y
431722,PUNE,MAHARASHTRA,PUNE,P79,IP DISPATCH PUNE BRANCH,5,Y
431724,PUNE,MAHARASHTRA,PUNE,P79,IP DISPATCH PUNE BRANCH,5,Y
431731,PUNE,MAHARASHTRA,PUNE,P79,IP DISPATCH PUNE BRANCH,5,Y
431736,PUNE,MAHARASHTRA,PUNE,P79,IP DISPATCH PUNE BRANCH,5,Y
431741,PUNE,MAHARASHTRA,PUNE,P79,IP DISPATCH PUNE BRANCH,5,Y
431742,PUNE,MAHARASHTRA,PUNE,P79,IP DISPATCH PUNE BRANCH,5,Y
431743,PUNE,MAHARASHTRA,PUNE,P79,IP DISPATCH PUNE BRANCH,5,Y
431745,PUNE,MAHARASHTRA,PUNE,P79,IP DISPATCH PUNE BRANCH,5,Y
431746,PUNE,MAHARASHTRA,PUNE,P79,IP DISPATCH PUNE BRANCH,5,Y
431750,PUNE,MAHARASHTRA,PUNE,P79,IP DISPATCH PUNE BRANCH,5,Y
431801,PUNE,MAHARASHTRA,PUNE,P79,IP DISPATCH PUNE BRANCH,5,Y
431802,PUNE,MAHARASHTRA,PUNE,P79,IP DISPATCH PUNE BRANCH,6,Y
431803,PUNE,MAHARASHTRA,PUNE,P79,IP DISPATCH PUNE BRANCH,6,Y
431804,PUNE,MAHARASHTRA,PUNE,P79,IP DISPATCH PUNE BRANCH,6,Y
431805,PUNE,MAHARASHTRA,PUNE,P79,IP DISPATCH PUNE BRANCH,6,Y
431806,PUNE,MAHARASHTRA,PUNE,P79,IP DISPATCH PUNE BRANCH,5,Y
431807,PUNE,MAHARASHTRA,PUNE,P79,IP DISPATCH PUNE BRANCH,5,Y
431808,PUNE,MAHARASHTRA,PUNE,P79,IP DISPATCH PUNE BRANCH,5,Y
431809,PUNE,MAHARASHTRA,PUNE,P79,IP DISPATCH PUNE BRANCH,5,Y
431810,PUNE,MAHARASHTRA,PUNE,P79,IP DISPATCH PUNE BRANCH,6,Y
431811,PUNE,MAHARASHTRA,PUNE,P79,IP DISPATCH PUNE BRANCH,6,Y
441101,NAGPUR,MAHARASHTRA,NAGPUR RO,R34,IP DISPATCH NAGPUR BRANCH,3,Y
441102,NAGPUR,MAHARASHTRA,NAGPUR RO,R34,IP DISPATCH NAGPUR BRANCH,3,Y
441103,NAGPUR,MAHARASHTRA,NAGPUR RO,R34,IP DISPATCH NAGPUR BRANCH,3,Y
441105,NAGPUR,MAHARASHTRA,NAGPUR RO,R34,IP DISPATCH NAGPUR BRANCH,3,Y
441109,NAGPUR,MAHARASHTRA,NAGPUR RO,R34,IP DISPATCH NAGPUR BRANCH,3,Y
441112,NAGPUR,MAHARASHTRA,NAGPUR RO,R34,IP DISPATCH NAGPUR BRANCH,3,Y
441113,NAGPUR,MAHARASHTRA,NAGPUR RO,R34,IP DISPATCH NAGPUR BRANCH,3,Y
441123,NAGPUR,MAHARASHTRA,NAGPUR RO,R34,IP DISPATCH NAGPUR BRANCH,3,Y
441124,NAGPUR,MAHARASHTRA,NAGPUR RO,R34,IP DISPATCH NAGPUR BRANCH,3,Y
441201,NAGPUR,MAHARASHTRA,NAGPUR RO,R34,IP DISPATCH NAGPUR BRANCH,3,Y
441202,NAGPUR,MAHARASHTRA,NAGPUR RO,R34,IP DISPATCH NAGPUR BRANCH,3,Y
441204,NAGPUR,MAHARASHTRA,NAGPUR RO,R34,IP DISPATCH NAGPUR BRANCH,3,Y
441205,NAGPUR,MAHARASHTRA,NAGPUR RO,R34,IP DISPATCH NAGPUR BRANCH,4,Y
441206,NAGPUR,MAHARASHTRA,NAGPUR RO,R34,IP DISPATCH NAGPUR BRANCH,5,Y
441207,NAGPUR,MAHARASHTRA,NAGPUR RO,R34,IP DISPATCH NAGPUR BRANCH,5,Y
441208,NAGPUR,MAHARASHTRA,NAGPUR RO,R34,IP DISPATCH NAGPUR BRANCH,4,Y
441209,NAGPUR,MAHARASHTRA,NAGPUR RO,R34,IP DISPATCH NAGPUR BRANCH,5,Y
441210,NAGPUR,MAHARASHTRA,NAGPUR RO,R34,IP DISPATCH NAGPUR BRANCH,3,Y
441212,NAGPUR,MAHARASHTRA,NAGPUR RO,R34,IP DISPATCH NAGPUR BRANCH,4,Y
441214,NAGPUR,MAHARASHTRA,NAGPUR RO,R34,IP DISPATCH NAGPUR BRANCH,3,Y
441215,NAGPUR,MAHARASHTRA,NAGPUR RO,R34,IP DISPATCH NAGPUR BRANCH,4,Y
441217,NAGPUR,MAHARASHTRA,NAGPUR RO,R34,IP DISPATCH NAGPUR BRANCH,5,Y
441221,NAGPUR,MAHARASHTRA,NAGPUR RO,R34,IP DISPATCH NAGPUR BRANCH,4,Y
441223,NAGPUR,MAHARASHTRA,NAGPUR RO,R34,IP DISPATCH NAGPUR BRANCH,4,Y
441225,NAGPUR,MAHARASHTRA,NAGPUR RO,R34,IP DISPATCH NAGPUR BRANCH,4,Y
441226,NAGPUR,MAHARASHTRA,NAGPUR RO,R34,IP DISPATCH NAGPUR BRANCH,4,Y
441301,NAGPUR,MAHARASHTRA,NAGPUR RO,R34,IP DISPATCH NAGPUR BRANCH,3,Y
441303,NAGPUR,MAHARASHTRA,NAGPUR RO,R34,IP DISPATCH NAGPUR BRANCH,3,Y
441304,NAGPUR,MAHARASHTRA,NAGPUR RO,R34,IP DISPATCH NAGPUR BRANCH,3,Y
441305,NAGPUR,MAHARASHTRA,NAGPUR RO,R34,IP DISPATCH NAGPUR BRANCH,3,Y
441306,NAGPUR,MAHARASHTRA,NAGPUR RO,R34,IP DISPATCH NAGPUR BRANCH,3,Y
441401,NAGPUR,MAHARASHTRA,NAGPUR RO,R34,IP DISPATCH NAGPUR BRANCH,3,Y
441404,NAGPUR,MAHARASHTRA,NAGPUR RO,R34,IP DISPATCH NAGPUR BRANCH,3,Y
441502,NAGPUR,MAHARASHTRA,NAGPUR RO,R34,IP DISPATCH NAGPUR BRANCH,3,Y
441701,NAGPUR,MAHARASHTRA,NAGPUR RO,R34,IP DISPATCH NAGPUR BRANCH,3,Y
441702,NAGPUR,MAHARASHTRA,NAGPUR RO,R34,IP DISPATCH NAGPUR BRANCH,3,Y
441801,NAGPUR,MAHARASHTRA,NAGPUR RO,R34,IP DISPATCH NAGPUR BRANCH,3,Y
441803,NAGPUR,MAHARASHTRA,NAGPUR RO,R34,IP DISPATCH NAGPUR BRANCH,3,Y
441805,NAGPUR,MAHARASHTRA,NAGPUR RO,R34,IP DISPATCH NAGPUR BRANCH,3,Y
441806,NAGPUR,MAHARASHTRA,NAGPUR RO,R34,IP DISPATCH NAGPUR BRANCH,3,Y
441807,NAGPUR,MAHARASHTRA,NAGPUR RO,R34,IP DISPATCH NAGPUR BRANCH,3,Y
441809,NAGPUR,MAHARASHTRA,NAGPUR RO,R34,IP DISPATCH NAGPUR BRANCH,3,Y
441901,NAGPUR,MAHARASHTRA,NAGPUR RO,R34,IP DISPATCH NAGPUR BRANCH,3,Y
441902,NAGPUR,MAHARASHTRA,NAGPUR RO,R34,IP DISPATCH NAGPUR BRANCH,3,Y
441903,NAGPUR,MAHARASHTRA,NAGPUR RO,R34,IP DISPATCH NAGPUR BRANCH,3,Y
441905,NAGPUR,MAHARASHTRA,NAGPUR RO,R34,IP DISPATCH NAGPUR BRANCH,3,Y
441906,NAGPUR,MAHARASHTRA,NAGPUR RO,R34,IP DISPATCH NAGPUR BRANCH,3,Y
441907,NAGPUR,MAHARASHTRA,NAGPUR RO,R34,IP DISPATCH NAGPUR BRANCH,3,Y
441908,NAGPUR,MAHARASHTRA,NAGPUR RO,R34,IP DISPATCH NAGPUR BRANCH,3,Y
441910,NAGPUR,MAHARASHTRA,NAGPUR RO,R34,IP DISPATCH NAGPUR BRANCH,3,Y
441914,NAGPUR,MAHARASHTRA,NAGPUR RO,R34,IP DISPATCH NAGPUR BRANCH,3,Y
441915,NAGPUR,MAHARASHTRA,NAGPUR RO,R34,IP DISPATCH NAGPUR BRANCH,3,Y
441916,NAGPUR,MAHARASHTRA,NAGPUR RO,R34,IP DISPATCH NAGPUR BRANCH,3,Y
441924,NAGPUR,MAHARASHTRA,NAGPUR RO,R34,IP DISPATCH NAGPUR BRANCH,3,Y
442003,NAGPUR,MAHARASHTRA,NAGPUR RO,R34,IP DISPATCH NAGPUR BRANCH,3,Y
442102,NAGPUR,MAHARASHTRA,NAGPUR RO,R34,IP DISPATCH NAGPUR BRANCH,3,Y
442105,NAGPUR,MAHARASHTRA,NAGPUR RO,R34,IP DISPATCH NAGPUR BRANCH,3,Y
442106,NAGPUR,MAHARASHTRA,NAGPUR RO,R34,IP DISPATCH NAGPUR BRANCH,3,Y
442111,NAGPUR,MAHARASHTRA,NAGPUR RO,R34,IP DISPATCH NAGPUR BRANCH,3,Y
442202,NAGPUR,MAHARASHTRA,NAGPUR RO,R34,IP DISPATCH NAGPUR BRANCH,3,Y
442203,NAGPUR,MAHARASHTRA,NAGPUR RO,R34,IP DISPATCH NAGPUR BRANCH,3,Y
442303,NAGPUR,MAHARASHTRA,NAGPUR RO,R34,IP DISPATCH NAGPUR BRANCH,3,Y
442305,NAGPUR,MAHARASHTRA,NAGPUR RO,R34,IP DISPATCH NAGPUR BRANCH,3,Y
442306,NAGPUR,MAHARASHTRA,NAGPUR RO,R34,IP DISPATCH NAGPUR BRANCH,3,Y
442307,NAGPUR,MAHARASHTRA,NAGPUR RO,R34,IP DISPATCH NAGPUR BRANCH,3,Y
442502,NAGPUR,MAHARASHTRA,NAGPUR RO,R34,IP DISPATCH NAGPUR BRANCH,4,Y
442503,NAGPUR,MAHARASHTRA,NAGPUR RO,R34,IP DISPATCH NAGPUR BRANCH,4,Y
442504,NAGPUR,MAHARASHTRA,NAGPUR RO,R34,IP DISPATCH NAGPUR BRANCH,5,Y
442604,NAGPUR,MAHARASHTRA,NAGPUR RO,R34,IP DISPATCH NAGPUR BRANCH,4,Y
442606,NAGPUR,MAHARASHTRA,NAGPUR RO,R34,IP DISPATCH NAGPUR BRANCH,5,Y
442702,NAGPUR,MAHARASHTRA,NAGPUR RO,R34,IP DISPATCH NAGPUR BRANCH,4,Y
442704,NAGPUR,MAHARASHTRA,NAGPUR RO,R34,IP DISPATCH NAGPUR BRANCH,5,Y
442705,NAGPUR,MAHARASHTRA,NAGPUR RO,R34,IP DISPATCH NAGPUR BRANCH,4,Y
442707,NAGPUR,MAHARASHTRA,NAGPUR RO,R34,IP DISPATCH NAGPUR BRANCH,5,Y
442709,NAGPUR,MAHARASHTRA,NAGPUR RO,R34,IP DISPATCH NAGPUR BRANCH,5,Y
442710,NAGPUR,MAHARASHTRA,NAGPUR RO,R34,IP DISPATCH NAGPUR BRANCH,5,Y
442904,NAGPUR,MAHARASHTRA,NAGPUR RO,R34,IP DISPATCH NAGPUR BRANCH,4,Y
442906,NAGPUR,MAHARASHTRA,NAGPUR RO,R34,IP DISPATCH NAGPUR BRANCH,4,Y
442914,NAGPUR,MAHARASHTRA,NAGPUR RO,R34,IP DISPATCH NAGPUR BRANCH,4,Y
442916,NAGPUR,MAHARASHTRA,NAGPUR RO,R34,IP DISPATCH NAGPUR BRANCH,4,Y
442917,NAGPUR,MAHARASHTRA,NAGPUR RO,R34,IP DISPATCH NAGPUR BRANCH,4,Y
442918,NAGPUR,MAHARASHTRA,NAGPUR RO,R34,IP DISPATCH NAGPUR BRANCH,4,Y
442919,NAGPUR,MAHARASHTRA,NAGPUR RO,R34,IP DISPATCH NAGPUR BRANCH,4,Y
442920,PUNE,MAHARASHTRA,PUNE,P79,IP DISPATCH PUNE BRANCH,3,Y
443002,NAGPUR,MAHARASHTRA,NAGPUR RO,R34,IP DISPATCH NAGPUR BRANCH,4,Y
443102,NAGPUR,MAHARASHTRA,NAGPUR RO,R34,IP DISPATCH NAGPUR BRANCH,4,Y
443103,NAGPUR,MAHARASHTRA,NAGPUR RO,R34,IP DISPATCH NAGPUR BRANCH,4,Y
443104,NAGPUR,MAHARASHTRA,NAGPUR RO,R34,IP DISPATCH NAGPUR BRANCH,4,Y
443106,NAGPUR,MAHARASHTRA,NAGPUR RO,R34,IP DISPATCH NAGPUR BRANCH,4,Y
443112,NAGPUR,MAHARASHTRA,NAGPUR RO,R34,IP DISPATCH NAGPUR BRANCH,4,Y
443202,NAGPUR,MAHARASHTRA,NAGPUR RO,R34,IP DISPATCH NAGPUR BRANCH,4,Y
443203,NAGPUR,MAHARASHTRA,NAGPUR RO,R34,IP DISPATCH NAGPUR BRANCH,4,Y
443206,NAGPUR,MAHARASHTRA,NAGPUR RO,R34,IP DISPATCH NAGPUR BRANCH,4,Y
443302,NAGPUR,MAHARASHTRA,NAGPUR RO,R34,IP DISPATCH NAGPUR BRANCH,4,Y
443303,NAGPUR,MAHARASHTRA,NAGPUR RO,R34,IP DISPATCH NAGPUR BRANCH,4,Y
443304,NAGPUR,MAHARASHTRA,NAGPUR RO,R34,IP DISPATCH NAGPUR BRANCH,4,Y
443308,NAGPUR,MAHARASHTRA,NAGPUR RO,R34,IP DISPATCH NAGPUR BRANCH,4,Y
443401,NAGPUR,MAHARASHTRA,NAGPUR RO,R34,IP DISPATCH NAGPUR BRANCH,4,Y
443403,NAGPUR,MAHARASHTRA,NAGPUR RO,R34,IP DISPATCH NAGPUR BRANCH,4,Y
443404,NAGPUR,MAHARASHTRA,NAGPUR RO,R34,IP DISPATCH NAGPUR BRANCH,4,Y
444006,NAGPUR,MAHARASHTRA,NAGPUR RO,R34,IP DISPATCH NAGPUR BRANCH,4,Y
444007,NAGPUR,MAHARASHTRA,NAGPUR RO,R34,IP DISPATCH NAGPUR BRANCH,4,Y
444101,NAGPUR,MAHARASHTRA,NAGPUR RO,R34,IP DISPATCH NAGPUR BRANCH,4,Y
444102,NAGPUR,MAHARASHTRA,NAGPUR RO,R34,IP DISPATCH NAGPUR BRANCH,4,Y
444103,NAGPUR,MAHARASHTRA,NAGPUR RO,R34,IP DISPATCH NAGPUR BRANCH,4,Y
444104,NAGPUR,MAHARASHTRA,NAGPUR RO,R34,IP DISPATCH NAGPUR BRANCH,4,Y
444106,NAGPUR,MAHARASHTRA,NAGPUR RO,R34,IP DISPATCH NAGPUR BRANCH,4,Y
444107,PUNE,MAHARASHTRA,PUNE,P79,IP DISPATCH PUNE BRANCH,4,Y
444108,PUNE,MAHARASHTRA,PUNE,P79,IP DISPATCH PUNE BRANCH,4,Y
444109,NAGPUR,MAHARASHTRA,NAGPUR RO,R34,IP DISPATCH NAGPUR BRANCH,4,Y
444110,NAGPUR,MAHARASHTRA,NAGPUR RO,R34,IP DISPATCH NAGPUR BRANCH,4,Y
444111,NAGPUR,MAHARASHTRA,NAGPUR RO,R34,IP DISPATCH NAGPUR BRANCH,4,Y
444117,NAGPUR,MAHARASHTRA,NAGPUR RO,R34,IP DISPATCH NAGPUR BRANCH,4,Y
444126,NAGPUR,MAHARASHTRA,NAGPUR RO,R34,IP DISPATCH NAGPUR BRANCH,4,Y
444201,NAGPUR,MAHARASHTRA,NAGPUR RO,R34,IP DISPATCH NAGPUR BRANCH,4,Y
444202,NAGPUR,MAHARASHTRA,NAGPUR RO,R34,IP DISPATCH NAGPUR BRANCH,4,Y
444204,NAGPUR,MAHARASHTRA,NAGPUR RO,R34,IP DISPATCH NAGPUR BRANCH,4,Y
444301,NAGPUR,MAHARASHTRA,NAGPUR RO,R34,IP DISPATCH NAGPUR BRANCH,4,Y
444302,NAGPUR,MAHARASHTRA,NAGPUR RO,R34,IP DISPATCH NAGPUR BRANCH,4,Y
444304,NAGPUR,MAHARASHTRA,NAGPUR RO,R34,IP DISPATCH NAGPUR BRANCH,4,Y
444306,NAGPUR,MAHARASHTRA,NAGPUR RO,R34,IP DISPATCH NAGPUR BRANCH,4,Y
444311,NAGPUR,MAHARASHTRA,NAGPUR RO,R34,IP DISPATCH NAGPUR BRANCH,4,Y
444401,NAGPUR,MAHARASHTRA,NAGPUR RO,R34,IP DISPATCH NAGPUR BRANCH,4,Y
444402,NAGPUR,MAHARASHTRA,NAGPUR RO,R34,IP DISPATCH NAGPUR BRANCH,4,Y
444404,NAGPUR,MAHARASHTRA,NAGPUR RO,R34,IP DISPATCH NAGPUR BRANCH,4,Y
444405,NAGPUR,MAHARASHTRA,NAGPUR RO,R34,IP DISPATCH NAGPUR BRANCH,4,Y
444407,NAGPUR,MAHARASHTRA,NAGPUR RO,R34,IP DISPATCH NAGPUR BRANCH,4,Y
444409,NAGPUR,MAHARASHTRA,NAGPUR RO,R34,IP DISPATCH NAGPUR BRANCH,4,Y
444501,NAGPUR,MAHARASHTRA,NAGPUR RO,R34,IP DISPATCH NAGPUR BRANCH,4,Y
444502,NAGPUR,MAHARASHTRA,NAGPUR RO,R34,IP DISPATCH NAGPUR BRANCH,4,Y
444504,NAGPUR,MAHARASHTRA,NAGPUR RO,R34,IP DISPATCH NAGPUR BRANCH,4,Y
444506,NAGPUR,MAHARASHTRA,NAGPUR RO,R34,IP DISPATCH NAGPUR BRANCH,4,Y
444507,NAGPUR,MAHARASHTRA,NAGPUR RO,R34,IP DISPATCH NAGPUR BRANCH,4,Y
444510,NAGPUR,MAHARASHTRA,NAGPUR RO,R34,IP DISPATCH NAGPUR BRANCH,4,Y
444511,NAGPUR,MAHARASHTRA,NAGPUR RO,R34,IP DISPATCH NAGPUR BRANCH,4,Y
444702,NAGPUR,MAHARASHTRA,NAGPUR RO,R34,IP DISPATCH NAGPUR BRANCH,4,Y
444704,NAGPUR,MAHARASHTRA,NAGPUR RO,R34,IP DISPATCH NAGPUR BRANCH,4,Y
444707,NAGPUR,MAHARASHTRA,NAGPUR RO,R34,IP DISPATCH NAGPUR BRANCH,4,Y
444708,NAGPUR,MAHARASHTRA,NAGPUR RO,R34,IP DISPATCH NAGPUR BRANCH,4,Y
444710,NAGPUR,MAHARASHTRA,NAGPUR RO,R34,IP DISPATCH NAGPUR BRANCH,4,Y
444711,NAGPUR,MAHARASHTRA,NAGPUR RO,R34,IP DISPATCH NAGPUR BRANCH,4,Y
444717,NAGPUR,MAHARASHTRA,NAGPUR RO,R34,IP DISPATCH NAGPUR BRANCH,4,Y
444719,NAGPUR,MAHARASHTRA,NAGPUR RO,R34,IP DISPATCH NAGPUR BRANCH,4,Y
444720,NAGPUR,MAHARASHTRA,NAGPUR RO,R34,IP DISPATCH NAGPUR BRANCH,4,Y
444723,NAGPUR,MAHARASHTRA,NAGPUR RO,R34,IP DISPATCH NAGPUR BRANCH,4,Y
444801,NAGPUR,MAHARASHTRA,NAGPUR RO,R34,IP DISPATCH NAGPUR BRANCH,4,Y
444802,NAGPUR,MAHARASHTRA,NAGPUR RO,R34,IP DISPATCH NAGPUR BRANCH,4,Y
444804,NAGPUR,MAHARASHTRA,NAGPUR RO,R34,IP DISPATCH NAGPUR BRANCH,4,Y
444806,NAGPUR,MAHARASHTRA,NAGPUR RO,R34,IP DISPATCH NAGPUR BRANCH,4,Y
444807,NAGPUR,MAHARASHTRA,NAGPUR RO,R34,IP DISPATCH NAGPUR BRANCH,4,Y
444808,NAGPUR,MAHARASHTRA,NAGPUR RO,R34,IP DISPATCH NAGPUR BRANCH,4,Y
444809,NAGPUR,MAHARASHTRA,NAGPUR RO,R34,IP DISPATCH NAGPUR BRANCH,4,Y
444810,NAGPUR,MAHARASHTRA,NAGPUR RO,R34,IP DISPATCH NAGPUR BRANCH,4,Y
444813,NAGPUR,MAHARASHTRA,NAGPUR RO,R34,IP DISPATCH NAGPUR BRANCH,4,Y
444902,NAGPUR,MAHARASHTRA,NAGPUR RO,R34,IP DISPATCH NAGPUR BRANCH,4,Y
444903,NAGPUR,MAHARASHTRA,NAGPUR RO,R34,IP DISPATCH NAGPUR BRANCH,4,Y
444904,NAGPUR,MAHARASHTRA,NAGPUR RO,R34,IP DISPATCH NAGPUR BRANCH,4,Y
444907,NAGPUR,MAHARASHTRA,NAGPUR RO,R34,IP DISPATCH NAGPUR BRANCH,4,Y
444908,NAGPUR,MAHARASHTRA,NAGPUR RO,R34,IP DISPATCH NAGPUR BRANCH,4,Y
444915,NAGPUR,MAHARASHTRA,NAGPUR RO,R34,IP DISPATCH NAGPUR BRANCH,4,Y
445002,NAGPUR,MAHARASHTRA,NAGPUR RO,R34,IP DISPATCH NAGPUR BRANCH,3,Y
445101,NAGPUR,MAHARASHTRA,NAGPUR RO,R34,IP DISPATCH NAGPUR BRANCH,3,Y
445102,NAGPUR,MAHARASHTRA,NAGPUR RO,R34,IP DISPATCH NAGPUR BRANCH,3,Y
445105,NAGPUR,MAHARASHTRA,NAGPUR RO,R34,IP DISPATCH NAGPUR BRANCH,3,Y
445106,NAGPUR,MAHARASHTRA,NAGPUR RO,R34,IP DISPATCH NAGPUR BRANCH,3,Y
445109,NAGPUR,MAHARASHTRA,NAGPUR RO,R34,IP DISPATCH NAGPUR BRANCH,3,Y
445110,NAGPUR,MAHARASHTRA,NAGPUR RO,R34,IP DISPATCH NAGPUR BRANCH,3,Y
445201,NAGPUR,MAHARASHTRA,NAGPUR RO,R34,IP DISPATCH NAGPUR BRANCH,3,Y
445207,NAGPUR,MAHARASHTRA,NAGPUR RO,R34,IP DISPATCH NAGPUR BRANCH,3,Y
445209,NAGPUR,MAHARASHTRA,NAGPUR RO,R34,IP DISPATCH NAGPUR BRANCH,3,Y
445210,NAGPUR,MAHARASHTRA,NAGPUR RO,R34,IP DISPATCH NAGPUR BRANCH,3,Y
445211,NAGPUR,MAHARASHTRA,NAGPUR RO,R34,IP DISPATCH NAGPUR BRANCH,3,Y
445215,NAGPUR,MAHARASHTRA,NAGPUR RO,R34,IP DISPATCH NAGPUR BRANCH,3,Y
445216,NAGPUR,MAHARASHTRA,NAGPUR RO,R34,IP DISPATCH NAGPUR BRANCH,3,Y
445230,NAGPUR,MAHARASHTRA,NAGPUR RO,R34,IP DISPATCH NAGPUR BRANCH,3,Y
445301,NAGPUR,MAHARASHTRA,NAGPUR RO,R34,IP DISPATCH NAGPUR BRANCH,3,Y
445302,NAGPUR,MAHARASHTRA,NAGPUR RO,R34,IP DISPATCH NAGPUR BRANCH,3,Y
445303,NAGPUR,MAHARASHTRA,NAGPUR RO,R34,IP DISPATCH NAGPUR BRANCH,3,Y
445305,NAGPUR,MAHARASHTRA,NAGPUR RO,R34,IP DISPATCH NAGPUR BRANCH,3,Y
445306,NAGPUR,MAHARASHTRA,NAGPUR RO,R34,IP DISPATCH NAGPUR BRANCH,3,Y
445307,NAGPUR,MAHARASHTRA,NAGPUR RO,R34,IP DISPATCH NAGPUR BRANCH,3,Y
445308,NAGPUR,MAHARASHTRA,NAGPUR RO,R34,IP DISPATCH NAGPUR BRANCH,3,Y
445323,NAGPUR,MAHARASHTRA,NAGPUR RO,R34,IP DISPATCH NAGPUR BRANCH,3,Y
445324,NAGPUR,MAHARASHTRA,NAGPUR RO,R34,IP DISPATCH NAGPUR BRANCH,3,Y
445401,NAGPUR,MAHARASHTRA,NAGPUR RO,R34,IP DISPATCH NAGPUR BRANCH,3,Y
445402,NAGPUR,MAHARASHTRA,NAGPUR RO,R34,IP DISPATCH NAGPUR BRANCH,3,Y
450051,INDORE,MADHYA PRADESH,INDORE REGIONAL OFFICE,I48,IP DISPATCH INDORE BRANCH,3,Y
450110,INDORE,MADHYA PRADESH,INDORE REGIONAL OFFICE,I48,IP DISPATCH INDORE BRANCH,3,Y
450114,INDORE,MADHYA PRADESH,INDORE REGIONAL OFFICE,I48,IP DISPATCH INDORE BRANCH,3,Y
450117,INDORE,MADHYA PRADESH,INDORE REGIONAL OFFICE,I48,IP DISPATCH INDORE BRANCH,3,Y
450119,INDORE,MADHYA PRADESH,INDORE REGIONAL OFFICE,I48,IP DISPATCH INDORE BRANCH,3,Y
450337,INDORE,MADHYA PRADESH,INDORE REGIONAL OFFICE,I48,IP DISPATCH INDORE BRANCH,3,Y
450551,INDORE,MADHYA PRADESH,INDORE REGIONAL OFFICE,I48,IP DISPATCH INDORE BRANCH,3,Y
450554,INDORE,MADHYA PRADESH,INDORE REGIONAL OFFICE,I48,IP DISPATCH INDORE BRANCH,2,Y
450661,INDORE,MADHYA PRADESH,INDORE REGIONAL OFFICE,I48,IP DISPATCH INDORE BRANCH,3,Y
450771,INDORE,MADHYA PRADESH,INDORE REGIONAL OFFICE,I48,IP DISPATCH INDORE BRANCH,2,Y
450881,INDORE,MADHYA PRADESH,INDORE REGIONAL OFFICE,I48,IP DISPATCH INDORE BRANCH,3,Y
450991,INDORE,MADHYA PRADESH,INDORE REGIONAL OFFICE,I48,IP DISPATCH INDORE BRANCH,3,Y
451113,INDORE,MADHYA PRADESH,INDORE REGIONAL OFFICE,I48,IP DISPATCH INDORE BRANCH,3,Y
451114,INDORE,MADHYA PRADESH,INDORE REGIONAL OFFICE,I48,IP DISPATCH INDORE BRANCH,2,Y
451220,INDORE,MADHYA PRADESH,INDORE REGIONAL OFFICE,I48,IP DISPATCH INDORE BRANCH,3,Y
451221,INDORE,MADHYA PRADESH,INDORE REGIONAL OFFICE,I48,IP DISPATCH INDORE BRANCH,3,Y
451225,INDORE,MADHYA PRADESH,INDORE REGIONAL OFFICE,I48,IP DISPATCH INDORE BRANCH,3,Y
451335,INDORE,MADHYA PRADESH,INDORE REGIONAL OFFICE,I48,IP DISPATCH INDORE BRANCH,3,Y
451440,INDORE,MADHYA PRADESH,INDORE REGIONAL OFFICE,I48,IP DISPATCH INDORE BRANCH,3,Y
451441,INDORE,MADHYA PRADESH,INDORE REGIONAL OFFICE,I48,IP DISPATCH INDORE BRANCH,3,Y
451442,INDORE,MADHYA PRADESH,INDORE REGIONAL OFFICE,I48,IP DISPATCH INDORE BRANCH,3,Y
451770,INDORE,MADHYA PRADESH,INDORE REGIONAL OFFICE,I48,IP DISPATCH INDORE BRANCH,3,Y
451881,INDORE,MADHYA PRADESH,INDORE REGIONAL OFFICE,I48,IP DISPATCH INDORE BRANCH,3,Y
453220,INDORE,MADHYA PRADESH,INDORE REGIONAL OFFICE,I48,IP DISPATCH INDORE BRANCH,3,Y
453446,INDORE,MADHYA PRADESH,INDORE REGIONAL OFFICE,I48,IP DISPATCH INDORE BRANCH,3,Y
453551,INDORE,MADHYA PRADESH,INDORE REGIONAL OFFICE,I48,IP DISPATCH INDORE BRANCH,3,Y
453556,INDORE,MADHYA PRADESH,INDORE REGIONAL OFFICE,I48,IP DISPATCH INDORE BRANCH,3,Y
453661,INDORE,MADHYA PRADESH,INDORE REGIONAL OFFICE,I48,IP DISPATCH INDORE BRANCH,3,Y
454010,INDORE,MADHYA PRADESH,INDORE REGIONAL OFFICE,I48,IP DISPATCH INDORE BRANCH,3,Y
454335,INDORE,MADHYA PRADESH,INDORE REGIONAL OFFICE,I48,IP DISPATCH INDORE BRANCH,3,Y
454441,INDORE,MADHYA PRADESH,INDORE REGIONAL OFFICE,I48,IP DISPATCH INDORE BRANCH,3,Y
454773,INDORE,MADHYA PRADESH,INDORE REGIONAL OFFICE,I48,IP DISPATCH INDORE BRANCH,3,Y
455221,INDORE,MADHYA PRADESH,INDORE REGIONAL OFFICE,I48,IP DISPATCH INDORE BRANCH,5,Y
455332,INDORE,MADHYA PRADESH,INDORE REGIONAL OFFICE,I48,IP DISPATCH INDORE BRANCH,4,Y
455339,INDORE,MADHYA PRADESH,INDORE REGIONAL OFFICE,I48,IP DISPATCH INDORE BRANCH,5,Y
455440,INDORE,MADHYA PRADESH,INDORE REGIONAL OFFICE,I48,IP DISPATCH INDORE BRANCH,5,Y
455459,INDORE,MADHYA PRADESH,INDORE REGIONAL OFFICE,I48,IP DISPATCH INDORE BRANCH,5,Y
456003,INDORE,MADHYA PRADESH,INDORE REGIONAL OFFICE,I48,IP DISPATCH INDORE BRANCH,4,Y
456222,INDORE,MADHYA PRADESH,INDORE REGIONAL OFFICE,I48,IP DISPATCH INDORE BRANCH,4,Y
456313,INDORE,MADHYA PRADESH,INDORE REGIONAL OFFICE,I48,IP DISPATCH INDORE BRANCH,5,Y
456337,INDORE,MADHYA PRADESH,INDORE REGIONAL OFFICE,I48,IP DISPATCH INDORE BRANCH,5,Y
456441,INDORE,MADHYA PRADESH,INDORE REGIONAL OFFICE,I48,IP DISPATCH INDORE BRANCH,5,Y
456550,INDORE,MADHYA PRADESH,INDORE REGIONAL OFFICE,I48,IP DISPATCH INDORE BRANCH,5,Y
456661,INDORE,MADHYA PRADESH,INDORE REGIONAL OFFICE,I48,IP DISPATCH INDORE BRANCH,4,Y
456665,INDORE,MADHYA PRADESH,INDORE REGIONAL OFFICE,I48,IP DISPATCH INDORE BRANCH,5,Y
456668,INDORE,MADHYA PRADESH,INDORE REGIONAL OFFICE,I48,IP DISPATCH INDORE BRANCH,5,Y
456770,INDORE,MADHYA PRADESH,INDORE REGIONAL OFFICE,I48,IP DISPATCH INDORE BRANCH,5,Y
456776,INDORE,MADHYA PRADESH,INDORE REGIONAL OFFICE,I48,IP DISPATCH INDORE BRANCH,5,Y
457118,INDORE,MADHYA PRADESH,INDORE REGIONAL OFFICE,I48,IP DISPATCH INDORE BRANCH,4,Y
457119,INDORE,MADHYA PRADESH,INDORE REGIONAL OFFICE,I48,IP DISPATCH INDORE BRANCH,4,Y
457222,INDORE,MADHYA PRADESH,INDORE REGIONAL OFFICE,I48,IP DISPATCH INDORE BRANCH,4,Y
457331,INDORE,MADHYA PRADESH,INDORE REGIONAL OFFICE,I48,IP DISPATCH INDORE BRANCH,4,Y
457333,INDORE,MADHYA PRADESH,INDORE REGIONAL OFFICE,I48,IP DISPATCH INDORE BRANCH,4,Y
457336,INDORE,MADHYA PRADESH,INDORE REGIONAL OFFICE,I48,IP DISPATCH INDORE BRANCH,4,Y
457339,INDORE,MADHYA PRADESH,INDORE REGIONAL OFFICE,I48,IP DISPATCH INDORE BRANCH,4,Y
457340,INDORE,MADHYA PRADESH,INDORE REGIONAL OFFICE,I48,IP DISPATCH INDORE BRANCH,4,Y
457441,INDORE,MADHYA PRADESH,INDORE REGIONAL OFFICE,I48,IP DISPATCH INDORE BRANCH,4,Y
457555,INDORE,MADHYA PRADESH,INDORE REGIONAL OFFICE,I48,IP DISPATCH INDORE BRANCH,4,Y
457770,INDORE,MADHYA PRADESH,INDORE REGIONAL OFFICE,I48,IP DISPATCH INDORE BRANCH,4,Y
457777,INDORE,MADHYA PRADESH,INDORE REGIONAL OFFICE,I48,IP DISPATCH INDORE BRANCH,4,Y
457882,INDORE,MADHYA PRADESH,INDORE REGIONAL OFFICE,I48,IP DISPATCH INDORE BRANCH,4,Y
457885,INDORE,MADHYA PRADESH,INDORE REGIONAL OFFICE,I48,IP DISPATCH INDORE BRANCH,4,Y
457888,INDORE,MADHYA PRADESH,INDORE REGIONAL OFFICE,I48,IP DISPATCH INDORE BRANCH,4,Y
457990,INDORE,MADHYA PRADESH,INDORE REGIONAL OFFICE,I48,IP DISPATCH INDORE BRANCH,4,Y
457993,INDORE,MADHYA PRADESH,INDORE REGIONAL OFFICE,I48,IP DISPATCH INDORE BRANCH,4,Y
458113,INDORE,MADHYA PRADESH,INDORE REGIONAL OFFICE,I48,IP DISPATCH INDORE BRANCH,4,Y
458116,INDORE,MADHYA PRADESH,INDORE REGIONAL OFFICE,I48,IP DISPATCH INDORE BRANCH,4,Y
458220,INDORE,MADHYA PRADESH,INDORE REGIONAL OFFICE,I48,IP DISPATCH INDORE BRANCH,4,Y
458226,INDORE,MADHYA PRADESH,INDORE REGIONAL OFFICE,I48,IP DISPATCH INDORE BRANCH,4,Y
458228,INDORE,MADHYA PRADESH,INDORE REGIONAL OFFICE,I48,IP DISPATCH INDORE BRANCH,4,Y
458330,INDORE,MADHYA PRADESH,INDORE REGIONAL OFFICE,I48,IP DISPATCH INDORE BRANCH,4,Y
458336,INDORE,MADHYA PRADESH,INDORE REGIONAL OFFICE,I48,IP DISPATCH INDORE BRANCH,4,Y
458339,INDORE,MADHYA PRADESH,INDORE REGIONAL OFFICE,I48,IP DISPATCH INDORE BRANCH,4,Y
458389,INDORE,MADHYA PRADESH,INDORE REGIONAL OFFICE,I48,IP DISPATCH INDORE BRANCH,4,Y
458470,INDORE,MADHYA PRADESH,INDORE REGIONAL OFFICE,I48,IP DISPATCH INDORE BRANCH,4,Y
458553,INDORE,MADHYA PRADESH,INDORE REGIONAL OFFICE,I48,IP DISPATCH INDORE BRANCH,4,Y
458556,INDORE,MADHYA PRADESH,INDORE REGIONAL OFFICE,I48,IP DISPATCH INDORE BRANCH,4,Y
458558,INDORE,MADHYA PRADESH,INDORE REGIONAL OFFICE,I48,IP DISPATCH INDORE BRANCH,4,Y
458669,INDORE,MADHYA PRADESH,INDORE REGIONAL OFFICE,I48,IP DISPATCH INDORE BRANCH,4,Y
458771,INDORE,MADHYA PRADESH,INDORE REGIONAL OFFICE,I48,IP DISPATCH INDORE BRANCH,4,Y
458778,INDORE,MADHYA PRADESH,INDORE REGIONAL OFFICE,I48,IP DISPATCH INDORE BRANCH,4,Y
458880,INDORE,MADHYA PRADESH,INDORE REGIONAL OFFICE,I48,IP DISPATCH INDORE BRANCH,4,Y
458895,INDORE,MADHYA PRADESH,INDORE REGIONAL OFFICE,I48,IP DISPATCH INDORE BRANCH,4,Y
460330,INDORE,MADHYA PRADESH,INDORE REGIONAL OFFICE,I48,IP DISPATCH INDORE BRANCH,5,Y
460440,INDORE,MADHYA PRADESH,INDORE REGIONAL OFFICE,I48,IP DISPATCH INDORE BRANCH,5,Y
460443,INDORE,MADHYA PRADESH,INDORE REGIONAL OFFICE,I48,IP DISPATCH INDORE BRANCH,5,Y
460553,INDORE,MADHYA PRADESH,INDORE REGIONAL OFFICE,I48,IP DISPATCH INDORE BRANCH,5,Y
460554,INDORE,MADHYA PRADESH,INDORE REGIONAL OFFICE,I48,IP DISPATCH INDORE BRANCH,5,Y
460557,INDORE,MADHYA PRADESH,INDORE REGIONAL OFFICE,I48,IP DISPATCH INDORE BRANCH,5,Y
460663,INDORE,MADHYA PRADESH,INDORE REGIONAL OFFICE,I48,IP DISPATCH INDORE BRANCH,5,Y
460665,INDORE,MADHYA PRADESH,INDORE REGIONAL OFFICE,I48,IP DISPATCH INDORE BRANCH,5,Y
460666,INDORE,MADHYA PRADESH,INDORE REGIONAL OFFICE,I48,IP DISPATCH INDORE BRANCH,5,Y
460668,INDORE,MADHYA PRADESH,INDORE REGIONAL OFFICE,I48,IP DISPATCH INDORE BRANCH,5,Y
461110,INDORE,MADHYA PRADESH,INDORE REGIONAL OFFICE,I48,IP DISPATCH INDORE BRANCH,5,Y
461114,INDORE,MADHYA PRADESH,INDORE REGIONAL OFFICE,I48,IP DISPATCH INDORE BRANCH,5,Y
461115,INDORE,MADHYA PRADESH,INDORE REGIONAL OFFICE,I48,IP DISPATCH INDORE BRANCH,5,Y
461116,INDORE,MADHYA PRADESH,INDORE REGIONAL OFFICE,I48,IP DISPATCH INDORE BRANCH,5,Y
461122,INDORE,MADHYA PRADESH,INDORE REGIONAL OFFICE,I48,IP DISPATCH INDORE BRANCH,5,Y
461221,INDORE,MADHYA PRADESH,INDORE REGIONAL OFFICE,I48,IP DISPATCH INDORE BRANCH,5,Y
461335,INDORE,MADHYA PRADESH,INDORE REGIONAL OFFICE,I48,IP DISPATCH INDORE BRANCH,6,Y
461446,INDORE,MADHYA PRADESH,INDORE REGIONAL OFFICE,I48,IP DISPATCH INDORE BRANCH,5,Y
461551,INDORE,MADHYA PRADESH,INDORE REGIONAL OFFICE,I48,IP DISPATCH INDORE BRANCH,5,Y
461668,INDORE,MADHYA PRADESH,INDORE REGIONAL OFFICE,I48,IP DISPATCH INDORE BRANCH,5,Y
461990,INDORE,MADHYA PRADESH,INDORE REGIONAL OFFICE,I48,IP DISPATCH INDORE BRANCH,5,Y
462040,INDORE,MADHYA PRADESH,INDORE REGIONAL OFFICE,I48,IP DISPATCH INDORE BRANCH,4,Y
462100,INDORE,MADHYA PRADESH,INDORE REGIONAL OFFICE,I48,IP DISPATCH INDORE BRANCH,4,Y
462101,INDORE,MADHYA PRADESH,INDORE REGIONAL OFFICE,I48,IP DISPATCH INDORE BRANCH,4,Y
462120,INDORE,MADHYA PRADESH,INDORE REGIONAL OFFICE,I48,IP DISPATCH INDORE BRANCH,4,Y
463111,INDORE,MADHYA PRADESH,INDORE REGIONAL OFFICE,I48,IP DISPATCH INDORE BRANCH,4,Y
464111,INDORE,MADHYA PRADESH,INDORE REGIONAL OFFICE,I48,IP DISPATCH INDORE BRANCH,4,Y
464113,INDORE,MADHYA PRADESH,INDORE REGIONAL OFFICE,I48,IP DISPATCH INDORE BRANCH,4,Y
464114,INDORE,MADHYA PRADESH,INDORE REGIONAL OFFICE,I48,IP DISPATCH INDORE BRANCH,4,Y
464220,INDORE,MADHYA PRADESH,INDORE REGIONAL OFFICE,I48,IP DISPATCH INDORE BRANCH,4,Y
464224,INDORE,MADHYA PRADESH,INDORE REGIONAL OFFICE,I48,IP DISPATCH INDORE BRANCH,4,Y
464226,INDORE,MADHYA PRADESH,INDORE REGIONAL OFFICE,I48,IP DISPATCH INDORE BRANCH,4,Y
464240,INDORE,MADHYA PRADESH,INDORE REGIONAL OFFICE,I48,IP DISPATCH INDORE BRANCH,4,Y
464258,INDORE,MADHYA PRADESH,INDORE REGIONAL OFFICE,I48,IP DISPATCH INDORE BRANCH,4,Y
464331,INDORE,MADHYA PRADESH,INDORE REGIONAL OFFICE,I48,IP DISPATCH INDORE BRANCH,4,Y
464334,INDORE,MADHYA PRADESH,INDORE REGIONAL OFFICE,I48,IP DISPATCH INDORE BRANCH,4,Y
464337,INDORE,MADHYA PRADESH,INDORE REGIONAL OFFICE,I48,IP DISPATCH INDORE BRANCH,4,Y
464570,INDORE,MADHYA PRADESH,INDORE REGIONAL OFFICE,I48,IP DISPATCH INDORE BRANCH,4,Y
464573,INDORE,MADHYA PRADESH,INDORE REGIONAL OFFICE,I48,IP DISPATCH INDORE BRANCH,4,Y
464651,INDORE,MADHYA PRADESH,INDORE REGIONAL OFFICE,I48,IP DISPATCH INDORE BRANCH,4,Y
464661,INDORE,MADHYA PRADESH,INDORE REGIONAL OFFICE,I48,IP DISPATCH INDORE BRANCH,4,Y
464671,INDORE,MADHYA PRADESH,INDORE REGIONAL OFFICE,I48,IP DISPATCH INDORE BRANCH,4,Y
464672,INDORE,MADHYA PRADESH,INDORE REGIONAL OFFICE,I48,IP DISPATCH INDORE BRANCH,4,Y
464774,INDORE,MADHYA PRADESH,INDORE REGIONAL OFFICE,I48,IP DISPATCH INDORE BRANCH,4,Y
464986,INDORE,MADHYA PRADESH,INDORE REGIONAL OFFICE,I48,IP DISPATCH INDORE BRANCH,4,Y
464990,INDORE,MADHYA PRADESH,INDORE REGIONAL OFFICE,I48,IP DISPATCH INDORE BRANCH,4,Y
465110,INDORE,MADHYA PRADESH,INDORE REGIONAL OFFICE,I48,IP DISPATCH INDORE BRANCH,3,Y
465113,INDORE,MADHYA PRADESH,INDORE REGIONAL OFFICE,I48,IP DISPATCH INDORE BRANCH,3,Y
465116,INDORE,MADHYA PRADESH,INDORE REGIONAL OFFICE,I48,IP DISPATCH INDORE BRANCH,3,Y
465118,INDORE,MADHYA PRADESH,INDORE REGIONAL OFFICE,I48,IP DISPATCH INDORE BRANCH,3,Y
465220,INDORE,MADHYA PRADESH,INDORE REGIONAL OFFICE,I48,IP DISPATCH INDORE BRANCH,3,Y
465223,INDORE,MADHYA PRADESH,INDORE REGIONAL OFFICE,I48,IP DISPATCH INDORE BRANCH,3,Y
465226,INDORE,MADHYA PRADESH,INDORE REGIONAL OFFICE,I48,IP DISPATCH INDORE BRANCH,3,Y
465227,INDORE,MADHYA PRADESH,INDORE REGIONAL OFFICE,I48,IP DISPATCH INDORE BRANCH,4,Y
465230,INDORE,MADHYA PRADESH,INDORE REGIONAL OFFICE,I48,IP DISPATCH INDORE BRANCH,4,Y
465335,INDORE,MADHYA PRADESH,INDORE REGIONAL OFFICE,I48,IP DISPATCH INDORE BRANCH,4,Y
465337,INDORE,MADHYA PRADESH,INDORE REGIONAL OFFICE,I48,IP DISPATCH INDORE BRANCH,4,Y
465339,INDORE,MADHYA PRADESH,INDORE REGIONAL OFFICE,I48,IP DISPATCH INDORE BRANCH,4,Y
465550,INDORE,MADHYA PRADESH,INDORE REGIONAL OFFICE,I48,IP DISPATCH INDORE BRANCH,4,Y
465677,INDORE,MADHYA PRADESH,INDORE REGIONAL OFFICE,I48,IP DISPATCH INDORE BRANCH,4,Y
465680,INDORE,MADHYA PRADESH,INDORE REGIONAL OFFICE,I48,IP DISPATCH INDORE BRANCH,4,Y
465685,INDORE,MADHYA PRADESH,INDORE REGIONAL OFFICE,I48,IP DISPATCH INDORE BRANCH,4,Y
465687,INDORE,MADHYA PRADESH,INDORE REGIONAL OFFICE,I48,IP DISPATCH INDORE BRANCH,4,Y
465689,INDORE,MADHYA PRADESH,INDORE REGIONAL OFFICE,I48,IP DISPATCH INDORE BRANCH,4,Y
465693,INDORE,MADHYA PRADESH,INDORE REGIONAL OFFICE,I48,IP DISPATCH INDORE BRANCH,4,Y
466111,INDORE,MADHYA PRADESH,INDORE REGIONAL OFFICE,I48,IP DISPATCH INDORE BRANCH,4,Y
466113,INDORE,MADHYA PRADESH,INDORE REGIONAL OFFICE,I48,IP DISPATCH INDORE BRANCH,4,Y
466118,INDORE,MADHYA PRADESH,INDORE REGIONAL OFFICE,I48,IP DISPATCH INDORE BRANCH,4,Y
466120,INDORE,MADHYA PRADESH,INDORE REGIONAL OFFICE,I48,IP DISPATCH INDORE BRANCH,4,Y
466125,INDORE,MADHYA PRADESH,INDORE REGIONAL OFFICE,I48,IP DISPATCH INDORE BRANCH,4,Y
466448,INDORE,MADHYA PRADESH,INDORE REGIONAL OFFICE,I48,IP DISPATCH INDORE BRANCH,4,Y
466554,INDORE,MADHYA PRADESH,INDORE REGIONAL OFFICE,I48,IP DISPATCH INDORE BRANCH,4,Y
466651,INDORE,MADHYA PRADESH,INDORE REGIONAL OFFICE,I48,IP DISPATCH INDORE BRANCH,4,Y
466661,INDORE,MADHYA PRADESH,INDORE REGIONAL OFFICE,I48,IP DISPATCH INDORE BRANCH,4,Y
466665,INDORE,MADHYA PRADESH,INDORE REGIONAL OFFICE,I48,IP DISPATCH INDORE BRANCH,4,Y
470003,INDORE,MADHYA PRADESH,INDORE REGIONAL OFFICE,I48,IP DISPATCH INDORE BRANCH,5,Y
470021,INDORE,MADHYA PRADESH,INDORE REGIONAL OFFICE,I48,IP DISPATCH INDORE BRANCH,5,Y
470051,INDORE,MADHYA PRADESH,INDORE REGIONAL OFFICE,I48,IP DISPATCH INDORE BRANCH,5,Y
470115,INDORE,MADHYA PRADESH,INDORE REGIONAL OFFICE,I48,IP DISPATCH INDORE BRANCH,5,Y
470118,INDORE,MADHYA PRADESH,INDORE REGIONAL OFFICE,I48,IP DISPATCH INDORE BRANCH,5,Y
470120,INDORE,MADHYA PRADESH,INDORE REGIONAL OFFICE,I48,IP DISPATCH INDORE BRANCH,5,Y
470125,INDORE,MADHYA PRADESH,INDORE REGIONAL OFFICE,I48,IP DISPATCH INDORE BRANCH,5,Y
470221,INDORE,MADHYA PRADESH,INDORE REGIONAL OFFICE,I48,IP DISPATCH INDORE BRANCH,5,Y
470223,INDORE,MADHYA PRADESH,INDORE REGIONAL OFFICE,I48,IP DISPATCH INDORE BRANCH,5,Y
470228,INDORE,MADHYA PRADESH,INDORE REGIONAL OFFICE,I48,IP DISPATCH INDORE BRANCH,5,Y
470232,INDORE,MADHYA PRADESH,INDORE REGIONAL OFFICE,I48,IP DISPATCH INDORE BRANCH,5,Y
470337,INDORE,MADHYA PRADESH,INDORE REGIONAL OFFICE,I48,IP DISPATCH INDORE BRANCH,5,Y
470339,INDORE,MADHYA PRADESH,INDORE REGIONAL OFFICE,I48,IP DISPATCH INDORE BRANCH,5,Y
470340,INDORE,MADHYA PRADESH,INDORE REGIONAL OFFICE,I48,IP DISPATCH INDORE BRANCH,5,Y
470442,INDORE,MADHYA PRADESH,INDORE REGIONAL OFFICE,I48,IP DISPATCH INDORE BRANCH,5,Y
470663,INDORE,MADHYA PRADESH,INDORE REGIONAL OFFICE,I48,IP DISPATCH INDORE BRANCH,5,Y
470664,INDORE,MADHYA PRADESH,INDORE REGIONAL OFFICE,I48,IP DISPATCH INDORE BRANCH,5,Y
470666,INDORE,MADHYA PRADESH,INDORE REGIONAL OFFICE,I48,IP DISPATCH INDORE BRANCH,5,Y
470669,INDORE,MADHYA PRADESH,INDORE REGIONAL OFFICE,I48,IP DISPATCH INDORE BRANCH,5,Y
470672,INDORE,MADHYA PRADESH,INDORE REGIONAL OFFICE,I48,IP DISPATCH INDORE BRANCH,5,Y
470673,INDORE,MADHYA PRADESH,INDORE REGIONAL OFFICE,I48,IP DISPATCH INDORE BRANCH,5,Y
470675,INDORE,MADHYA PRADESH,INDORE REGIONAL OFFICE,I48,IP DISPATCH INDORE BRANCH,5,Y
470771,INDORE,MADHYA PRADESH,INDORE REGIONAL OFFICE,I48,IP DISPATCH INDORE BRANCH,5,Y
470772,INDORE,MADHYA PRADESH,INDORE REGIONAL OFFICE,I48,IP DISPATCH INDORE BRANCH,5,Y
470775,INDORE,MADHYA PRADESH,INDORE REGIONAL OFFICE,I48,IP DISPATCH INDORE BRANCH,5,Y
470776,INDORE,MADHYA PRADESH,INDORE REGIONAL OFFICE,I48,IP DISPATCH INDORE BRANCH,6,Y
470880,INDORE,MADHYA PRADESH,INDORE REGIONAL OFFICE,I48,IP DISPATCH INDORE BRANCH,5,Y
470881,INDORE,MADHYA PRADESH,INDORE REGIONAL OFFICE,I48,IP DISPATCH INDORE BRANCH,5,Y
471101,INDORE,MADHYA PRADESH,INDORE REGIONAL OFFICE,I48,IP DISPATCH INDORE BRANCH,5,Y
471105,INDORE,MADHYA PRADESH,INDORE REGIONAL OFFICE,I48,IP DISPATCH INDORE BRANCH,5,Y
471111,INDORE,MADHYA PRADESH,INDORE REGIONAL OFFICE,I48,IP DISPATCH INDORE BRANCH,5,Y
471301,INDORE,MADHYA PRADESH,INDORE REGIONAL OFFICE,I48,IP DISPATCH INDORE BRANCH,5,Y
471311,INDORE,MADHYA PRADESH,INDORE REGIONAL OFFICE,I48,IP DISPATCH INDORE BRANCH,5,Y
471313,INDORE,MADHYA PRADESH,INDORE REGIONAL OFFICE,I48,IP DISPATCH INDORE BRANCH,5,Y
471315,INDORE,MADHYA PRADESH,INDORE REGIONAL OFFICE,I48,IP DISPATCH INDORE BRANCH,5,Y
471318,INDORE,MADHYA PRADESH,INDORE REGIONAL OFFICE,I48,IP DISPATCH INDORE BRANCH,5,Y
471405,INDORE,MADHYA PRADESH,INDORE REGIONAL OFFICE,I48,IP DISPATCH INDORE BRANCH,5,Y
471408,INDORE,MADHYA PRADESH,INDORE REGIONAL OFFICE,I48,IP DISPATCH INDORE BRANCH,5,Y
471411,INDORE,MADHYA PRADESH,INDORE REGIONAL OFFICE,I48,IP DISPATCH INDORE BRANCH,5,Y
471501,INDORE,MADHYA PRADESH,INDORE REGIONAL OFFICE,I48,IP DISPATCH INDORE BRANCH,5,Y
471510,INDORE,MADHYA PRADESH,INDORE REGIONAL OFFICE,I48,IP DISPATCH INDORE BRANCH,5,Y
471515,INDORE,MADHYA PRADESH,INDORE REGIONAL OFFICE,I48,IP DISPATCH INDORE BRANCH,5,Y
471516,INDORE,MADHYA PRADESH,INDORE REGIONAL OFFICE,I48,IP DISPATCH INDORE BRANCH,5,Y
471525,INDORE,MADHYA PRADESH,INDORE REGIONAL OFFICE,I48,IP DISPATCH INDORE BRANCH,5,Y
471625,INDORE,MADHYA PRADESH,INDORE REGIONAL OFFICE,I48,IP DISPATCH INDORE BRANCH,5,Y
472005,INDORE,MADHYA PRADESH,INDORE REGIONAL OFFICE,I48,IP DISPATCH INDORE BRANCH,5,Y
472010,INDORE,MADHYA PRADESH,INDORE REGIONAL OFFICE,I48,IP DISPATCH INDORE BRANCH,5,Y
472101,INDORE,MADHYA PRADESH,INDORE REGIONAL OFFICE,I48,IP DISPATCH INDORE BRANCH,5,Y
472111,INDORE,MADHYA PRADESH,INDORE REGIONAL OFFICE,I48,IP DISPATCH INDORE BRANCH,5,Y
472115,INDORE,MADHYA PRADESH,INDORE REGIONAL OFFICE,I48,IP DISPATCH INDORE BRANCH,5,Y
472118,INDORE,MADHYA PRADESH,INDORE REGIONAL OFFICE,I48,IP DISPATCH INDORE BRANCH,5,Y
472221,INDORE,MADHYA PRADESH,INDORE REGIONAL OFFICE,I48,IP DISPATCH INDORE BRANCH,5,Y
472246,INDORE,MADHYA PRADESH,INDORE REGIONAL OFFICE,I48,IP DISPATCH INDORE BRANCH,5,Y
472331,INDORE,MADHYA PRADESH,INDORE REGIONAL OFFICE,I48,IP DISPATCH INDORE BRANCH,5,Y
472337,INDORE,MADHYA PRADESH,INDORE REGIONAL OFFICE,I48,IP DISPATCH INDORE BRANCH,5,Y
472339,INDORE,MADHYA PRADESH,INDORE REGIONAL OFFICE,I48,IP DISPATCH INDORE BRANCH,5,Y
472445,INDORE,MADHYA PRADESH,INDORE REGIONAL OFFICE,I48,IP DISPATCH INDORE BRANCH,5,Y
472447,INDORE,MADHYA PRADESH,INDORE REGIONAL OFFICE,I48,IP DISPATCH INDORE BRANCH,5,Y
473105,INDORE,MADHYA PRADESH,INDORE REGIONAL OFFICE,I48,IP DISPATCH INDORE BRANCH,5,Y
473110,INDORE,MADHYA PRADESH,INDORE REGIONAL OFFICE,I48,IP DISPATCH INDORE BRANCH,5,Y
473111,INDORE,MADHYA PRADESH,INDORE REGIONAL OFFICE,I48,IP DISPATCH INDORE BRANCH,5,Y
473113,INDORE,MADHYA PRADESH,INDORE REGIONAL OFFICE,I48,IP DISPATCH INDORE BRANCH,5,Y
473115,INDORE,MADHYA PRADESH,INDORE REGIONAL OFFICE,I48,IP DISPATCH INDORE BRANCH,5,Y
473118,INDORE,MADHYA PRADESH,INDORE REGIONAL OFFICE,I48,IP DISPATCH INDORE BRANCH,5,Y
473222,INDORE,MADHYA PRADESH,INDORE REGIONAL OFFICE,I48,IP DISPATCH INDORE BRANCH,5,Y
473249,INDORE,MADHYA PRADESH,INDORE REGIONAL OFFICE,I48,IP DISPATCH INDORE BRANCH,5,Y
473330,INDORE,MADHYA PRADESH,INDORE REGIONAL OFFICE,I48,IP DISPATCH INDORE BRANCH,5,Y
473332,INDORE,MADHYA PRADESH,INDORE REGIONAL OFFICE,I48,IP DISPATCH INDORE BRANCH,5,Y
473335,INDORE,MADHYA PRADESH,INDORE REGIONAL OFFICE,I48,IP DISPATCH INDORE BRANCH,5,Y
473440,INDORE,MADHYA PRADESH,INDORE REGIONAL OFFICE,I48,IP DISPATCH INDORE BRANCH,5,Y
473444,INDORE,MADHYA PRADESH,INDORE REGIONAL OFFICE,I48,IP DISPATCH INDORE BRANCH,5,Y
473445,INDORE,MADHYA PRADESH,INDORE REGIONAL OFFICE,I48,IP DISPATCH INDORE BRANCH,5,Y
473447,INDORE,MADHYA PRADESH,INDORE REGIONAL OFFICE,I48,IP DISPATCH INDORE BRANCH,2,Y
473585,INDORE,MADHYA PRADESH,INDORE REGIONAL OFFICE,I48,IP DISPATCH INDORE BRANCH,5,Y
473638,INDORE,MADHYA PRADESH,INDORE REGIONAL OFFICE,I48,IP DISPATCH INDORE BRANCH,5,Y
473662,INDORE,MADHYA PRADESH,INDORE REGIONAL OFFICE,I48,IP DISPATCH INDORE BRANCH,5,Y
473665,INDORE,MADHYA PRADESH,INDORE REGIONAL OFFICE,I48,IP DISPATCH INDORE BRANCH,5,Y
473670,INDORE,MADHYA PRADESH,INDORE REGIONAL OFFICE,I48,IP DISPATCH INDORE BRANCH,5,Y
473770,INDORE,MADHYA PRADESH,INDORE REGIONAL OFFICE,I48,IP DISPATCH INDORE BRANCH,5,Y
473773,INDORE,MADHYA PRADESH,INDORE REGIONAL OFFICE,I48,IP DISPATCH INDORE BRANCH,3,Y
473774,INDORE,MADHYA PRADESH,INDORE REGIONAL OFFICE,I48,IP DISPATCH INDORE BRANCH,5,Y
473775,INDORE,MADHYA PRADESH,INDORE REGIONAL OFFICE,I48,IP DISPATCH INDORE BRANCH,5,Y
473781,INDORE,MADHYA PRADESH,INDORE REGIONAL OFFICE,I48,IP DISPATCH INDORE BRANCH,5,Y
473793,INDORE,MADHYA PRADESH,INDORE REGIONAL OFFICE,I48,IP DISPATCH INDORE BRANCH,5,Y
473865,INDORE,MADHYA PRADESH,INDORE REGIONAL OFFICE,I48,IP DISPATCH INDORE BRANCH,5,Y
473880,INDORE,MADHYA PRADESH,INDORE REGIONAL OFFICE,I48,IP DISPATCH INDORE BRANCH,5,Y
473885,INDORE,MADHYA PRADESH,INDORE REGIONAL OFFICE,I48,IP DISPATCH INDORE BRANCH,5,Y
473990,INDORE,MADHYA PRADESH,INDORE REGIONAL OFFICE,I48,IP DISPATCH INDORE BRANCH,3,Y
473995,INDORE,MADHYA PRADESH,INDORE REGIONAL OFFICE,I48,IP DISPATCH INDORE BRANCH,5,Y
475001,INDORE,MADHYA PRADESH,INDORE REGIONAL OFFICE,I48,IP DISPATCH INDORE BRANCH,6,Y
475002,INDORE,MADHYA PRADESH,INDORE REGIONAL OFFICE,I48,IP DISPATCH INDORE BRANCH,6,Y
475115,INDORE,MADHYA PRADESH,INDORE REGIONAL OFFICE,I48,IP DISPATCH INDORE BRANCH,6,Y
475220,INDORE,MADHYA PRADESH,INDORE REGIONAL OFFICE,I48,IP DISPATCH INDORE BRANCH,6,Y
475331,INDORE,MADHYA PRADESH,INDORE REGIONAL OFFICE,I48,IP DISPATCH INDORE BRANCH,5,Y
475335,INDORE,MADHYA PRADESH,INDORE REGIONAL OFFICE,I48,IP DISPATCH INDORE BRANCH,5,Y
475336,INDORE,MADHYA PRADESH,INDORE REGIONAL OFFICE,I48,IP DISPATCH INDORE BRANCH,5,Y
475671,INDORE,MADHYA PRADESH,INDORE REGIONAL OFFICE,I48,IP DISPATCH INDORE BRANCH,5,Y
475673,INDORE,MADHYA PRADESH,INDORE REGIONAL OFFICE,I48,IP DISPATCH INDORE BRANCH,5,Y
475675,INDORE,MADHYA PRADESH,INDORE REGIONAL OFFICE,I48,IP DISPATCH INDORE BRANCH,5,Y
475682,INDORE,MADHYA PRADESH,INDORE REGIONAL OFFICE,I48,IP DISPATCH INDORE BRANCH,5,Y
475685,INDORE,MADHYA PRADESH,INDORE REGIONAL OFFICE,I48,IP DISPATCH INDORE BRANCH,5,Y
476115,INDORE,MADHYA PRADESH,INDORE REGIONAL OFFICE,I48,IP DISPATCH INDORE BRANCH,6,Y
476134,INDORE,MADHYA PRADESH,INDORE REGIONAL OFFICE,I48,IP DISPATCH INDORE BRANCH,6,Y
476219,INDORE,MADHYA PRADESH,INDORE REGIONAL OFFICE,I48,IP DISPATCH INDORE BRANCH,6,Y
476221,INDORE,MADHYA PRADESH,INDORE REGIONAL OFFICE,I48,IP DISPATCH INDORE BRANCH,6,Y
476224,INDORE,MADHYA PRADESH,INDORE REGIONAL OFFICE,I48,IP DISPATCH INDORE BRANCH,6,Y
476228,INDORE,MADHYA PRADESH,INDORE REGIONAL OFFICE,I48,IP DISPATCH INDORE BRANCH,6,Y
476229,INDORE,MADHYA PRADESH,INDORE REGIONAL OFFICE,I48,IP DISPATCH INDORE BRANCH,6,Y
476332,INDORE,MADHYA PRADESH,INDORE REGIONAL OFFICE,I48,IP DISPATCH INDORE BRANCH,5,Y
476335,INDORE,MADHYA PRADESH,INDORE REGIONAL OFFICE,I48,IP DISPATCH INDORE BRANCH,5,Y
476339,INDORE,MADHYA PRADESH,INDORE REGIONAL OFFICE,I48,IP DISPATCH INDORE BRANCH,5,Y
476355,INDORE,MADHYA PRADESH,INDORE REGIONAL OFFICE,I48,IP DISPATCH INDORE BRANCH,5,Y
476554,INDORE,MADHYA PRADESH,INDORE REGIONAL OFFICE,I48,IP DISPATCH INDORE BRANCH,6,Y
477105,INDORE,MADHYA PRADESH,INDORE REGIONAL OFFICE,I48,IP DISPATCH INDORE BRANCH,5,Y
477111,INDORE,MADHYA PRADESH,INDORE REGIONAL OFFICE,I48,IP DISPATCH INDORE BRANCH,5,Y
477222,INDORE,MADHYA PRADESH,INDORE REGIONAL OFFICE,I48,IP DISPATCH INDORE BRANCH,5,Y
477227,INDORE,MADHYA PRADESH,INDORE REGIONAL OFFICE,I48,IP DISPATCH INDORE BRANCH,5,Y
477331,INDORE,MADHYA PRADESH,INDORE REGIONAL OFFICE,I48,IP DISPATCH INDORE BRANCH,5,Y
477332,INDORE,MADHYA PRADESH,INDORE REGIONAL OFFICE,I48,IP DISPATCH INDORE BRANCH,5,Y
477333,INDORE,MADHYA PRADESH,INDORE REGIONAL OFFICE,I48,IP DISPATCH INDORE BRANCH,5,Y
477335,INDORE,MADHYA PRADESH,INDORE REGIONAL OFFICE,I48,IP DISPATCH INDORE BRANCH,5,Y
477441,INDORE,MADHYA PRADESH,INDORE REGIONAL OFFICE,I48,IP DISPATCH INDORE BRANCH,5,Y
477446,INDORE,MADHYA PRADESH,INDORE REGIONAL OFFICE,I48,IP DISPATCH INDORE BRANCH,5,Y
477447,INDORE,MADHYA PRADESH,INDORE REGIONAL OFFICE,I48,IP DISPATCH INDORE BRANCH,5,Y
477449,INDORE,MADHYA PRADESH,INDORE REGIONAL OFFICE,I48,IP DISPATCH INDORE BRANCH,5,Y
477450,INDORE,MADHYA PRADESH,INDORE REGIONAL OFFICE,I48,IP DISPATCH INDORE BRANCH,5,Y
477555,INDORE,MADHYA PRADESH,INDORE REGIONAL OFFICE,I48,IP DISPATCH INDORE BRANCH,5,Y
477557,INDORE,MADHYA PRADESH,INDORE REGIONAL OFFICE,I48,IP DISPATCH INDORE BRANCH,4,Y
477566,INDORE,MADHYA PRADESH,INDORE REGIONAL OFFICE,I48,IP DISPATCH INDORE BRANCH,5,Y
477660,INDORE,MADHYA PRADESH,INDORE REGIONAL OFFICE,I48,IP DISPATCH INDORE BRANCH,5,Y
480105,INDORE,MADHYA PRADESH,INDORE REGIONAL OFFICE,I48,IP DISPATCH INDORE BRANCH,5,Y
480107,INDORE,MADHYA PRADESH,INDORE REGIONAL OFFICE,I48,IP DISPATCH INDORE BRANCH,5,Y
480108,INDORE,MADHYA PRADESH,INDORE REGIONAL OFFICE,I48,IP DISPATCH INDORE BRANCH,5,Y
480109,INDORE,MADHYA PRADESH,INDORE REGIONAL OFFICE,I48,IP DISPATCH INDORE BRANCH,5,Y
480110,INDORE,MADHYA PRADESH,INDORE REGIONAL OFFICE,I48,IP DISPATCH INDORE BRANCH,5,Y
480111,INDORE,MADHYA PRADESH,INDORE REGIONAL OFFICE,I48,IP DISPATCH INDORE BRANCH,5,Y
480112,INDORE,MADHYA PRADESH,INDORE REGIONAL OFFICE,I48,IP DISPATCH INDORE BRANCH,5,Y
480115,INDORE,MADHYA PRADESH,INDORE REGIONAL OFFICE,I48,IP DISPATCH INDORE BRANCH,5,Y
480221,INDORE,MADHYA PRADESH,INDORE REGIONAL OFFICE,I48,IP DISPATCH INDORE BRANCH,5,Y
480223,INDORE,MADHYA PRADESH,INDORE REGIONAL OFFICE,I48,IP DISPATCH INDORE BRANCH,5,Y
480224,INDORE,MADHYA PRADESH,INDORE REGIONAL OFFICE,I48,IP DISPATCH INDORE BRANCH,5,Y
480331,INDORE,MADHYA PRADESH,INDORE REGIONAL OFFICE,I48,IP DISPATCH INDORE BRANCH,5,Y
480337,INDORE,MADHYA PRADESH,INDORE REGIONAL OFFICE,I48,IP DISPATCH INDORE BRANCH,5,Y
480338,INDORE,MADHYA PRADESH,INDORE REGIONAL OFFICE,I48,IP DISPATCH INDORE BRANCH,5,Y
480447,INDORE,MADHYA PRADESH,INDORE REGIONAL OFFICE,I48,IP DISPATCH INDORE BRANCH,5,Y
480449,INDORE,MADHYA PRADESH,INDORE REGIONAL OFFICE,I48,IP DISPATCH INDORE BRANCH,5,Y
480551,INDORE,MADHYA PRADESH,INDORE REGIONAL OFFICE,I48,IP DISPATCH INDORE BRANCH,5,Y
480555,INDORE,MADHYA PRADESH,INDORE REGIONAL OFFICE,I48,IP DISPATCH INDORE BRANCH,5,Y
480557,INDORE,MADHYA PRADESH,INDORE REGIONAL OFFICE,I48,IP DISPATCH INDORE BRANCH,5,Y
480559,INDORE,MADHYA PRADESH,INDORE REGIONAL OFFICE,I48,IP DISPATCH INDORE BRANCH,5,Y
480771,INDORE,MADHYA PRADESH,INDORE REGIONAL OFFICE,I48,IP DISPATCH INDORE BRANCH,5,Y
480880,INDORE,MADHYA PRADESH,INDORE REGIONAL OFFICE,I48,IP DISPATCH INDORE BRANCH,5,Y
480881,INDORE,MADHYA PRADESH,INDORE REGIONAL OFFICE,I48,IP DISPATCH INDORE BRANCH,5,Y
480882,INDORE,MADHYA PRADESH,INDORE REGIONAL OFFICE,I48,IP DISPATCH INDORE BRANCH,5,Y
480884,INDORE,MADHYA PRADESH,INDORE REGIONAL OFFICE,I48,IP DISPATCH INDORE BRANCH,5,Y
480887,INDORE,MADHYA PRADESH,INDORE REGIONAL OFFICE,I48,IP DISPATCH INDORE BRANCH,5,Y
480888,INDORE,MADHYA PRADESH,INDORE REGIONAL OFFICE,I48,IP DISPATCH INDORE BRANCH,5,Y
480990,INDORE,MADHYA PRADESH,INDORE REGIONAL OFFICE,I48,IP DISPATCH INDORE BRANCH,5,Y
480991,INDORE,MADHYA PRADESH,INDORE REGIONAL OFFICE,I48,IP DISPATCH INDORE BRANCH,5,Y
480994,INDORE,MADHYA PRADESH,INDORE REGIONAL OFFICE,I48,IP DISPATCH INDORE BRANCH,5,Y
480996,INDORE,MADHYA PRADESH,INDORE REGIONAL OFFICE,I48,IP DISPATCH INDORE BRANCH,5,Y
480997,INDORE,MADHYA PRADESH,INDORE REGIONAL OFFICE,I48,IP DISPATCH INDORE BRANCH,5,Y
480999,INDORE,MADHYA PRADESH,INDORE REGIONAL OFFICE,I48,IP DISPATCH INDORE BRANCH,5,Y
481051,INDORE,MADHYA PRADESH,INDORE REGIONAL OFFICE,I48,IP DISPATCH INDORE BRANCH,5,Y
481102,INDORE,MADHYA PRADESH,INDORE REGIONAL OFFICE,I48,IP DISPATCH INDORE BRANCH,5,Y
481105,INDORE,MADHYA PRADESH,INDORE REGIONAL OFFICE,I48,IP DISPATCH INDORE BRANCH,5,Y
481111,INDORE,MADHYA PRADESH,INDORE REGIONAL OFFICE,I48,IP DISPATCH INDORE BRANCH,5,Y
481115,INDORE,MADHYA PRADESH,INDORE REGIONAL OFFICE,I48,IP DISPATCH INDORE BRANCH,5,Y
481116,INDORE,MADHYA PRADESH,INDORE REGIONAL OFFICE,I48,IP DISPATCH INDORE BRANCH,5,Y
481117,INDORE,MADHYA PRADESH,INDORE REGIONAL OFFICE,I48,IP DISPATCH INDORE BRANCH,5,Y
481222,INDORE,MADHYA PRADESH,INDORE REGIONAL OFFICE,I48,IP DISPATCH INDORE BRANCH,5,Y
481224,INDORE,MADHYA PRADESH,INDORE REGIONAL OFFICE,I48,IP DISPATCH INDORE BRANCH,5,Y
481226,INDORE,MADHYA PRADESH,INDORE REGIONAL OFFICE,I48,IP DISPATCH INDORE BRANCH,5,Y
481332,INDORE,MADHYA PRADESH,INDORE REGIONAL OFFICE,I48,IP DISPATCH INDORE BRANCH,5,Y
481335,INDORE,MADHYA PRADESH,INDORE REGIONAL OFFICE,I48,IP DISPATCH INDORE BRANCH,5,Y
481337,INDORE,MADHYA PRADESH,INDORE REGIONAL OFFICE,I48,IP DISPATCH INDORE BRANCH,5,Y
481441,INDORE,MADHYA PRADESH,INDORE REGIONAL OFFICE,I48,IP DISPATCH INDORE BRANCH,5,Y
481449,INDORE,MADHYA PRADESH,INDORE REGIONAL OFFICE,I48,IP DISPATCH INDORE BRANCH,5,Y
481551,INDORE,MADHYA PRADESH,INDORE REGIONAL OFFICE,I48,IP DISPATCH INDORE BRANCH,5,Y
481556,INDORE,MADHYA PRADESH,INDORE REGIONAL OFFICE,I48,IP DISPATCH INDORE BRANCH,5,Y
481662,INDORE,MADHYA PRADESH,INDORE REGIONAL OFFICE,I48,IP DISPATCH INDORE BRANCH,5,Y
481663,INDORE,MADHYA PRADESH,INDORE REGIONAL OFFICE,I48,IP DISPATCH INDORE BRANCH,5,Y
481664,INDORE,MADHYA PRADESH,INDORE REGIONAL OFFICE,I48,IP DISPATCH INDORE BRANCH,5,Y
481665,INDORE,MADHYA PRADESH,INDORE REGIONAL OFFICE,I48,IP DISPATCH INDORE BRANCH,5,Y
481666,INDORE,MADHYA PRADESH,INDORE REGIONAL OFFICE,I48,IP DISPATCH INDORE BRANCH,5,Y
481668,INDORE,MADHYA PRADESH,INDORE REGIONAL OFFICE,I48,IP DISPATCH INDORE BRANCH,5,Y
481672,INDORE,MADHYA PRADESH,INDORE REGIONAL OFFICE,I48,IP DISPATCH INDORE BRANCH,5,Y
481771,INDORE,MADHYA PRADESH,INDORE REGIONAL OFFICE,I48,IP DISPATCH INDORE BRANCH,5,Y
481778,INDORE,MADHYA PRADESH,INDORE REGIONAL OFFICE,I48,IP DISPATCH INDORE BRANCH,5,Y
481879,INDORE,MADHYA PRADESH,INDORE REGIONAL OFFICE,I48,IP DISPATCH INDORE BRANCH,5,Y
481882,INDORE,MADHYA PRADESH,INDORE REGIONAL OFFICE,I48,IP DISPATCH INDORE BRANCH,5,Y
481883,INDORE,MADHYA PRADESH,INDORE REGIONAL OFFICE,I48,IP DISPATCH INDORE BRANCH,5,Y
481884,INDORE,MADHYA PRADESH,INDORE REGIONAL OFFICE,I48,IP DISPATCH INDORE BRANCH,5,Y
481885,INDORE,MADHYA PRADESH,INDORE REGIONAL OFFICE,I48,IP DISPATCH INDORE BRANCH,5,Y
481995,INDORE,MADHYA PRADESH,INDORE REGIONAL OFFICE,I48,IP DISPATCH INDORE BRANCH,5,Y
481996,INDORE,MADHYA PRADESH,INDORE REGIONAL OFFICE,I48,IP DISPATCH INDORE BRANCH,5,Y
481998,INDORE,MADHYA PRADESH,INDORE REGIONAL OFFICE,I48,IP DISPATCH INDORE BRANCH,5,Y
482051,INDORE,MADHYA PRADESH,INDORE REGIONAL OFFICE,I48,IP DISPATCH INDORE BRANCH,6,Y
483001,INDORE,MADHYA PRADESH,INDORE REGIONAL OFFICE,I48,IP DISPATCH INDORE BRANCH,6,Y
483053,INDORE,MADHYA PRADESH,INDORE REGIONAL OFFICE,I48,IP DISPATCH INDORE BRANCH,6,Y
483105,INDORE,MADHYA PRADESH,INDORE REGIONAL OFFICE,I48,IP DISPATCH INDORE BRANCH,6,Y
483110,INDORE,MADHYA PRADESH,INDORE REGIONAL OFFICE,I48,IP DISPATCH INDORE BRANCH,6,Y
483113,INDORE,MADHYA PRADESH,INDORE REGIONAL OFFICE,I48,IP DISPATCH INDORE BRANCH,6,Y
483119,INDORE,MADHYA PRADESH,INDORE REGIONAL OFFICE,I48,IP DISPATCH INDORE BRANCH,6,Y
483220,INDORE,MADHYA PRADESH,INDORE REGIONAL OFFICE,I48,IP DISPATCH INDORE BRANCH,6,Y
483222,INDORE,MADHYA PRADESH,INDORE REGIONAL OFFICE,I48,IP DISPATCH INDORE BRANCH,6,Y
483330,INDORE,MADHYA PRADESH,INDORE REGIONAL OFFICE,I48,IP DISPATCH INDORE BRANCH,5,Y
483331,INDORE,MADHYA PRADESH,INDORE REGIONAL OFFICE,I48,IP DISPATCH INDORE BRANCH,5,Y
483332,INDORE,MADHYA PRADESH,INDORE REGIONAL OFFICE,I48,IP DISPATCH INDORE BRANCH,5,Y
483334,INDORE,MADHYA PRADESH,INDORE REGIONAL OFFICE,I48,IP DISPATCH INDORE BRANCH,6,Y
483440,INDORE,MADHYA PRADESH,INDORE REGIONAL OFFICE,I48,IP DISPATCH INDORE BRANCH,5,Y
483442,INDORE,MADHYA PRADESH,INDORE REGIONAL OFFICE,I48,IP DISPATCH INDORE BRANCH,5,Y
483504,INDORE,MADHYA PRADESH,INDORE REGIONAL OFFICE,I48,IP DISPATCH INDORE BRANCH,5,Y
483770,INDORE,MADHYA PRADESH,INDORE REGIONAL OFFICE,I48,IP DISPATCH INDORE BRANCH,5,Y
483773,INDORE,MADHYA PRADESH,INDORE REGIONAL OFFICE,I48,IP DISPATCH INDORE BRANCH,5,Y
483880,INDORE,MADHYA PRADESH,INDORE REGIONAL OFFICE,I48,IP DISPATCH INDORE BRANCH,5,Y
483990,INDORE,MADHYA PRADESH,INDORE REGIONAL OFFICE,I48,IP DISPATCH INDORE BRANCH,5,Y
484113,INDORE,MADHYA PRADESH,INDORE REGIONAL OFFICE,I48,IP DISPATCH INDORE BRANCH,5,Y
484114,INDORE,MADHYA PRADESH,INDORE REGIONAL OFFICE,I48,IP DISPATCH INDORE BRANCH,5,Y
484116,INDORE,MADHYA PRADESH,INDORE REGIONAL OFFICE,I48,IP DISPATCH INDORE BRANCH,5,Y
484117,INDORE,MADHYA PRADESH,INDORE REGIONAL OFFICE,I48,IP DISPATCH INDORE BRANCH,5,Y
484120,INDORE,MADHYA PRADESH,INDORE REGIONAL OFFICE,I48,IP DISPATCH INDORE BRANCH,5,Y
484220,INDORE,MADHYA PRADESH,INDORE REGIONAL OFFICE,I48,IP DISPATCH INDORE BRANCH,5,Y
484330,INDORE,MADHYA PRADESH,INDORE REGIONAL OFFICE,I48,IP DISPATCH INDORE BRANCH,5,Y
484336,INDORE,MADHYA PRADESH,INDORE REGIONAL OFFICE,I48,IP DISPATCH INDORE BRANCH,5,Y
484440,INDORE,MADHYA PRADESH,INDORE REGIONAL OFFICE,I48,IP DISPATCH INDORE BRANCH,5,Y
484444,INDORE,MADHYA PRADESH,INDORE REGIONAL OFFICE,I48,IP DISPATCH INDORE BRANCH,5,Y
484446,INDORE,MADHYA PRADESH,INDORE REGIONAL OFFICE,I48,IP DISPATCH INDORE BRANCH,5,Y
484447,INDORE,MADHYA PRADESH,INDORE REGIONAL OFFICE,I48,IP DISPATCH INDORE BRANCH,5,Y
484551,INDORE,MADHYA PRADESH,INDORE REGIONAL OFFICE,I48,IP DISPATCH INDORE BRANCH,5,Y
484555,INDORE,MADHYA PRADESH,INDORE REGIONAL OFFICE,I48,IP DISPATCH INDORE BRANCH,5,Y
484660,INDORE,MADHYA PRADESH,INDORE REGIONAL OFFICE,I48,IP DISPATCH INDORE BRANCH,5,Y
484664,INDORE,MADHYA PRADESH,INDORE REGIONAL OFFICE,I48,IP DISPATCH INDORE BRANCH,5,Y
484665,INDORE,MADHYA PRADESH,INDORE REGIONAL OFFICE,I48,IP DISPATCH INDORE BRANCH,5,Y
484669,INDORE,MADHYA PRADESH,INDORE REGIONAL OFFICE,I48,IP DISPATCH INDORE BRANCH,5,Y
484770,INDORE,MADHYA PRADESH,INDORE REGIONAL OFFICE,I48,IP DISPATCH INDORE BRANCH,5,Y
484771,INDORE,MADHYA PRADESH,INDORE REGIONAL OFFICE,I48,IP DISPATCH INDORE BRANCH,5,Y
484774,INDORE,MADHYA PRADESH,INDORE REGIONAL OFFICE,I48,IP DISPATCH INDORE BRANCH,5,Y
484776,INDORE,MADHYA PRADESH,INDORE REGIONAL OFFICE,I48,IP DISPATCH INDORE BRANCH,5,Y
484881,INDORE,MADHYA PRADESH,INDORE REGIONAL OFFICE,I48,IP DISPATCH INDORE BRANCH,5,Y
484886,INDORE,MADHYA PRADESH,INDORE REGIONAL OFFICE,I48,IP DISPATCH INDORE BRANCH,5,Y
484887,INDORE,MADHYA PRADESH,INDORE REGIONAL OFFICE,I48,IP DISPATCH INDORE BRANCH,5,Y
485111,INDORE,MADHYA PRADESH,INDORE REGIONAL OFFICE,I48,IP DISPATCH INDORE BRANCH,6,Y
485112,INDORE,MADHYA PRADESH,INDORE REGIONAL OFFICE,I48,IP DISPATCH INDORE BRANCH,6,Y
485113,INDORE,MADHYA PRADESH,INDORE REGIONAL OFFICE,I48,IP DISPATCH INDORE BRANCH,6,Y
485114,INDORE,MADHYA PRADESH,INDORE REGIONAL OFFICE,I48,IP DISPATCH INDORE BRANCH,6,Y
485115,INDORE,MADHYA PRADESH,INDORE REGIONAL OFFICE,I48,IP DISPATCH INDORE BRANCH,6,Y
485221,INDORE,MADHYA PRADESH,INDORE REGIONAL OFFICE,I48,IP DISPATCH INDORE BRANCH,6,Y
485226,INDORE,MADHYA PRADESH,INDORE REGIONAL OFFICE,I48,IP DISPATCH INDORE BRANCH,6,Y
485227,INDORE,MADHYA PRADESH,INDORE REGIONAL OFFICE,I48,IP DISPATCH INDORE BRANCH,6,Y
485331,INDORE,MADHYA PRADESH,INDORE REGIONAL OFFICE,I48,IP DISPATCH INDORE BRANCH,6,Y
485334,INDORE,MADHYA PRADESH,INDORE REGIONAL OFFICE,I48,IP DISPATCH INDORE BRANCH,6,Y
485441,INDORE,MADHYA PRADESH,INDORE REGIONAL OFFICE,I48,IP DISPATCH INDORE BRANCH,6,Y
485446,INDORE,MADHYA PRADESH,INDORE REGIONAL OFFICE,I48,IP DISPATCH INDORE BRANCH,6,Y
485447,INDORE,MADHYA PRADESH,INDORE REGIONAL OFFICE,I48,IP DISPATCH INDORE BRANCH,6,Y
485551,INDORE,MADHYA PRADESH,INDORE REGIONAL OFFICE,I48,IP DISPATCH INDORE BRANCH,6,Y
485661,INDORE,MADHYA PRADESH,INDORE REGIONAL OFFICE,I48,IP DISPATCH INDORE BRANCH,6,Y
485666,INDORE,MADHYA PRADESH,INDORE REGIONAL OFFICE,I48,IP DISPATCH INDORE BRANCH,6,Y
485772,INDORE,MADHYA PRADESH,INDORE REGIONAL OFFICE,I48,IP DISPATCH INDORE BRANCH,6,Y
485773,INDORE,MADHYA PRADESH,INDORE REGIONAL OFFICE,I48,IP DISPATCH INDORE BRANCH,6,Y
485774,INDORE,MADHYA PRADESH,INDORE REGIONAL OFFICE,I48,IP DISPATCH INDORE BRANCH,6,Y
485775,INDORE,MADHYA PRADESH,INDORE REGIONAL OFFICE,I48,IP DISPATCH INDORE BRANCH,6,Y
485778,INDORE,MADHYA PRADESH,INDORE REGIONAL OFFICE,I48,IP DISPATCH INDORE BRANCH,6,Y
485881,INDORE,MADHYA PRADESH,INDORE REGIONAL OFFICE,I48,IP DISPATCH INDORE BRANCH,6,Y
486003,INDORE,MADHYA PRADESH,INDORE REGIONAL OFFICE,I48,IP DISPATCH INDORE BRANCH,5,Y
486005,INDORE,MADHYA PRADESH,INDORE REGIONAL OFFICE,I48,IP DISPATCH INDORE BRANCH,5,Y
486006,INDORE,MADHYA PRADESH,INDORE REGIONAL OFFICE,I48,IP DISPATCH INDORE BRANCH,5,Y
486114,INDORE,MADHYA PRADESH,INDORE REGIONAL OFFICE,I48,IP DISPATCH INDORE BRANCH,5,Y
486115,INDORE,MADHYA PRADESH,INDORE REGIONAL OFFICE,I48,IP DISPATCH INDORE BRANCH,5,Y
486117,INDORE,MADHYA PRADESH,INDORE REGIONAL OFFICE,I48,IP DISPATCH INDORE BRANCH,5,Y
486123,INDORE,MADHYA PRADESH,INDORE REGIONAL OFFICE,I48,IP DISPATCH INDORE BRANCH,5,Y
486220,INDORE,MADHYA PRADESH,INDORE REGIONAL OFFICE,I48,IP DISPATCH INDORE BRANCH,5,Y
486223,INDORE,MADHYA PRADESH,INDORE REGIONAL OFFICE,I48,IP DISPATCH INDORE BRANCH,5,Y
486333,INDORE,MADHYA PRADESH,INDORE REGIONAL OFFICE,I48,IP DISPATCH INDORE BRANCH,5,Y
486335,INDORE,MADHYA PRADESH,INDORE REGIONAL OFFICE,I48,IP DISPATCH INDORE BRANCH,5,Y
486338,INDORE,MADHYA PRADESH,INDORE REGIONAL OFFICE,I48,IP DISPATCH INDORE BRANCH,5,Y
486340,INDORE,MADHYA PRADESH,INDORE REGIONAL OFFICE,I48,IP DISPATCH INDORE BRANCH,5,Y
486341,INDORE,MADHYA PRADESH,INDORE REGIONAL OFFICE,I48,IP DISPATCH INDORE BRANCH,5,Y
486440,INDORE,MADHYA PRADESH,INDORE REGIONAL OFFICE,I48,IP DISPATCH INDORE BRANCH,5,Y
486445,INDORE,MADHYA PRADESH,INDORE REGIONAL OFFICE,I48,IP DISPATCH INDORE BRANCH,5,Y
486446,INDORE,MADHYA PRADESH,INDORE REGIONAL OFFICE,I48,IP DISPATCH INDORE BRANCH,5,Y
486447,INDORE,MADHYA PRADESH,INDORE REGIONAL OFFICE,I48,IP DISPATCH INDORE BRANCH,5,Y
486448,INDORE,MADHYA PRADESH,INDORE REGIONAL OFFICE,I48,IP DISPATCH INDORE BRANCH,5,Y
486450,INDORE,MADHYA PRADESH,INDORE REGIONAL OFFICE,I48,IP DISPATCH INDORE BRANCH,5,Y
486550,INDORE,MADHYA PRADESH,INDORE REGIONAL OFFICE,I48,IP DISPATCH INDORE BRANCH,5,Y
486553,INDORE,MADHYA PRADESH,INDORE REGIONAL OFFICE,I48,IP DISPATCH INDORE BRANCH,5,Y
486556,INDORE,MADHYA PRADESH,INDORE REGIONAL OFFICE,I48,IP DISPATCH INDORE BRANCH,5,Y
486666,INDORE,MADHYA PRADESH,INDORE REGIONAL OFFICE,I48,IP DISPATCH INDORE BRANCH,5,Y
486669,INDORE,MADHYA PRADESH,INDORE REGIONAL OFFICE,I48,IP DISPATCH INDORE BRANCH,5,Y
486670,INDORE,MADHYA PRADESH,INDORE REGIONAL OFFICE,I48,IP DISPATCH INDORE BRANCH,5,Y
486675,INDORE,MADHYA PRADESH,INDORE REGIONAL OFFICE,I48,IP DISPATCH INDORE BRANCH,5,Y
486771,INDORE,MADHYA PRADESH,INDORE REGIONAL OFFICE,I48,IP DISPATCH INDORE BRANCH,5,Y
486775,INDORE,MADHYA PRADESH,INDORE REGIONAL OFFICE,I48,IP DISPATCH INDORE BRANCH,5,Y
486776,INDORE,MADHYA PRADESH,INDORE REGIONAL OFFICE,I48,IP DISPATCH INDORE BRANCH,5,Y
486881,INDORE,MADHYA PRADESH,INDORE REGIONAL OFFICE,I48,IP DISPATCH INDORE BRANCH,5,Y
486882,INDORE,MADHYA PRADESH,INDORE REGIONAL OFFICE,I48,IP DISPATCH INDORE BRANCH,5,Y
486883,INDORE,MADHYA PRADESH,INDORE REGIONAL OFFICE,I48,IP DISPATCH INDORE BRANCH,6,Y
486884,INDORE,MADHYA PRADESH,INDORE REGIONAL OFFICE,I48,IP DISPATCH INDORE BRANCH,5,Y
486887,INDORE,MADHYA PRADESH,INDORE REGIONAL OFFICE,I48,IP DISPATCH INDORE BRANCH,5,Y
486892,INDORE,MADHYA PRADESH,INDORE REGIONAL OFFICE,I48,IP DISPATCH INDORE BRANCH,5,Y
487110,INDORE,MADHYA PRADESH,INDORE REGIONAL OFFICE,I48,IP DISPATCH INDORE BRANCH,5,Y
487114,INDORE,MADHYA PRADESH,INDORE REGIONAL OFFICE,I48,IP DISPATCH INDORE BRANCH,5,Y
487221,INDORE,MADHYA PRADESH,INDORE REGIONAL OFFICE,I48,IP DISPATCH INDORE BRANCH,5,Y
487225,INDORE,MADHYA PRADESH,INDORE REGIONAL OFFICE,I48,IP DISPATCH INDORE BRANCH,5,Y
487330,INDORE,MADHYA PRADESH,INDORE REGIONAL OFFICE,I48,IP DISPATCH INDORE BRANCH,5,Y
487334,INDORE,MADHYA PRADESH,INDORE REGIONAL OFFICE,I48,IP DISPATCH INDORE BRANCH,5,Y
487337,INDORE,MADHYA PRADESH,INDORE REGIONAL OFFICE,I48,IP DISPATCH INDORE BRANCH,5,Y
487441,INDORE,MADHYA PRADESH,INDORE REGIONAL OFFICE,I48,IP DISPATCH INDORE BRANCH,5,Y
487555,INDORE,MADHYA PRADESH,INDORE REGIONAL OFFICE,I48,IP DISPATCH INDORE BRANCH,5,Y
487661,INDORE,MADHYA PRADESH,INDORE REGIONAL OFFICE,I48,IP DISPATCH INDORE BRANCH,5,Y
487770,INDORE,MADHYA PRADESH,INDORE REGIONAL OFFICE,I48,IP DISPATCH INDORE BRANCH,5,Y
487881,INDORE,MADHYA PRADESH,INDORE REGIONAL OFFICE,I48,IP DISPATCH INDORE BRANCH,5,Y
488001,INDORE,MADHYA PRADESH,INDORE REGIONAL OFFICE,I48,IP DISPATCH INDORE BRANCH,5,Y
488050,INDORE,MADHYA PRADESH,INDORE REGIONAL OFFICE,I48,IP DISPATCH INDORE BRANCH,5,Y
488059,INDORE,MADHYA PRADESH,INDORE REGIONAL OFFICE,I48,IP DISPATCH INDORE BRANCH,5,Y
488220,INDORE,MADHYA PRADESH,INDORE REGIONAL OFFICE,I48,IP DISPATCH INDORE BRANCH,5,Y
488222,INDORE,MADHYA PRADESH,INDORE REGIONAL OFFICE,I48,IP DISPATCH INDORE BRANCH,5,Y
488333,INDORE,MADHYA PRADESH,INDORE REGIONAL OFFICE,I48,IP DISPATCH INDORE BRANCH,5,Y
488441,INDORE,MADHYA PRADESH,INDORE REGIONAL OFFICE,I48,IP DISPATCH INDORE BRANCH,5,Y
488442,INDORE,MADHYA PRADESH,INDORE REGIONAL OFFICE,I48,IP DISPATCH INDORE BRANCH,5,Y
488443,INDORE,MADHYA PRADESH,INDORE REGIONAL OFFICE,I48,IP DISPATCH INDORE BRANCH,5,Y
488446,INDORE,MADHYA PRADESH,INDORE REGIONAL OFFICE,I48,IP DISPATCH INDORE BRANCH,5,Y
488448,INDORE,MADHYA PRADESH,INDORE REGIONAL OFFICE,I48,IP DISPATCH INDORE BRANCH,5,Y
490022,RAIPUR,CHHATTISGARH,NAGPUR RO,R37,IP DISPATCH RAIPUR BRANCH,3,Y
491107,RAIPUR,CHHATTISGARH,NAGPUR RO,R37,IP DISPATCH RAIPUR BRANCH,4,Y
491111,RAIPUR,CHHATTISGARH,NAGPUR RO,R37,IP DISPATCH RAIPUR BRANCH,4,Y
491221,RAIPUR,CHHATTISGARH,NAGPUR RO,R37,IP DISPATCH RAIPUR BRANCH,4,Y
491222,RAIPUR,CHHATTISGARH,NAGPUR RO,R37,IP DISPATCH RAIPUR BRANCH,4,Y
491223,RAIPUR,CHHATTISGARH,NAGPUR RO,R37,IP DISPATCH RAIPUR BRANCH,4,Y
491225,RAIPUR,CHHATTISGARH,NAGPUR RO,R37,IP DISPATCH RAIPUR BRANCH,4,Y
491226,RAIPUR,CHHATTISGARH,NAGPUR RO,R37,IP DISPATCH RAIPUR BRANCH,4,Y
491227,RAIPUR,CHHATTISGARH,NAGPUR RO,R37,IP DISPATCH RAIPUR BRANCH,4,Y
491228,RAIPUR,CHHATTISGARH,NAGPUR RO,R37,IP DISPATCH RAIPUR BRANCH,4,Y
491229,RAIPUR,CHHATTISGARH,NAGPUR RO,R37,IP DISPATCH RAIPUR BRANCH,4,Y
491230,RAIPUR,CHHATTISGARH,NAGPUR RO,R37,IP DISPATCH RAIPUR BRANCH,4,Y
491331,RAIPUR,CHHATTISGARH,NAGPUR RO,R37,IP DISPATCH RAIPUR BRANCH,4,Y
491332,RAIPUR,CHHATTISGARH,NAGPUR RO,R37,IP DISPATCH RAIPUR BRANCH,4,Y
491336,RAIPUR,CHHATTISGARH,NAGPUR RO,R37,IP DISPATCH RAIPUR BRANCH,4,Y
491337,RAIPUR,CHHATTISGARH,NAGPUR RO,R37,IP DISPATCH RAIPUR BRANCH,4,Y
491338,RAIPUR,CHHATTISGARH,NAGPUR RO,R37,IP DISPATCH RAIPUR BRANCH,4,Y
491340,RAIPUR,CHHATTISGARH,NAGPUR RO,R37,IP DISPATCH RAIPUR BRANCH,4,Y
491443,RAIPUR,CHHATTISGARH,NAGPUR RO,R37,IP DISPATCH RAIPUR BRANCH,3,Y
491444,RAIPUR,CHHATTISGARH,NAGPUR RO,R37,IP DISPATCH RAIPUR BRANCH,4,Y
491445,RAIPUR,CHHATTISGARH,NAGPUR RO,R37,IP DISPATCH RAIPUR BRANCH,4,Y
491557,RAIPUR,CHHATTISGARH,NAGPUR RO,R37,IP DISPATCH RAIPUR BRANCH,4,Y
491558,RAIPUR,CHHATTISGARH,NAGPUR RO,R37,IP DISPATCH RAIPUR BRANCH,4,Y
491559,RAIPUR,CHHATTISGARH,NAGPUR RO,R37,IP DISPATCH RAIPUR BRANCH,4,Y
491661,RAIPUR,CHHATTISGARH,NAGPUR RO,R37,IP DISPATCH RAIPUR BRANCH,4,Y
491665,RAIPUR,CHHATTISGARH,NAGPUR RO,R37,IP DISPATCH RAIPUR BRANCH,4,Y
491666,RAIPUR,CHHATTISGARH,NAGPUR RO,R37,IP DISPATCH RAIPUR BRANCH,4,Y
491668,RAIPUR,CHHATTISGARH,NAGPUR RO,R37,IP DISPATCH RAIPUR BRANCH,4,Y
491771,RAIPUR,CHHATTISGARH,NAGPUR RO,R37,IP DISPATCH RAIPUR BRANCH,4,Y
491885,RAIPUR,CHHATTISGARH,NAGPUR RO,R37,IP DISPATCH RAIPUR BRANCH,4,Y
491888,RAIPUR,CHHATTISGARH,NAGPUR RO,R37,IP DISPATCH RAIPUR BRANCH,4,Y
491993,RAIPUR,CHHATTISGARH,NAGPUR RO,R37,IP DISPATCH RAIPUR BRANCH,4,Y
491995,RAIPUR,CHHATTISGARH,NAGPUR RO,R37,IP DISPATCH RAIPUR BRANCH,4,Y
491996,RAIPUR,CHHATTISGARH,NAGPUR RO,R37,IP DISPATCH RAIPUR BRANCH,4,Y
492002,RAIPUR,CHHATTISGARH,NAGPUR RO,R37,IP DISPATCH RAIPUR BRANCH,2,Y
492005,RAIPUR,CHHATTISGARH,NAGPUR RO,R37,IP DISPATCH RAIPUR BRANCH,2,Y
492014,RAIPUR,CHHATTISGARH,NAGPUR RO,R37,IP DISPATCH RAIPUR BRANCH,2,Y
492015,RAIPUR,CHHATTISGARH,NAGPUR RO,R37,IP DISPATCH RAIPUR BRANCH,2,Y
492016,RAIPUR,CHHATTISGARH,NAGPUR RO,R37,IP DISPATCH RAIPUR BRANCH,2,Y
492017,RAIPUR,CHHATTISGARH,NAGPUR RO,R37,IP DISPATCH RAIPUR BRANCH,3,Y
492018,RAIPUR,CHHATTISGARH,NAGPUR RO,R37,IP DISPATCH RAIPUR BRANCH,2,Y
492109,RAIPUR,CHHATTISGARH,NAGPUR RO,R37,IP DISPATCH RAIPUR BRANCH,3,Y
492112,RAIPUR,CHHATTISGARH,NAGPUR RO,R37,IP DISPATCH RAIPUR BRANCH,3,Y
493111,RAIPUR,CHHATTISGARH,NAGPUR RO,R37,IP DISPATCH RAIPUR BRANCH,3,Y
493113,RAIPUR,CHHATTISGARH,NAGPUR RO,R37,IP DISPATCH RAIPUR BRANCH,3,Y
493116,RAIPUR,CHHATTISGARH,NAGPUR RO,R37,IP DISPATCH RAIPUR BRANCH,3,Y
493118,RAIPUR,CHHATTISGARH,NAGPUR RO,R37,IP DISPATCH RAIPUR BRANCH,3,Y
493195,RAIPUR,CHHATTISGARH,NAGPUR RO,R37,IP DISPATCH RAIPUR BRANCH,3,Y
493196,RAIPUR,CHHATTISGARH,NAGPUR RO,R37,IP DISPATCH RAIPUR BRANCH,3,Y
493222,RAIPUR,CHHATTISGARH,NAGPUR RO,R37,IP DISPATCH RAIPUR BRANCH,3,Y
493228,RAIPUR,CHHATTISGARH,NAGPUR RO,R37,IP DISPATCH RAIPUR BRANCH,3,Y
493229,RAIPUR,CHHATTISGARH,NAGPUR RO,R37,IP DISPATCH RAIPUR BRANCH,3,Y
493331,RAIPUR,CHHATTISGARH,NAGPUR RO,R37,IP DISPATCH RAIPUR BRANCH,3,Y
493335,RAIPUR,CHHATTISGARH,NAGPUR RO,R37,IP DISPATCH RAIPUR BRANCH,3,Y
493338,RAIPUR,CHHATTISGARH,NAGPUR RO,R37,IP DISPATCH RAIPUR BRANCH,3,Y
493344,RAIPUR,CHHATTISGARH,NAGPUR RO,R37,IP DISPATCH RAIPUR BRANCH,3,Y
493441,RAIPUR,CHHATTISGARH,NAGPUR RO,R37,IP DISPATCH RAIPUR BRANCH,3,Y
493448,RAIPUR,CHHATTISGARH,NAGPUR RO,R37,IP DISPATCH RAIPUR BRANCH,4,Y
493449,RAIPUR,CHHATTISGARH,NAGPUR RO,R37,IP DISPATCH RAIPUR BRANCH,3,Y
493526,RAIPUR,CHHATTISGARH,NAGPUR RO,R37,IP DISPATCH RAIPUR BRANCH,3,Y
493551,RAIPUR,CHHATTISGARH,NAGPUR RO,R37,IP DISPATCH RAIPUR BRANCH,3,Y
493555,RAIPUR,CHHATTISGARH,NAGPUR RO,R37,IP DISPATCH RAIPUR BRANCH,3,Y
493559,RAIPUR,CHHATTISGARH,NAGPUR RO,R37,IP DISPATCH RAIPUR BRANCH,3,Y
493662,RAIPUR,CHHATTISGARH,NAGPUR RO,R37,IP DISPATCH RAIPUR BRANCH,3,Y
493663,RAIPUR,CHHATTISGARH,NAGPUR RO,R37,IP DISPATCH RAIPUR BRANCH,3,Y
493770,RAIPUR,CHHATTISGARH,NAGPUR RO,R37,IP DISPATCH RAIPUR BRANCH,3,Y
493776,RAIPUR,CHHATTISGARH,NAGPUR RO,R37,IP DISPATCH RAIPUR BRANCH,3,Y
493778,RAIPUR,CHHATTISGARH,NAGPUR RO,R37,IP DISPATCH RAIPUR BRANCH,3,Y
493885,RAIPUR,CHHATTISGARH,NAGPUR RO,R37,IP DISPATCH RAIPUR BRANCH,3,Y
493887,RAIPUR,CHHATTISGARH,NAGPUR RO,R37,IP DISPATCH RAIPUR BRANCH,3,Y
493888,RAIPUR,CHHATTISGARH,NAGPUR RO,R37,IP DISPATCH RAIPUR BRANCH,3,Y
493889,RAIPUR,CHHATTISGARH,NAGPUR RO,R37,IP DISPATCH RAIPUR BRANCH,3,Y
493890,RAIPUR,CHHATTISGARH,NAGPUR RO,R37,IP DISPATCH RAIPUR BRANCH,3,Y
493891,RAIPUR,CHHATTISGARH,NAGPUR RO,R37,IP DISPATCH RAIPUR BRANCH,3,Y
493992,RAIPUR,CHHATTISGARH,NAGPUR RO,R37,IP DISPATCH RAIPUR BRANCH,3,Y
493996,RAIPUR,CHHATTISGARH,NAGPUR RO,R37,IP DISPATCH RAIPUR BRANCH,3,Y
494010,RAIPUR,CHHATTISGARH,NAGPUR RO,R37,IP DISPATCH RAIPUR BRANCH,4,Y
494114,RAIPUR,CHHATTISGARH,NAGPUR RO,R37,IP DISPATCH RAIPUR BRANCH,4,Y
494115,RAIPUR,CHHATTISGARH,NAGPUR RO,R37,IP DISPATCH RAIPUR BRANCH,4,Y
494122,RAIPUR,CHHATTISGARH,NAGPUR RO,R37,IP DISPATCH RAIPUR BRANCH,4,Y
494221,RAIPUR,CHHATTISGARH,NAGPUR RO,R37,IP DISPATCH RAIPUR BRANCH,3,Y
494222,RAIPUR,CHHATTISGARH,NAGPUR RO,R37,IP DISPATCH RAIPUR BRANCH,4,Y
494223,RAIPUR,CHHATTISGARH,NAGPUR RO,R37,IP DISPATCH RAIPUR BRANCH,3,Y
494224,RAIPUR,CHHATTISGARH,NAGPUR RO,R37,IP DISPATCH RAIPUR BRANCH,3,Y
494228,RAIPUR,CHHATTISGARH,NAGPUR RO,R37,IP DISPATCH RAIPUR BRANCH,4,Y
494229,RAIPUR,CHHATTISGARH,NAGPUR RO,R37,IP DISPATCH RAIPUR BRANCH,4,Y
494230,RAIPUR,CHHATTISGARH,NAGPUR RO,R37,IP DISPATCH RAIPUR BRANCH,4,Y
494237,RAIPUR,CHHATTISGARH,NAGPUR RO,R37,IP DISPATCH RAIPUR BRANCH,4,Y
494331,RAIPUR,CHHATTISGARH,NAGPUR RO,R37,IP DISPATCH RAIPUR BRANCH,4,Y
494332,RAIPUR,CHHATTISGARH,NAGPUR RO,R37,IP DISPATCH RAIPUR BRANCH,4,Y
494333,RAIPUR,CHHATTISGARH,NAGPUR RO,R37,IP DISPATCH RAIPUR BRANCH,4,Y
494335,RAIPUR,CHHATTISGARH,NAGPUR RO,R37,IP DISPATCH RAIPUR BRANCH,4,Y
494336,RAIPUR,CHHATTISGARH,NAGPUR RO,R37,IP DISPATCH RAIPUR BRANCH,4,Y
494337,RAIPUR,CHHATTISGARH,NAGPUR RO,R37,IP DISPATCH RAIPUR BRANCH,4,Y
494347,RAIPUR,CHHATTISGARH,NAGPUR RO,R37,IP DISPATCH RAIPUR BRANCH,4,Y
494441,RAIPUR,CHHATTISGARH,NAGPUR RO,R37,IP DISPATCH RAIPUR BRANCH,4,Y
494442,RAIPUR,CHHATTISGARH,NAGPUR RO,R37,IP DISPATCH RAIPUR BRANCH,4,Y
494444,RAIPUR,CHHATTISGARH,NAGPUR RO,R37,IP DISPATCH RAIPUR BRANCH,4,Y
494446,RAIPUR,CHHATTISGARH,NAGPUR RO,R37,IP DISPATCH RAIPUR BRANCH,4,Y
494447,RAIPUR,CHHATTISGARH,NAGPUR RO,R37,IP DISPATCH RAIPUR BRANCH,4,Y
494448,RAIPUR,CHHATTISGARH,NAGPUR RO,R37,IP DISPATCH RAIPUR BRANCH,4,Y
494450,RAIPUR,CHHATTISGARH,NAGPUR RO,R37,IP DISPATCH RAIPUR BRANCH,4,Y
494552,RAIPUR,CHHATTISGARH,NAGPUR RO,R37,IP DISPATCH RAIPUR BRANCH,4,Y
494556,RAIPUR,CHHATTISGARH,NAGPUR RO,R37,IP DISPATCH RAIPUR BRANCH,4,Y
494635,RAIPUR,CHHATTISGARH,NAGPUR RO,R37,IP DISPATCH RAIPUR BRANCH,4,Y
494662,RAIPUR,CHHATTISGARH,NAGPUR RO,R37,IP DISPATCH RAIPUR BRANCH,4,Y
494665,RAIPUR,CHHATTISGARH,NAGPUR RO,R37,IP DISPATCH RAIPUR BRANCH,5,Y
494669,RAIPUR,CHHATTISGARH,NAGPUR RO,R37,IP DISPATCH RAIPUR BRANCH,4,Y
494670,RAIPUR,CHHATTISGARH,NAGPUR RO,R37,IP DISPATCH RAIPUR BRANCH,4,Y
494771,RAIPUR,CHHATTISGARH,NAGPUR RO,R37,IP DISPATCH RAIPUR BRANCH,5,Y
494776,RAIPUR,CHHATTISGARH,NAGPUR RO,R37,IP DISPATCH RAIPUR BRANCH,5,Y
494777,RAIPUR,CHHATTISGARH,NAGPUR RO,R37,IP DISPATCH RAIPUR BRANCH,5,Y
495009,RAIPUR,CHHATTISGARH,NAGPUR RO,R37,IP DISPATCH RAIPUR BRANCH,3,Y
495112,RAIPUR,CHHATTISGARH,NAGPUR RO,R37,IP DISPATCH RAIPUR BRANCH,4,Y
495113,RAIPUR,CHHATTISGARH,NAGPUR RO,R37,IP DISPATCH RAIPUR BRANCH,4,Y
495115,RAIPUR,CHHATTISGARH,NAGPUR RO,R37,IP DISPATCH RAIPUR BRANCH,5,Y
495116,RAIPUR,CHHATTISGARH,NAGPUR RO,R37,IP DISPATCH RAIPUR BRANCH,4,Y
495118,RAIPUR,CHHATTISGARH,NAGPUR RO,R37,IP DISPATCH RAIPUR BRANCH,5,Y
495119,RAIPUR,CHHATTISGARH,NAGPUR RO,R37,IP DISPATCH RAIPUR BRANCH,4,Y
495220,RAIPUR,CHHATTISGARH,NAGPUR RO,R37,IP DISPATCH RAIPUR BRANCH,4,Y
495222,RAIPUR,CHHATTISGARH,NAGPUR RO,R37,IP DISPATCH RAIPUR BRANCH,4,Y
495224,RAIPUR,CHHATTISGARH,NAGPUR RO,R37,IP DISPATCH RAIPUR BRANCH,4,Y
495330,RAIPUR,CHHATTISGARH,NAGPUR RO,R37,IP DISPATCH RAIPUR BRANCH,4,Y
495334,RAIPUR,CHHATTISGARH,NAGPUR RO,R37,IP DISPATCH RAIPUR BRANCH,4,Y
495335,RAIPUR,CHHATTISGARH,NAGPUR RO,R37,IP DISPATCH RAIPUR BRANCH,4,Y
495442,RAIPUR,CHHATTISGARH,NAGPUR RO,R37,IP DISPATCH RAIPUR BRANCH,4,Y
495444,RAIPUR,CHHATTISGARH,NAGPUR RO,R37,IP DISPATCH RAIPUR BRANCH,4,Y
495446,RAIPUR,CHHATTISGARH,NAGPUR RO,R37,IP DISPATCH RAIPUR BRANCH,4,Y
495447,RAIPUR,CHHATTISGARH,NAGPUR RO,R37,IP DISPATCH RAIPUR BRANCH,4,Y
495448,RAIPUR,CHHATTISGARH,NAGPUR RO,R37,IP DISPATCH RAIPUR BRANCH,4,Y
495449,RAIPUR,CHHATTISGARH,NAGPUR RO,R37,IP DISPATCH RAIPUR BRANCH,4,Y
495452,RAIPUR,CHHATTISGARH,NAGPUR RO,R37,IP DISPATCH RAIPUR BRANCH,4,Y
495455,RAIPUR,CHHATTISGARH,NAGPUR RO,R37,IP DISPATCH RAIPUR BRANCH,4,Y
495550,RAIPUR,CHHATTISGARH,NAGPUR RO,R37,IP DISPATCH RAIPUR BRANCH,4,Y
495551,RAIPUR,CHHATTISGARH,NAGPUR RO,R37,IP DISPATCH RAIPUR BRANCH,4,Y
495552,RAIPUR,CHHATTISGARH,NAGPUR RO,R37,IP DISPATCH RAIPUR BRANCH,4,Y
495553,RAIPUR,CHHATTISGARH,NAGPUR RO,R37,IP DISPATCH RAIPUR BRANCH,4,Y
495554,RAIPUR,CHHATTISGARH,NAGPUR RO,R37,IP DISPATCH RAIPUR BRANCH,4,Y
495555,RAIPUR,CHHATTISGARH,NAGPUR RO,R37,IP DISPATCH RAIPUR BRANCH,4,Y
495556,RAIPUR,CHHATTISGARH,NAGPUR RO,R37,IP DISPATCH RAIPUR BRANCH,4,Y
495557,RAIPUR,CHHATTISGARH,NAGPUR RO,R37,IP DISPATCH RAIPUR BRANCH,4,Y
495559,RAIPUR,CHHATTISGARH,NAGPUR RO,R37,IP DISPATCH RAIPUR BRANCH,4,Y
495660,RAIPUR,CHHATTISGARH,NAGPUR RO,R37,IP DISPATCH RAIPUR BRANCH,4,Y
495661,RAIPUR,CHHATTISGARH,NAGPUR RO,R37,IP DISPATCH RAIPUR BRANCH,4,Y
495663,RAIPUR,CHHATTISGARH,NAGPUR RO,R37,IP DISPATCH RAIPUR BRANCH,4,Y
495668,RAIPUR,CHHATTISGARH,NAGPUR RO,R37,IP DISPATCH RAIPUR BRANCH,4,Y
495669,RAIPUR,CHHATTISGARH,NAGPUR RO,R37,IP DISPATCH RAIPUR BRANCH,4,Y
495674,RAIPUR,CHHATTISGARH,NAGPUR RO,R37,IP DISPATCH RAIPUR BRANCH,4,Y
495682,RAIPUR,CHHATTISGARH,NAGPUR RO,R37,IP DISPATCH RAIPUR BRANCH,4,Y
495683,RAIPUR,CHHATTISGARH,NAGPUR RO,R37,IP DISPATCH RAIPUR BRANCH,4,Y
495686,RAIPUR,CHHATTISGARH,NAGPUR RO,R37,IP DISPATCH RAIPUR BRANCH,4,Y
495687,RAIPUR,CHHATTISGARH,NAGPUR RO,R37,IP DISPATCH RAIPUR BRANCH,4,Y
495688,RAIPUR,CHHATTISGARH,NAGPUR RO,R37,IP DISPATCH RAIPUR BRANCH,4,Y
495690,RAIPUR,CHHATTISGARH,NAGPUR RO,R37,IP DISPATCH RAIPUR BRANCH,4,Y
495691,RAIPUR,CHHATTISGARH,NAGPUR RO,R37,IP DISPATCH RAIPUR BRANCH,4,Y
495692,RAIPUR,CHHATTISGARH,NAGPUR RO,R37,IP DISPATCH RAIPUR BRANCH,4,Y
495695,RAIPUR,CHHATTISGARH,NAGPUR RO,R37,IP DISPATCH RAIPUR BRANCH,4,Y
496005,RAIPUR,CHHATTISGARH,NAGPUR RO,R37,IP DISPATCH RAIPUR BRANCH,4,Y
496100,RAIPUR,CHHATTISGARH,NAGPUR RO,R37,IP DISPATCH RAIPUR BRANCH,5,Y
496108,RAIPUR,CHHATTISGARH,NAGPUR RO,R37,IP DISPATCH RAIPUR BRANCH,5,Y
496109,RAIPUR,CHHATTISGARH,NAGPUR RO,R37,IP DISPATCH RAIPUR BRANCH,5,Y
496111,RAIPUR,CHHATTISGARH,NAGPUR RO,R37,IP DISPATCH RAIPUR BRANCH,5,Y
496113,RAIPUR,CHHATTISGARH,NAGPUR RO,R37,IP DISPATCH RAIPUR BRANCH,5,Y
496115,RAIPUR,CHHATTISGARH,NAGPUR RO,R37,IP DISPATCH RAIPUR BRANCH,5,Y
496116,RAIPUR,CHHATTISGARH,NAGPUR RO,R37,IP DISPATCH RAIPUR BRANCH,5,Y
496118,RAIPUR,CHHATTISGARH,NAGPUR RO,R37,IP DISPATCH RAIPUR BRANCH,5,Y
496220,RAIPUR,CHHATTISGARH,NAGPUR RO,R37,IP DISPATCH RAIPUR BRANCH,5,Y
496223,RAIPUR,CHHATTISGARH,NAGPUR RO,R37,IP DISPATCH RAIPUR BRANCH,5,Y
496224,RAIPUR,CHHATTISGARH,NAGPUR RO,R37,IP DISPATCH RAIPUR BRANCH,5,Y
496227,RAIPUR,CHHATTISGARH,NAGPUR RO,R37,IP DISPATCH RAIPUR BRANCH,5,Y
496242,RAIPUR,CHHATTISGARH,NAGPUR RO,R37,IP DISPATCH RAIPUR BRANCH,5,Y
496245,RAIPUR,CHHATTISGARH,NAGPUR RO,R37,IP DISPATCH RAIPUR BRANCH,5,Y
496330,RAIPUR,CHHATTISGARH,NAGPUR RO,R37,IP DISPATCH RAIPUR BRANCH,5,Y
496331,RAIPUR,CHHATTISGARH,NAGPUR RO,R37,IP DISPATCH RAIPUR BRANCH,5,Y
496334,RAIPUR,CHHATTISGARH,NAGPUR RO,R37,IP DISPATCH RAIPUR BRANCH,5,Y
496336,RAIPUR,CHHATTISGARH,NAGPUR RO,R37,IP DISPATCH RAIPUR BRANCH,5,Y
496338,RAIPUR,CHHATTISGARH,NAGPUR RO,R37,IP DISPATCH RAIPUR BRANCH,5,Y
496445,RAIPUR,CHHATTISGARH,NAGPUR RO,R37,IP DISPATCH RAIPUR BRANCH,5,Y
496450,RAIPUR,CHHATTISGARH,NAGPUR RO,R37,IP DISPATCH RAIPUR BRANCH,5,Y
496551,RAIPUR,CHHATTISGARH,NAGPUR RO,R37,IP DISPATCH RAIPUR BRANCH,5,Y
496554,RAIPUR,CHHATTISGARH,NAGPUR RO,R37,IP DISPATCH RAIPUR BRANCH,5,Y
496665,RAIPUR,CHHATTISGARH,NAGPUR RO,R37,IP DISPATCH RAIPUR BRANCH,5,Y
497101,RAIPUR,CHHATTISGARH,NAGPUR RO,R37,IP DISPATCH RAIPUR BRANCH,4,Y
497114,RAIPUR,CHHATTISGARH,NAGPUR RO,R37,IP DISPATCH RAIPUR BRANCH,5,Y
497116,RAIPUR,CHHATTISGARH,NAGPUR RO,R37,IP DISPATCH RAIPUR BRANCH,4,Y
497117,RAIPUR,CHHATTISGARH,NAGPUR RO,R37,IP DISPATCH RAIPUR BRANCH,5,Y
497118,RAIPUR,CHHATTISGARH,NAGPUR RO,R37,IP DISPATCH RAIPUR BRANCH,5,Y
497119,RAIPUR,CHHATTISGARH,NAGPUR RO,R37,IP DISPATCH RAIPUR BRANCH,5,Y
497224,RAIPUR,CHHATTISGARH,NAGPUR RO,R37,IP DISPATCH RAIPUR BRANCH,6,Y
497225,RAIPUR,CHHATTISGARH,NAGPUR RO,R37,IP DISPATCH RAIPUR BRANCH,5,Y
497231,RAIPUR,CHHATTISGARH,NAGPUR RO,R37,IP DISPATCH RAIPUR BRANCH,5,Y
497235,RAIPUR,CHHATTISGARH,NAGPUR RO,R37,IP DISPATCH RAIPUR BRANCH,5,Y
497331,RAIPUR,CHHATTISGARH,NAGPUR RO,R37,IP DISPATCH RAIPUR BRANCH,5,Y
497333,RAIPUR,CHHATTISGARH,NAGPUR RO,R37,IP DISPATCH RAIPUR BRANCH,5,Y
497339,RAIPUR,CHHATTISGARH,NAGPUR RO,R37,IP DISPATCH RAIPUR BRANCH,5,Y
497446,RAIPUR,CHHATTISGARH,NAGPUR RO,R37,IP DISPATCH RAIPUR BRANCH,5,Y
497447,RAIPUR,CHHATTISGARH,NAGPUR RO,R37,IP DISPATCH RAIPUR BRANCH,5,Y
497448,RAIPUR,CHHATTISGARH,NAGPUR RO,R37,IP DISPATCH RAIPUR BRANCH,5,Y
497449,RAIPUR,CHHATTISGARH,NAGPUR RO,R37,IP DISPATCH RAIPUR BRANCH,5,Y
497450,RAIPUR,CHHATTISGARH,NAGPUR RO,R37,IP DISPATCH RAIPUR BRANCH,5,Y
497553,RAIPUR,CHHATTISGARH,NAGPUR RO,R37,IP DISPATCH RAIPUR BRANCH,5,Y
497555,RAIPUR,CHHATTISGARH,NAGPUR RO,R37,IP DISPATCH RAIPUR BRANCH,5,Y
497557,RAIPUR,CHHATTISGARH,NAGPUR RO,R37,IP DISPATCH RAIPUR BRANCH,5,Y
497559,RAIPUR,CHHATTISGARH,NAGPUR RO,R37,IP DISPATCH RAIPUR BRANCH,5,Y
497773,RAIPUR,CHHATTISGARH,NAGPUR RO,R37,IP DISPATCH RAIPUR BRANCH,5,Y
497778,RAIPUR,CHHATTISGARH,NAGPUR RO,R37,IP DISPATCH RAIPUR BRANCH,6,Y
501102,MEDCHAL,TELANGANA,HYDERABAD,H108,IP DISPATCH HYDERABAD BRANCH,3,Y
501106,MEDCHAL,TELANGANA,HYDERABAD,H108,IP DISPATCH HYDERABAD BRANCH,3,Y
501111,MEDCHAL,TELANGANA,HYDERABAD,H108,IP DISPATCH HYDERABAD BRANCH,3,Y
501142,MEDCHAL,TELANGANA,HYDERABAD,H108,IP DISPATCH HYDERABAD BRANCH,3,Y
501143,MEDCHAL,TELANGANA,HYDERABAD,H108,IP DISPATCH HYDERABAD BRANCH,3,Y
501144,MEDCHAL,TELANGANA,HYDERABAD,H108,IP DISPATCH HYDERABAD BRANCH,3,Y
501158,MEDCHAL,TELANGANA,HYDERABAD,H108,IP DISPATCH HYDERABAD BRANCH,3,Y
501502,MEDCHAL,TELANGANA,HYDERABAD,H108,IP DISPATCH HYDERABAD BRANCH,3,Y
501508,MEDCHAL,TELANGANA,HYDERABAD,H108,IP DISPATCH HYDERABAD BRANCH,3,Y
501509,MEDCHAL,TELANGANA,HYDERABAD,H108,IP DISPATCH HYDERABAD BRANCH,3,Y
501513,MEDCHAL,TELANGANA,HYDERABAD,H108,IP DISPATCH HYDERABAD BRANCH,3,Y
502102,MEDCHAL,TELANGANA,HYDERABAD,H108,IP DISPATCH HYDERABAD BRANCH,3,Y
502106,MEDCHAL,TELANGANA,HYDERABAD,H108,IP DISPATCH HYDERABAD BRANCH,3,Y
502107,MEDCHAL,TELANGANA,HYDERABAD,H108,IP DISPATCH HYDERABAD BRANCH,3,Y
502109,MEDCHAL,TELANGANA,HYDERABAD,H108,IP DISPATCH HYDERABAD BRANCH,3,Y
502113,MEDCHAL,TELANGANA,HYDERABAD,H108,IP DISPATCH HYDERABAD BRANCH,3,Y
502114,MEDCHAL,TELANGANA,HYDERABAD,H108,IP DISPATCH HYDERABAD BRANCH,3,Y
502115,MEDCHAL,TELANGANA,HYDERABAD,H108,IP DISPATCH HYDERABAD BRANCH,3,Y
502117,MEDCHAL,TELANGANA,HYDERABAD,H108,IP DISPATCH HYDERABAD BRANCH,3,Y
502125,MEDCHAL,TELANGANA,HYDERABAD,H108,IP DISPATCH HYDERABAD BRANCH,3,Y
502130,MEDCHAL,TELANGANA,HYDERABAD,H108,IP DISPATCH HYDERABAD BRANCH,3,Y
502210,MEDCHAL,TELANGANA,HYDERABAD,H108,IP DISPATCH HYDERABAD BRANCH,3,Y
502221,MEDCHAL,TELANGANA,HYDERABAD,H108,IP DISPATCH HYDERABAD BRANCH,3,Y
502228,MEDCHAL,TELANGANA,HYDERABAD,H108,IP DISPATCH HYDERABAD BRANCH,3,Y
502247,MEDCHAL,TELANGANA,HYDERABAD,H108,IP DISPATCH HYDERABAD BRANCH,3,Y
502248,MEDCHAL,TELANGANA,HYDERABAD,H108,IP DISPATCH HYDERABAD BRANCH,3,Y
502249,MEDCHAL,TELANGANA,HYDERABAD,H108,IP DISPATCH HYDERABAD BRANCH,3,Y
502251,MEDCHAL,TELANGANA,HYDERABAD,H108,IP DISPATCH HYDERABAD BRANCH,3,Y
502256,MEDCHAL,TELANGANA,HYDERABAD,H108,IP DISPATCH HYDERABAD BRANCH,3,Y
502257,MEDCHAL,TELANGANA,HYDERABAD,H108,IP DISPATCH HYDERABAD BRANCH,3,Y
502267,MEDCHAL,TELANGANA,HYDERABAD,H108,IP DISPATCH HYDERABAD BRANCH,3,Y
502269,MEDCHAL,TELANGANA,HYDERABAD,H108,IP DISPATCH HYDERABAD BRANCH,3,Y
502271,MEDCHAL,TELANGANA,HYDERABAD,H108,IP DISPATCH HYDERABAD BRANCH,3,Y
502276,MEDCHAL,TELANGANA,HYDERABAD,H108,IP DISPATCH HYDERABAD BRANCH,3,Y
502277,MEDCHAL,TELANGANA,HYDERABAD,H108,IP DISPATCH HYDERABAD BRANCH,3,Y
502280,MEDCHAL,TELANGANA,HYDERABAD,H108,IP DISPATCH HYDERABAD BRANCH,3,Y
502281,MEDCHAL,TELANGANA,HYDERABAD,H108,IP DISPATCH HYDERABAD BRANCH,3,Y
502287,MEDCHAL,TELANGANA,HYDERABAD,H108,IP DISPATCH HYDERABAD BRANCH,3,Y
502290,MEDCHAL,TELANGANA,HYDERABAD,H108,IP DISPATCH HYDERABAD BRANCH,3,Y
502293,MEDCHAL,TELANGANA,HYDERABAD,H108,IP DISPATCH HYDERABAD BRANCH,3,Y
502294,MEDCHAL,TELANGANA,HYDERABAD,H108,IP DISPATCH HYDERABAD BRANCH,3,Y
502296,MEDCHAL,TELANGANA,HYDERABAD,H108,IP DISPATCH HYDERABAD BRANCH,3,Y
502302,MEDCHAL,TELANGANA,HYDERABAD,H108,IP DISPATCH HYDERABAD BRANCH,3,Y
502303,MEDCHAL,TELANGANA,HYDERABAD,H108,IP DISPATCH HYDERABAD BRANCH,3,Y
502306,MEDCHAL,TELANGANA,HYDERABAD,H108,IP DISPATCH HYDERABAD BRANCH,3,Y
502310,MEDCHAL,TELANGANA,HYDERABAD,H108,IP DISPATCH HYDERABAD BRANCH,3,Y
502312,MEDCHAL,TELANGANA,HYDERABAD,H108,IP DISPATCH HYDERABAD BRANCH,3,Y
502314,MEDCHAL,TELANGANA,HYDERABAD,H108,IP DISPATCH HYDERABAD BRANCH,3,Y
502316,MEDCHAL,TELANGANA,HYDERABAD,H108,IP DISPATCH HYDERABAD BRANCH,3,Y
502318,MEDCHAL,TELANGANA,HYDERABAD,H108,IP DISPATCH HYDERABAD BRANCH,3,Y
502331,MEDCHAL,TELANGANA,HYDERABAD,H108,IP DISPATCH HYDERABAD BRANCH,3,Y
502371,MEDCHAL,TELANGANA,HYDERABAD,H108,IP DISPATCH HYDERABAD BRANCH,3,Y
502372,MEDCHAL,TELANGANA,HYDERABAD,H108,IP DISPATCH HYDERABAD BRANCH,3,Y
502375,MEDCHAL,TELANGANA,HYDERABAD,H108,IP DISPATCH HYDERABAD BRANCH,3,Y
502381,MEDCHAL,TELANGANA,HYDERABAD,H108,IP DISPATCH HYDERABAD BRANCH,3,Y
503102,MEDCHAL,TELANGANA,HYDERABAD,H108,IP DISPATCH HYDERABAD BRANCH,4,Y
503108,MEDCHAL,TELANGANA,HYDERABAD,H108,IP DISPATCH HYDERABAD BRANCH,4,Y
503110,MEDCHAL,TELANGANA,HYDERABAD,H108,IP DISPATCH HYDERABAD BRANCH,4,Y
503112,MEDCHAL,TELANGANA,HYDERABAD,H108,IP DISPATCH HYDERABAD BRANCH,4,Y
503114,MEDCHAL,TELANGANA,HYDERABAD,H108,IP DISPATCH HYDERABAD BRANCH,4,Y
503120,MEDCHAL,TELANGANA,HYDERABAD,H108,IP DISPATCH HYDERABAD BRANCH,4,Y
503122,MEDCHAL,TELANGANA,HYDERABAD,H108,IP DISPATCH HYDERABAD BRANCH,4,Y
503123,MEDCHAL,TELANGANA,HYDERABAD,H108,IP DISPATCH HYDERABAD BRANCH,4,Y
503124,MEDCHAL,TELANGANA,HYDERABAD,H108,IP DISPATCH HYDERABAD BRANCH,4,Y
503125,MEDCHAL,TELANGANA,HYDERABAD,H108,IP DISPATCH HYDERABAD BRANCH,4,Y
503144,MEDCHAL,TELANGANA,HYDERABAD,H108,IP DISPATCH HYDERABAD BRANCH,4,Y
503145,MEDCHAL,TELANGANA,HYDERABAD,H108,IP DISPATCH HYDERABAD BRANCH,4,Y
503164,MEDCHAL,TELANGANA,HYDERABAD,H108,IP DISPATCH HYDERABAD BRANCH,4,Y
503165,MEDCHAL,TELANGANA,HYDERABAD,H108,IP DISPATCH HYDERABAD BRANCH,4,Y
503174,MEDCHAL,TELANGANA,HYDERABAD,H108,IP DISPATCH HYDERABAD BRANCH,4,Y
503175,MEDCHAL,TELANGANA,HYDERABAD,H108,IP DISPATCH HYDERABAD BRANCH,4,Y
503180,MEDCHAL,TELANGANA,HYDERABAD,H108,IP DISPATCH HYDERABAD BRANCH,4,Y
503186,MEDCHAL,TELANGANA,HYDERABAD,H108,IP DISPATCH HYDERABAD BRANCH,4,Y
503188,MEDCHAL,TELANGANA,HYDERABAD,H108,IP DISPATCH HYDERABAD BRANCH,4,Y
503202,MEDCHAL,TELANGANA,HYDERABAD,H108,IP DISPATCH HYDERABAD BRANCH,4,Y
503206,MEDCHAL,TELANGANA,HYDERABAD,H108,IP DISPATCH HYDERABAD BRANCH,4,Y
503207,MEDCHAL,TELANGANA,HYDERABAD,H108,IP DISPATCH HYDERABAD BRANCH,4,Y
503212,MEDCHAL,TELANGANA,HYDERABAD,H108,IP DISPATCH HYDERABAD BRANCH,4,Y
503213,MEDCHAL,TELANGANA,HYDERABAD,H108,IP DISPATCH HYDERABAD BRANCH,4,Y
503219,MEDCHAL,TELANGANA,HYDERABAD,H108,IP DISPATCH HYDERABAD BRANCH,4,Y
503223,MEDCHAL,TELANGANA,HYDERABAD,H108,IP DISPATCH HYDERABAD BRANCH,4,Y
503225,MEDCHAL,TELANGANA,HYDERABAD,H108,IP DISPATCH HYDERABAD BRANCH,4,Y
503230,MEDCHAL,TELANGANA,HYDERABAD,H108,IP DISPATCH HYDERABAD BRANCH,4,Y
503235,MEDCHAL,TELANGANA,HYDERABAD,H108,IP DISPATCH HYDERABAD BRANCH,4,Y
503246,MEDCHAL,TELANGANA,HYDERABAD,H108,IP DISPATCH HYDERABAD BRANCH,4,Y
503301,MEDCHAL,TELANGANA,HYDERABAD,H108,IP DISPATCH HYDERABAD BRANCH,4,Y
503302,MEDCHAL,TELANGANA,HYDERABAD,H108,IP DISPATCH HYDERABAD BRANCH,4,Y
503305,MEDCHAL,TELANGANA,HYDERABAD,H108,IP DISPATCH HYDERABAD BRANCH,4,Y
503309,MEDCHAL,TELANGANA,HYDERABAD,H108,IP DISPATCH HYDERABAD BRANCH,4,Y
503310,MEDCHAL,TELANGANA,HYDERABAD,H108,IP DISPATCH HYDERABAD BRANCH,4,Y
503311,MEDCHAL,TELANGANA,HYDERABAD,H108,IP DISPATCH HYDERABAD BRANCH,4,Y
503321,VIJAYAWADA,ANDHRA PRADESH,VIJAYAWADA,V62,IP DISPATCH VIJAYAWADA BRANCH,4,Y
503322,MEDCHAL,TELANGANA,HYDERABAD,H108,IP DISPATCH HYDERABAD BRANCH,4,Y
504104,MEDCHAL,TELANGANA,HYDERABAD,H108,IP DISPATCH HYDERABAD BRANCH,5,Y
504105,MEDCHAL,TELANGANA,HYDERABAD,H108,IP DISPATCH HYDERABAD BRANCH,5,Y
504109,MEDCHAL,TELANGANA,HYDERABAD,H108,IP DISPATCH HYDERABAD BRANCH,5,Y
504110,MEDCHAL,TELANGANA,HYDERABAD,H108,IP DISPATCH HYDERABAD BRANCH,5,Y
504204,MEDCHAL,TELANGANA,HYDERABAD,H108,IP DISPATCH HYDERABAD BRANCH,5,Y
504206,MEDCHAL,TELANGANA,HYDERABAD,H108,IP DISPATCH HYDERABAD BRANCH,5,Y
504207,MEDCHAL,TELANGANA,HYDERABAD,H108,IP DISPATCH HYDERABAD BRANCH,5,Y
504214,VIJAYAWADA,ANDHRA PRADESH,VIJAYAWADA,V62,IP DISPATCH VIJAYAWADA BRANCH,2,Y
504218,MEDCHAL,TELANGANA,HYDERABAD,H108,IP DISPATCH HYDERABAD BRANCH,5,Y
504219,MEDCHAL,TELANGANA,HYDERABAD,H108,IP DISPATCH HYDERABAD BRANCH,5,Y
504220,MEDCHAL,TELANGANA,HYDERABAD,H108,IP DISPATCH HYDERABAD BRANCH,5,Y
504273,MEDCHAL,TELANGANA,HYDERABAD,H108,IP DISPATCH HYDERABAD BRANCH,5,Y
504294,MEDCHAL,TELANGANA,HYDERABAD,H108,IP DISPATCH HYDERABAD BRANCH,5,Y
504295,MEDCHAL,TELANGANA,HYDERABAD,H108,IP DISPATCH HYDERABAD BRANCH,5,Y
504297,MEDCHAL,TELANGANA,HYDERABAD,H108,IP DISPATCH HYDERABAD BRANCH,5,Y
504299,MEDCHAL,TELANGANA,HYDERABAD,H108,IP DISPATCH HYDERABAD BRANCH,5,Y
504303,MEDCHAL,TELANGANA,HYDERABAD,H108,IP DISPATCH HYDERABAD BRANCH,5,Y
504306,MEDCHAL,TELANGANA,HYDERABAD,H108,IP DISPATCH HYDERABAD BRANCH,5,Y
504308,MEDCHAL,TELANGANA,HYDERABAD,H108,IP DISPATCH HYDERABAD BRANCH,5,Y
504309,MEDCHAL,TELANGANA,HYDERABAD,H108,IP DISPATCH HYDERABAD BRANCH,5,Y
504310,MEDCHAL,TELANGANA,HYDERABAD,H108,IP DISPATCH HYDERABAD BRANCH,5,Y
504311,MEDCHAL,TELANGANA,HYDERABAD,H108,IP DISPATCH HYDERABAD BRANCH,5,Y
504312,MEDCHAL,TELANGANA,HYDERABAD,H108,IP DISPATCH HYDERABAD BRANCH,5,Y
504313,MEDCHAL,TELANGANA,HYDERABAD,H108,IP DISPATCH HYDERABAD BRANCH,5,Y
504323,MEDCHAL,TELANGANA,HYDERABAD,H108,IP DISPATCH HYDERABAD BRANCH,5,Y
505101,MEDCHAL,TELANGANA,HYDERABAD,H108,IP DISPATCH HYDERABAD BRANCH,4,Y
505102,MEDCHAL,TELANGANA,HYDERABAD,H108,IP DISPATCH HYDERABAD BRANCH,4,Y
505129,MEDCHAL,TELANGANA,HYDERABAD,H108,IP DISPATCH HYDERABAD BRANCH,4,Y
505152,MEDCHAL,TELANGANA,HYDERABAD,H108,IP DISPATCH HYDERABAD BRANCH,4,Y
505153,MEDCHAL,TELANGANA,HYDERABAD,H108,IP DISPATCH HYDERABAD BRANCH,4,Y
505174,MEDCHAL,TELANGANA,HYDERABAD,H108,IP DISPATCH HYDERABAD BRANCH,4,Y
505186,MEDCHAL,TELANGANA,HYDERABAD,H108,IP DISPATCH HYDERABAD BRANCH,4,Y
505303,MEDCHAL,TELANGANA,HYDERABAD,H108,IP DISPATCH HYDERABAD BRANCH,4,Y
505304,MEDCHAL,TELANGANA,HYDERABAD,H108,IP DISPATCH HYDERABAD BRANCH,4,Y
505305,MEDCHAL,TELANGANA,HYDERABAD,H108,IP DISPATCH HYDERABAD BRANCH,4,Y
505306,MEDCHAL,TELANGANA,HYDERABAD,H108,IP DISPATCH HYDERABAD BRANCH,4,Y
505307,MEDCHAL,TELANGANA,HYDERABAD,H108,IP DISPATCH HYDERABAD BRANCH,4,Y
505330,MEDCHAL,TELANGANA,HYDERABAD,H108,IP DISPATCH HYDERABAD BRANCH,4,Y
505331,MEDCHAL,TELANGANA,HYDERABAD,H108,IP DISPATCH HYDERABAD BRANCH,4,Y
505401,MEDCHAL,TELANGANA,HYDERABAD,H108,IP DISPATCH HYDERABAD BRANCH,4,Y
505402,MEDCHAL,TELANGANA,HYDERABAD,H108,IP DISPATCH HYDERABAD BRANCH,4,Y
505403,MEDCHAL,TELANGANA,HYDERABAD,H108,IP DISPATCH HYDERABAD BRANCH,4,Y
505404,MEDCHAL,TELANGANA,HYDERABAD,H108,IP DISPATCH HYDERABAD BRANCH,4,Y
505405,MEDCHAL,TELANGANA,HYDERABAD,H108,IP DISPATCH HYDERABAD BRANCH,4,Y
505415,MEDCHAL,TELANGANA,HYDERABAD,H108,IP DISPATCH HYDERABAD BRANCH,4,Y
505416,MEDCHAL,TELANGANA,HYDERABAD,H108,IP DISPATCH HYDERABAD BRANCH,4,Y
505445,MEDCHAL,TELANGANA,HYDERABAD,H108,IP DISPATCH HYDERABAD BRANCH,4,Y
505450,MEDCHAL,TELANGANA,HYDERABAD,H108,IP DISPATCH HYDERABAD BRANCH,4,Y
505451,MEDCHAL,TELANGANA,HYDERABAD,H108,IP DISPATCH HYDERABAD BRANCH,4,Y
505452,MEDCHAL,TELANGANA,HYDERABAD,H108,IP DISPATCH HYDERABAD BRANCH,4,Y
505454,MEDCHAL,TELANGANA,HYDERABAD,H108,IP DISPATCH HYDERABAD BRANCH,4,Y
505462,MEDCHAL,TELANGANA,HYDERABAD,H108,IP DISPATCH HYDERABAD BRANCH,4,Y
505466,MEDCHAL,TELANGANA,HYDERABAD,H108,IP DISPATCH HYDERABAD BRANCH,4,Y
505469,MEDCHAL,TELANGANA,HYDERABAD,H108,IP DISPATCH HYDERABAD BRANCH,4,Y
505470,MEDCHAL,TELANGANA,HYDERABAD,H108,IP DISPATCH HYDERABAD BRANCH,4,Y
505471,MEDCHAL,TELANGANA,HYDERABAD,H108,IP DISPATCH HYDERABAD BRANCH,4,Y
505472,MEDCHAL,TELANGANA,HYDERABAD,H108,IP DISPATCH HYDERABAD BRANCH,4,Y
505473,MEDCHAL,TELANGANA,HYDERABAD,H108,IP DISPATCH HYDERABAD BRANCH,4,Y
505474,MEDCHAL,TELANGANA,HYDERABAD,H108,IP DISPATCH HYDERABAD BRANCH,4,Y
505475,MEDCHAL,TELANGANA,HYDERABAD,H108,IP DISPATCH HYDERABAD BRANCH,4,Y
505476,MEDCHAL,TELANGANA,HYDERABAD,H108,IP DISPATCH HYDERABAD BRANCH,4,Y
505480,MEDCHAL,TELANGANA,HYDERABAD,H108,IP DISPATCH HYDERABAD BRANCH,4,Y
505481,MEDCHAL,TELANGANA,HYDERABAD,H108,IP DISPATCH HYDERABAD BRANCH,4,Y
505490,MEDCHAL,TELANGANA,HYDERABAD,H108,IP DISPATCH HYDERABAD BRANCH,4,Y
505497,MEDCHAL,TELANGANA,HYDERABAD,H108,IP DISPATCH HYDERABAD BRANCH,4,Y
505498,MEDCHAL,TELANGANA,HYDERABAD,H108,IP DISPATCH HYDERABAD BRANCH,4,Y
505501,MEDCHAL,TELANGANA,HYDERABAD,H108,IP DISPATCH HYDERABAD BRANCH,4,Y
505502,MEDCHAL,TELANGANA,HYDERABAD,H108,IP DISPATCH HYDERABAD BRANCH,4,Y
505503,MEDCHAL,TELANGANA,HYDERABAD,H108,IP DISPATCH HYDERABAD BRANCH,4,Y
505504,MEDCHAL,TELANGANA,HYDERABAD,H108,IP DISPATCH HYDERABAD BRANCH,4,Y
505505,MEDCHAL,TELANGANA,HYDERABAD,H108,IP DISPATCH HYDERABAD BRANCH,4,Y
505506,MEDCHAL,TELANGANA,HYDERABAD,H108,IP DISPATCH HYDERABAD BRANCH,4,Y
505514,MEDCHAL,TELANGANA,HYDERABAD,H108,IP DISPATCH HYDERABAD BRANCH,4,Y
505524,MEDCHAL,TELANGANA,HYDERABAD,H108,IP DISPATCH HYDERABAD BRANCH,4,Y
505525,MEDCHAL,TELANGANA,HYDERABAD,H108,IP DISPATCH HYDERABAD BRANCH,4,Y
505526,MEDCHAL,TELANGANA,HYDERABAD,H108,IP DISPATCH HYDERABAD BRANCH,4,Y
505527,MEDCHAL,TELANGANA,HYDERABAD,H108,IP DISPATCH HYDERABAD BRANCH,4,Y
505528,MEDCHAL,TELANGANA,HYDERABAD,H108,IP DISPATCH HYDERABAD BRANCH,4,Y
505529,MEDCHAL,TELANGANA,HYDERABAD,H108,IP DISPATCH HYDERABAD BRANCH,4,Y
505530,MEDCHAL,TELANGANA,HYDERABAD,H108,IP DISPATCH HYDERABAD BRANCH,4,Y
505531,MEDCHAL,TELANGANA,HYDERABAD,H108,IP DISPATCH HYDERABAD BRANCH,4,Y
505532,MEDCHAL,TELANGANA,HYDERABAD,H108,IP DISPATCH HYDERABAD BRANCH,4,Y
506006,MEDCHAL,TELANGANA,HYDERABAD,H108,IP DISPATCH HYDERABAD BRANCH,3,Y
506007,MEDCHAL,TELANGANA,HYDERABAD,H108,IP DISPATCH HYDERABAD BRANCH,3,Y
506102,MEDCHAL,TELANGANA,HYDERABAD,H108,IP DISPATCH HYDERABAD BRANCH,3,Y
506103,MEDCHAL,TELANGANA,HYDERABAD,H108,IP DISPATCH HYDERABAD BRANCH,3,Y
506104,MEDCHAL,TELANGANA,HYDERABAD,H108,IP DISPATCH HYDERABAD BRANCH,3,Y
506105,MEDCHAL,TELANGANA,HYDERABAD,H108,IP DISPATCH HYDERABAD BRANCH,3,Y
506122,MEDCHAL,TELANGANA,HYDERABAD,H108,IP DISPATCH HYDERABAD BRANCH,3,Y
506134,MEDCHAL,TELANGANA,HYDERABAD,H108,IP DISPATCH HYDERABAD BRANCH,3,Y
506135,MEDCHAL,TELANGANA,HYDERABAD,H108,IP DISPATCH HYDERABAD BRANCH,3,Y
506144,MEDCHAL,TELANGANA,HYDERABAD,H108,IP DISPATCH HYDERABAD BRANCH,3,Y
506145,MEDCHAL,TELANGANA,HYDERABAD,H108,IP DISPATCH HYDERABAD BRANCH,3,Y
506146,MEDCHAL,TELANGANA,HYDERABAD,H108,IP DISPATCH HYDERABAD BRANCH,3,Y
506151,MEDCHAL,TELANGANA,HYDERABAD,H108,IP DISPATCH HYDERABAD BRANCH,3,Y
506165,MEDCHAL,TELANGANA,HYDERABAD,H108,IP DISPATCH HYDERABAD BRANCH,3,Y
506166,MEDCHAL,TELANGANA,HYDERABAD,H108,IP DISPATCH HYDERABAD BRANCH,3,Y
506170,MEDCHAL,TELANGANA,HYDERABAD,H108,IP DISPATCH HYDERABAD BRANCH,3,Y
506172,MEDCHAL,TELANGANA,HYDERABAD,H108,IP DISPATCH HYDERABAD BRANCH,3,Y
506175,MEDCHAL,TELANGANA,HYDERABAD,H108,IP DISPATCH HYDERABAD BRANCH,3,Y
506201,MEDCHAL,TELANGANA,HYDERABAD,H108,IP DISPATCH HYDERABAD BRANCH,3,Y
506221,MEDCHAL,TELANGANA,HYDERABAD,H108,IP DISPATCH HYDERABAD BRANCH,3,Y
506222,MEDCHAL,TELANGANA,HYDERABAD,H108,IP DISPATCH HYDERABAD BRANCH,3,Y
506224,MEDCHAL,TELANGANA,HYDERABAD,H108,IP DISPATCH HYDERABAD BRANCH,3,Y
506244,MEDCHAL,TELANGANA,HYDERABAD,H108,IP DISPATCH HYDERABAD BRANCH,3,Y
506252,MEDCHAL,TELANGANA,HYDERABAD,H108,IP DISPATCH HYDERABAD BRANCH,3,Y
506301,MEDCHAL,TELANGANA,HYDERABAD,H108,IP DISPATCH HYDERABAD BRANCH,3,Y
506302,MEDCHAL,TELANGANA,HYDERABAD,H108,IP DISPATCH HYDERABAD BRANCH,3,Y
506303,MEDCHAL,TELANGANA,HYDERABAD,H108,IP DISPATCH HYDERABAD BRANCH,3,Y
506310,MEDCHAL,TELANGANA,HYDERABAD,H108,IP DISPATCH HYDERABAD BRANCH,3,Y
506314,MEDCHAL,TELANGANA,HYDERABAD,H108,IP DISPATCH HYDERABAD BRANCH,3,Y
506316,MEDCHAL,TELANGANA,HYDERABAD,H108,IP DISPATCH HYDERABAD BRANCH,3,Y
506317,MEDCHAL,TELANGANA,HYDERABAD,H108,IP DISPATCH HYDERABAD BRANCH,3,Y
506318,MEDCHAL,TELANGANA,HYDERABAD,H108,IP DISPATCH HYDERABAD BRANCH,3,Y
506319,MEDCHAL,TELANGANA,HYDERABAD,H108,IP DISPATCH HYDERABAD BRANCH,3,Y
506324,MEDCHAL,TELANGANA,HYDERABAD,H108,IP DISPATCH HYDERABAD BRANCH,3,Y
506325,MEDCHAL,TELANGANA,HYDERABAD,H108,IP DISPATCH HYDERABAD BRANCH,3,Y
506329,MEDCHAL,TELANGANA,HYDERABAD,H108,IP DISPATCH HYDERABAD BRANCH,3,Y
506330,MEDCHAL,TELANGANA,HYDERABAD,H108,IP DISPATCH HYDERABAD BRANCH,3,Y
506331,MEDCHAL,TELANGANA,HYDERABAD,H108,IP DISPATCH HYDERABAD BRANCH,3,Y
506332,MEDCHAL,TELANGANA,HYDERABAD,H108,IP DISPATCH HYDERABAD BRANCH,3,Y
506333,MEDCHAL,TELANGANA,HYDERABAD,H108,IP DISPATCH HYDERABAD BRANCH,3,Y
506342,MEDCHAL,TELANGANA,HYDERABAD,H108,IP DISPATCH HYDERABAD BRANCH,3,Y
506344,MEDCHAL,TELANGANA,HYDERABAD,H108,IP DISPATCH HYDERABAD BRANCH,3,Y
506345,MEDCHAL,TELANGANA,HYDERABAD,H108,IP DISPATCH HYDERABAD BRANCH,3,Y
506347,MEDCHAL,TELANGANA,HYDERABAD,H108,IP DISPATCH HYDERABAD BRANCH,3,Y
506348,MEDCHAL,TELANGANA,HYDERABAD,H108,IP DISPATCH HYDERABAD BRANCH,3,Y
506349,MEDCHAL,TELANGANA,HYDERABAD,H108,IP DISPATCH HYDERABAD BRANCH,3,Y
506350,MEDCHAL,TELANGANA,HYDERABAD,H108,IP DISPATCH HYDERABAD BRANCH,3,Y
506352,MEDCHAL,TELANGANA,HYDERABAD,H108,IP DISPATCH HYDERABAD BRANCH,3,Y
506355,MEDCHAL,TELANGANA,HYDERABAD,H108,IP DISPATCH HYDERABAD BRANCH,3,Y
506356,MEDCHAL,TELANGANA,HYDERABAD,H108,IP DISPATCH HYDERABAD BRANCH,3,Y
506365,MEDCHAL,TELANGANA,HYDERABAD,H108,IP DISPATCH HYDERABAD BRANCH,3,Y
506366,MEDCHAL,TELANGANA,HYDERABAD,H108,IP DISPATCH HYDERABAD BRANCH,3,Y
506367,MEDCHAL,TELANGANA,HYDERABAD,H108,IP DISPATCH HYDERABAD BRANCH,3,Y
506368,MEDCHAL,TELANGANA,HYDERABAD,H108,IP DISPATCH HYDERABAD BRANCH,3,Y
506369,MEDCHAL,TELANGANA,HYDERABAD,H108,IP DISPATCH HYDERABAD BRANCH,3,Y
506370,MEDCHAL,TELANGANA,HYDERABAD,H108,IP DISPATCH HYDERABAD BRANCH,3,Y
506391,MEDCHAL,TELANGANA,HYDERABAD,H108,IP DISPATCH HYDERABAD BRANCH,3,Y
507103,MEDCHAL,TELANGANA,HYDERABAD,H108,IP DISPATCH HYDERABAD BRANCH,4,Y
507112,MEDCHAL,TELANGANA,HYDERABAD,H108,IP DISPATCH HYDERABAD BRANCH,4,Y
507124,MEDCHAL,TELANGANA,HYDERABAD,H108,IP DISPATCH HYDERABAD BRANCH,4,Y
507126,MEDCHAL,TELANGANA,HYDERABAD,H108,IP DISPATCH HYDERABAD BRANCH,4,Y
507127,MEDCHAL,TELANGANA,HYDERABAD,H108,IP DISPATCH HYDERABAD BRANCH,4,Y
507133,MEDCHAL,TELANGANA,HYDERABAD,H108,IP DISPATCH HYDERABAD BRANCH,4,Y
507136,MEDCHAL,TELANGANA,HYDERABAD,H108,IP DISPATCH HYDERABAD BRANCH,4,Y
507137,MEDCHAL,TELANGANA,HYDERABAD,H108,IP DISPATCH HYDERABAD BRANCH,4,Y
507140,MEDCHAL,TELANGANA,HYDERABAD,H108,IP DISPATCH HYDERABAD BRANCH,4,Y
507157,MEDCHAL,TELANGANA,HYDERABAD,H108,IP DISPATCH HYDERABAD BRANCH,4,Y
507158,MEDCHAL,TELANGANA,HYDERABAD,H108,IP DISPATCH HYDERABAD BRANCH,4,Y
507161,MEDCHAL,TELANGANA,HYDERABAD,H108,IP DISPATCH HYDERABAD BRANCH,4,Y
507169,MEDCHAL,TELANGANA,HYDERABAD,H108,IP DISPATCH HYDERABAD BRANCH,4,Y
507170,MEDCHAL,TELANGANA,HYDERABAD,H108,IP DISPATCH HYDERABAD BRANCH,4,Y
507171,MEDCHAL,TELANGANA,HYDERABAD,H108,IP DISPATCH HYDERABAD BRANCH,4,Y
507182,MEDCHAL,TELANGANA,HYDERABAD,H108,IP DISPATCH HYDERABAD BRANCH,4,Y
507183,MEDCHAL,TELANGANA,HYDERABAD,H108,IP DISPATCH HYDERABAD BRANCH,4,Y
507201,MEDCHAL,TELANGANA,HYDERABAD,H108,IP DISPATCH HYDERABAD BRANCH,4,Y
507202,MEDCHAL,TELANGANA,HYDERABAD,H108,IP DISPATCH HYDERABAD BRANCH,4,Y
507210,MEDCHAL,TELANGANA,HYDERABAD,H108,IP DISPATCH HYDERABAD BRANCH,4,Y
507304,MEDCHAL,TELANGANA,HYDERABAD,H108,IP DISPATCH HYDERABAD BRANCH,4,Y
507315,MEDCHAL,TELANGANA,HYDERABAD,H108,IP DISPATCH HYDERABAD BRANCH,4,Y
507316,MEDCHAL,TELANGANA,HYDERABAD,H108,IP DISPATCH HYDERABAD BRANCH,4,Y
508004,MEDCHAL,TELANGANA,HYDERABAD,H108,IP DISPATCH HYDERABAD BRANCH,3,Y
508105,MEDCHAL,TELANGANA,HYDERABAD,H108,IP DISPATCH HYDERABAD BRANCH,3,Y
508117,MEDCHAL,TELANGANA,HYDERABAD,H108,IP DISPATCH HYDERABAD BRANCH,3,Y
508202,MEDCHAL,TELANGANA,HYDERABAD,H108,IP DISPATCH HYDERABAD BRANCH,3,Y
508205,MEDCHAL,TELANGANA,HYDERABAD,H108,IP DISPATCH HYDERABAD BRANCH,3,Y
508208,MEDCHAL,TELANGANA,HYDERABAD,H108,IP DISPATCH HYDERABAD BRANCH,3,Y
508210,MEDCHAL,TELANGANA,HYDERABAD,H108,IP DISPATCH HYDERABAD BRANCH,3,Y
508212,MEDCHAL,TELANGANA,HYDERABAD,H108,IP DISPATCH HYDERABAD BRANCH,3,Y
508214,MEDCHAL,TELANGANA,HYDERABAD,H108,IP DISPATCH HYDERABAD BRANCH,3,Y
508217,MEDCHAL,TELANGANA,HYDERABAD,H108,IP DISPATCH HYDERABAD BRANCH,3,Y
508224,MEDCHAL,TELANGANA,HYDERABAD,H108,IP DISPATCH HYDERABAD BRANCH,3,Y
508238,MEDCHAL,TELANGANA,HYDERABAD,H108,IP DISPATCH HYDERABAD BRANCH,3,Y
508243,MEDCHAL,TELANGANA,HYDERABAD,H108,IP DISPATCH HYDERABAD BRANCH,3,Y
508245,MEDCHAL,TELANGANA,HYDERABAD,H108,IP DISPATCH HYDERABAD BRANCH,3,Y
508250,MEDCHAL,TELANGANA,HYDERABAD,H108,IP DISPATCH HYDERABAD BRANCH,3,Y
508253,MEDCHAL,TELANGANA,HYDERABAD,H108,IP DISPATCH HYDERABAD BRANCH,3,Y
508256,MEDCHAL,TELANGANA,HYDERABAD,H108,IP DISPATCH HYDERABAD BRANCH,3,Y
508257,MEDCHAL,TELANGANA,HYDERABAD,H108,IP DISPATCH HYDERABAD BRANCH,3,Y
508266,MEDCHAL,TELANGANA,HYDERABAD,H108,IP DISPATCH HYDERABAD BRANCH,3,Y
508279,MEDCHAL,TELANGANA,HYDERABAD,H108,IP DISPATCH HYDERABAD BRANCH,3,Y
508280,MEDCHAL,TELANGANA,HYDERABAD,H108,IP DISPATCH HYDERABAD BRANCH,3,Y
508285,MEDCHAL,TELANGANA,HYDERABAD,H108,IP DISPATCH HYDERABAD BRANCH,3,Y
508286,MEDCHAL,TELANGANA,HYDERABAD,H108,IP DISPATCH HYDERABAD BRANCH,3,Y
508373,MEDCHAL,TELANGANA,HYDERABAD,H108,IP DISPATCH HYDERABAD BRANCH,3,Y
508374,MEDCHAL,TELANGANA,HYDERABAD,H108,IP DISPATCH HYDERABAD BRANCH,3,Y
508376,MEDCHAL,TELANGANA,HYDERABAD,H108,IP DISPATCH HYDERABAD BRANCH,3,Y
509105,MEDCHAL,TELANGANA,HYDERABAD,H108,IP DISPATCH HYDERABAD BRANCH,3,Y
509106,MEDCHAL,TELANGANA,HYDERABAD,H108,IP DISPATCH HYDERABAD BRANCH,3,Y
509110,MEDCHAL,TELANGANA,HYDERABAD,H108,IP DISPATCH HYDERABAD BRANCH,3,Y
509120,MEDCHAL,TELANGANA,HYDERABAD,H108,IP DISPATCH HYDERABAD BRANCH,3,Y
509128,MEDCHAL,TELANGANA,HYDERABAD,H108,IP DISPATCH HYDERABAD BRANCH,3,Y
509129,MEDCHAL,TELANGANA,HYDERABAD,H108,IP DISPATCH HYDERABAD BRANCH,3,Y
509130,MEDCHAL,TELANGANA,HYDERABAD,H108,IP DISPATCH HYDERABAD BRANCH,3,Y
509132,MEDCHAL,TELANGANA,HYDERABAD,H108,IP DISPATCH HYDERABAD BRANCH,3,Y
509133,MEDCHAL,TELANGANA,HYDERABAD,H108,IP DISPATCH HYDERABAD BRANCH,3,Y
509135,MEDCHAL,TELANGANA,HYDERABAD,H108,IP DISPATCH HYDERABAD BRANCH,3,Y
509201,MEDCHAL,TELANGANA,HYDERABAD,H108,IP DISPATCH HYDERABAD BRANCH,3,Y
509206,MEDCHAL,TELANGANA,HYDERABAD,H108,IP DISPATCH HYDERABAD BRANCH,3,Y
509215,MEDCHAL,TELANGANA,HYDERABAD,H108,IP DISPATCH HYDERABAD BRANCH,3,Y
509219,MEDCHAL,TELANGANA,HYDERABAD,H108,IP DISPATCH HYDERABAD BRANCH,3,Y
509235,MEDCHAL,TELANGANA,HYDERABAD,H108,IP DISPATCH HYDERABAD BRANCH,3,Y
509302,MEDCHAL,TELANGANA,HYDERABAD,H108,IP DISPATCH HYDERABAD BRANCH,3,Y
509311,MEDCHAL,TELANGANA,HYDERABAD,H108,IP DISPATCH HYDERABAD BRANCH,3,Y
509320,MEDCHAL,TELANGANA,HYDERABAD,H108,IP DISPATCH HYDERABAD BRANCH,3,Y
509326,MEDCHAL,TELANGANA,HYDERABAD,H108,IP DISPATCH HYDERABAD BRANCH,3,Y
509327,MEDCHAL,TELANGANA,HYDERABAD,H108,IP DISPATCH HYDERABAD BRANCH,3,Y
509334,MEDCHAL,TELANGANA,HYDERABAD,H108,IP DISPATCH HYDERABAD BRANCH,3,Y
509335,MEDCHAL,TELANGANA,HYDERABAD,H108,IP DISPATCH HYDERABAD BRANCH,3,Y
509336,MEDCHAL,TELANGANA,HYDERABAD,H108,IP DISPATCH HYDERABAD BRANCH,3,Y
509337,MEDCHAL,TELANGANA,HYDERABAD,H108,IP DISPATCH HYDERABAD BRANCH,3,Y
509349,MEDCHAL,TELANGANA,HYDERABAD,H108,IP DISPATCH HYDERABAD BRANCH,3,Y
509350,MEDCHAL,TELANGANA,HYDERABAD,H108,IP DISPATCH HYDERABAD BRANCH,3,Y
509352,MEDCHAL,TELANGANA,HYDERABAD,H108,IP DISPATCH HYDERABAD BRANCH,3,Y
509353,MEDCHAL,TELANGANA,HYDERABAD,H108,IP DISPATCH HYDERABAD BRANCH,3,Y
509357,MEDCHAL,TELANGANA,HYDERABAD,H108,IP DISPATCH HYDERABAD BRANCH,3,Y
509358,MEDCHAL,TELANGANA,HYDERABAD,H108,IP DISPATCH HYDERABAD BRANCH,3,Y
509360,MEDCHAL,TELANGANA,HYDERABAD,H108,IP DISPATCH HYDERABAD BRANCH,3,Y
509371,MEDCHAL,TELANGANA,HYDERABAD,H108,IP DISPATCH HYDERABAD BRANCH,3,Y
509376,MEDCHAL,TELANGANA,HYDERABAD,H108,IP DISPATCH HYDERABAD BRANCH,3,Y
509380,MEDCHAL,TELANGANA,HYDERABAD,H108,IP DISPATCH HYDERABAD BRANCH,3,Y
509385,MEDCHAL,TELANGANA,HYDERABAD,H108,IP DISPATCH HYDERABAD BRANCH,3,Y
509406,MEDCHAL,TELANGANA,HYDERABAD,H108,IP DISPATCH HYDERABAD BRANCH,3,Y
509407,MEDCHAL,TELANGANA,HYDERABAD,H108,IP DISPATCH HYDERABAD BRANCH,3,Y
509409,MEDCHAL,TELANGANA,HYDERABAD,H108,IP DISPATCH HYDERABAD BRANCH,3,Y
509411,MEDCHAL,TELANGANA,HYDERABAD,H108,IP DISPATCH HYDERABAD BRANCH,3,Y
509412,MEDCHAL,TELANGANA,HYDERABAD,H108,IP DISPATCH HYDERABAD BRANCH,3,Y
515006,VIJAYAWADA,ANDHRA PRADESH,VIJAYAWADA,V62,IP DISPATCH VIJAYAWADA BRANCH,4,Y
515101,VIJAYAWADA,ANDHRA PRADESH,VIJAYAWADA,V62,IP DISPATCH VIJAYAWADA BRANCH,4,Y
515123,VIJAYAWADA,ANDHRA PRADESH,VIJAYAWADA,V62,IP DISPATCH VIJAYAWADA BRANCH,4,Y
515124,VIJAYAWADA,ANDHRA PRADESH,VIJAYAWADA,V62,IP DISPATCH VIJAYAWADA BRANCH,4,Y
515144,VIJAYAWADA,ANDHRA PRADESH,VIJAYAWADA,V62,IP DISPATCH VIJAYAWADA BRANCH,4,Y
515154,VIJAYAWADA,ANDHRA PRADESH,VIJAYAWADA,V62,IP DISPATCH VIJAYAWADA BRANCH,4,Y
515159,VIJAYAWADA,ANDHRA PRADESH,VIJAYAWADA,V62,IP DISPATCH VIJAYAWADA BRANCH,4,Y
515212,VIJAYAWADA,ANDHRA PRADESH,VIJAYAWADA,V62,IP DISPATCH VIJAYAWADA BRANCH,4,Y
515241,VIJAYAWADA,ANDHRA PRADESH,VIJAYAWADA,V62,IP DISPATCH VIJAYAWADA BRANCH,4,Y
515251,VIJAYAWADA,ANDHRA PRADESH,VIJAYAWADA,V62,IP DISPATCH VIJAYAWADA BRANCH,4,Y
515261,VIJAYAWADA,ANDHRA PRADESH,VIJAYAWADA,V62,IP DISPATCH VIJAYAWADA BRANCH,4,Y
515271,VIJAYAWADA,ANDHRA PRADESH,VIJAYAWADA,V62,IP DISPATCH VIJAYAWADA BRANCH,4,Y
515281,VIJAYAWADA,ANDHRA PRADESH,VIJAYAWADA,V62,IP DISPATCH VIJAYAWADA BRANCH,4,Y
515286,VIJAYAWADA,ANDHRA PRADESH,VIJAYAWADA,V62,IP DISPATCH VIJAYAWADA BRANCH,4,Y
515291,VIJAYAWADA,ANDHRA PRADESH,VIJAYAWADA,V62,IP DISPATCH VIJAYAWADA BRANCH,4,Y
515303,VIJAYAWADA,ANDHRA PRADESH,VIJAYAWADA,V62,IP DISPATCH VIJAYAWADA BRANCH,4,Y
515305,VIJAYAWADA,ANDHRA PRADESH,VIJAYAWADA,V62,IP DISPATCH VIJAYAWADA BRANCH,4,Y
515311,VIJAYAWADA,ANDHRA PRADESH,VIJAYAWADA,V62,IP DISPATCH VIJAYAWADA BRANCH,4,Y
515321,VIJAYAWADA,ANDHRA PRADESH,VIJAYAWADA,V62,IP DISPATCH VIJAYAWADA BRANCH,4,Y
515341,VIJAYAWADA,ANDHRA PRADESH,VIJAYAWADA,V62,IP DISPATCH VIJAYAWADA BRANCH,4,Y
515405,VIJAYAWADA,ANDHRA PRADESH,VIJAYAWADA,V62,IP DISPATCH VIJAYAWADA BRANCH,4,Y
515413,VIJAYAWADA,ANDHRA PRADESH,VIJAYAWADA,V62,IP DISPATCH VIJAYAWADA BRANCH,4,Y
515414,VIJAYAWADA,ANDHRA PRADESH,VIJAYAWADA,V62,IP DISPATCH VIJAYAWADA BRANCH,4,Y
515415,VIJAYAWADA,ANDHRA PRADESH,VIJAYAWADA,V62,IP DISPATCH VIJAYAWADA BRANCH,4,Y
515435,VIJAYAWADA,ANDHRA PRADESH,VIJAYAWADA,V62,IP DISPATCH VIJAYAWADA BRANCH,4,Y
515445,VIJAYAWADA,ANDHRA PRADESH,VIJAYAWADA,V62,IP DISPATCH VIJAYAWADA BRANCH,4,Y
515501,VIJAYAWADA,ANDHRA PRADESH,VIJAYAWADA,V62,IP DISPATCH VIJAYAWADA BRANCH,4,Y
515521,VIJAYAWADA,ANDHRA PRADESH,VIJAYAWADA,V62,IP DISPATCH VIJAYAWADA BRANCH,4,Y
515531,VIJAYAWADA,ANDHRA PRADESH,VIJAYAWADA,V62,IP DISPATCH VIJAYAWADA BRANCH,4,Y
515541,VIJAYAWADA,ANDHRA PRADESH,VIJAYAWADA,V62,IP DISPATCH VIJAYAWADA BRANCH,4,Y
515551,VIJAYAWADA,ANDHRA PRADESH,VIJAYAWADA,V62,IP DISPATCH VIJAYAWADA BRANCH,4,Y
515556,VIJAYAWADA,ANDHRA PRADESH,VIJAYAWADA,V62,IP DISPATCH VIJAYAWADA BRANCH,4,Y
515571,VIJAYAWADA,ANDHRA PRADESH,VIJAYAWADA,V62,IP DISPATCH VIJAYAWADA BRANCH,4,Y
515581,VIJAYAWADA,ANDHRA PRADESH,VIJAYAWADA,V62,IP DISPATCH VIJAYAWADA BRANCH,4,Y
515611,VIJAYAWADA,ANDHRA PRADESH,VIJAYAWADA,V62,IP DISPATCH VIJAYAWADA BRANCH,4,Y
515621,VIJAYAWADA,ANDHRA PRADESH,VIJAYAWADA,V62,IP DISPATCH VIJAYAWADA BRANCH,4,Y
515631,VIJAYAWADA,ANDHRA PRADESH,VIJAYAWADA,V62,IP DISPATCH VIJAYAWADA BRANCH,4,Y
515651,VIJAYAWADA,ANDHRA PRADESH,VIJAYAWADA,V62,IP DISPATCH VIJAYAWADA BRANCH,4,Y
515711,VIJAYAWADA,ANDHRA PRADESH,VIJAYAWADA,V62,IP DISPATCH VIJAYAWADA BRANCH,4,Y
515721,VIJAYAWADA,ANDHRA PRADESH,VIJAYAWADA,V62,IP DISPATCH VIJAYAWADA BRANCH,4,Y
515751,VIJAYAWADA,ANDHRA PRADESH,VIJAYAWADA,V62,IP DISPATCH VIJAYAWADA BRANCH,4,Y
515763,VIJAYAWADA,ANDHRA PRADESH,VIJAYAWADA,V62,IP DISPATCH VIJAYAWADA BRANCH,4,Y
515765,VIJAYAWADA,ANDHRA PRADESH,VIJAYAWADA,V62,IP DISPATCH VIJAYAWADA BRANCH,4,Y
515767,VIJAYAWADA,ANDHRA PRADESH,VIJAYAWADA,V62,IP DISPATCH VIJAYAWADA BRANCH,4,Y
515774,VIJAYAWADA,ANDHRA PRADESH,VIJAYAWADA,V62,IP DISPATCH VIJAYAWADA BRANCH,4,Y
515787,VIJAYAWADA,ANDHRA PRADESH,VIJAYAWADA,V62,IP DISPATCH VIJAYAWADA BRANCH,4,Y
515822,VIJAYAWADA,ANDHRA PRADESH,VIJAYAWADA,V62,IP DISPATCH VIJAYAWADA BRANCH,4,Y
515832,VIJAYAWADA,ANDHRA PRADESH,VIJAYAWADA,V62,IP DISPATCH VIJAYAWADA BRANCH,4,Y
515842,VIJAYAWADA,ANDHRA PRADESH,VIJAYAWADA,V62,IP DISPATCH VIJAYAWADA BRANCH,4,Y
515863,VIJAYAWADA,ANDHRA PRADESH,VIJAYAWADA,V62,IP DISPATCH VIJAYAWADA BRANCH,4,Y
515867,VIJAYAWADA,ANDHRA PRADESH,VIJAYAWADA,V62,IP DISPATCH VIJAYAWADA BRANCH,4,Y
515870,VIJAYAWADA,ANDHRA PRADESH,VIJAYAWADA,V62,IP DISPATCH VIJAYAWADA BRANCH,4,Y
516005,VIJAYAWADA,ANDHRA PRADESH,VIJAYAWADA,V62,IP DISPATCH VIJAYAWADA BRANCH,4,Y
516105,VIJAYAWADA,ANDHRA PRADESH,VIJAYAWADA,V62,IP DISPATCH VIJAYAWADA BRANCH,4,Y
516107,VIJAYAWADA,ANDHRA PRADESH,VIJAYAWADA,V62,IP DISPATCH VIJAYAWADA BRANCH,4,Y
516108,VIJAYAWADA,ANDHRA PRADESH,VIJAYAWADA,V62,IP DISPATCH VIJAYAWADA BRANCH,4,Y
516110,VIJAYAWADA,ANDHRA PRADESH,VIJAYAWADA,V62,IP DISPATCH VIJAYAWADA BRANCH,4,Y
516126,VIJAYAWADA,ANDHRA PRADESH,VIJAYAWADA,V62,IP DISPATCH VIJAYAWADA BRANCH,4,Y
516127,VIJAYAWADA,ANDHRA PRADESH,VIJAYAWADA,V62,IP DISPATCH VIJAYAWADA BRANCH,4,Y
516128,VIJAYAWADA,ANDHRA PRADESH,VIJAYAWADA,V62,IP DISPATCH VIJAYAWADA BRANCH,4,Y
516129,VIJAYAWADA,ANDHRA PRADESH,VIJAYAWADA,V62,IP DISPATCH VIJAYAWADA BRANCH,4,Y
516150,VIJAYAWADA,ANDHRA PRADESH,VIJAYAWADA,V62,IP DISPATCH VIJAYAWADA BRANCH,4,Y
516151,VIJAYAWADA,ANDHRA PRADESH,VIJAYAWADA,V62,IP DISPATCH VIJAYAWADA BRANCH,4,Y
516152,VIJAYAWADA,ANDHRA PRADESH,VIJAYAWADA,V62,IP DISPATCH VIJAYAWADA BRANCH,4,Y
516163,VIJAYAWADA,ANDHRA PRADESH,VIJAYAWADA,V62,IP DISPATCH VIJAYAWADA BRANCH,4,Y
516173,VIJAYAWADA,ANDHRA PRADESH,VIJAYAWADA,V62,IP DISPATCH VIJAYAWADA BRANCH,4,Y
516175,VIJAYAWADA,ANDHRA PRADESH,VIJAYAWADA,V62,IP DISPATCH VIJAYAWADA BRANCH,4,Y
516215,VIJAYAWADA,ANDHRA PRADESH,VIJAYAWADA,V62,IP DISPATCH VIJAYAWADA BRANCH,4,Y
516218,VIJAYAWADA,ANDHRA PRADESH,VIJAYAWADA,V62,IP DISPATCH VIJAYAWADA BRANCH,4,Y
516228,VIJAYAWADA,ANDHRA PRADESH,VIJAYAWADA,V62,IP DISPATCH VIJAYAWADA BRANCH,4,Y
516233,VIJAYAWADA,ANDHRA PRADESH,VIJAYAWADA,V62,IP DISPATCH VIJAYAWADA BRANCH,4,Y
516237,VIJAYAWADA,ANDHRA PRADESH,VIJAYAWADA,V62,IP DISPATCH VIJAYAWADA BRANCH,4,Y
516259,VIJAYAWADA,ANDHRA PRADESH,VIJAYAWADA,V62,IP DISPATCH VIJAYAWADA BRANCH,4,Y
516268,VIJAYAWADA,ANDHRA PRADESH,VIJAYAWADA,V62,IP DISPATCH VIJAYAWADA BRANCH,4,Y
516270,VIJAYAWADA,ANDHRA PRADESH,VIJAYAWADA,V62,IP DISPATCH VIJAYAWADA BRANCH,4,Y
516293,VIJAYAWADA,ANDHRA PRADESH,VIJAYAWADA,V62,IP DISPATCH VIJAYAWADA BRANCH,4,Y
516311,VIJAYAWADA,ANDHRA PRADESH,VIJAYAWADA,V62,IP DISPATCH VIJAYAWADA BRANCH,4,Y
516321,VIJAYAWADA,ANDHRA PRADESH,VIJAYAWADA,V62,IP DISPATCH VIJAYAWADA BRANCH,4,Y
516339,VIJAYAWADA,ANDHRA PRADESH,VIJAYAWADA,V62,IP DISPATCH VIJAYAWADA BRANCH,4,Y
516349,VIJAYAWADA,ANDHRA PRADESH,VIJAYAWADA,V62,IP DISPATCH VIJAYAWADA BRANCH,4,Y
516350,VIJAYAWADA,ANDHRA PRADESH,VIJAYAWADA,V62,IP DISPATCH VIJAYAWADA BRANCH,4,Y
516355,VIJAYAWADA,ANDHRA PRADESH,VIJAYAWADA,V62,IP DISPATCH VIJAYAWADA BRANCH,4,Y
516356,VIJAYAWADA,ANDHRA PRADESH,VIJAYAWADA,V62,IP DISPATCH VIJAYAWADA BRANCH,4,Y
516359,VIJAYAWADA,ANDHRA PRADESH,VIJAYAWADA,V62,IP DISPATCH VIJAYAWADA BRANCH,4,Y
516361,VIJAYAWADA,ANDHRA PRADESH,VIJAYAWADA,V62,IP DISPATCH VIJAYAWADA BRANCH,4,Y
516362,VIJAYAWADA,ANDHRA PRADESH,VIJAYAWADA,V62,IP DISPATCH VIJAYAWADA BRANCH,4,Y
516391,VIJAYAWADA,ANDHRA PRADESH,VIJAYAWADA,V62,IP DISPATCH VIJAYAWADA BRANCH,4,Y
516396,VIJAYAWADA,ANDHRA PRADESH,VIJAYAWADA,V62,IP DISPATCH VIJAYAWADA BRANCH,4,Y
516401,VIJAYAWADA,ANDHRA PRADESH,VIJAYAWADA,V62,IP DISPATCH VIJAYAWADA BRANCH,4,Y
516411,VIJAYAWADA,ANDHRA PRADESH,VIJAYAWADA,V62,IP DISPATCH VIJAYAWADA BRANCH,4,Y
516421,VIJAYAWADA,ANDHRA PRADESH,VIJAYAWADA,V62,IP DISPATCH VIJAYAWADA BRANCH,4,Y
516431,VIJAYAWADA,ANDHRA PRADESH,VIJAYAWADA,V62,IP DISPATCH VIJAYAWADA BRANCH,4,Y
516432,VIJAYAWADA,ANDHRA PRADESH,VIJAYAWADA,V62,IP DISPATCH VIJAYAWADA BRANCH,4,Y
516454,VIJAYAWADA,ANDHRA PRADESH,VIJAYAWADA,V62,IP DISPATCH VIJAYAWADA BRANCH,4,Y
516464,VIJAYAWADA,ANDHRA PRADESH,VIJAYAWADA,V62,IP DISPATCH VIJAYAWADA BRANCH,4,Y
516474,VIJAYAWADA,ANDHRA PRADESH,VIJAYAWADA,V62,IP DISPATCH VIJAYAWADA BRANCH,4,Y
516484,VIJAYAWADA,ANDHRA PRADESH,VIJAYAWADA,V62,IP DISPATCH VIJAYAWADA BRANCH,4,Y
516501,VIJAYAWADA,ANDHRA PRADESH,VIJAYAWADA,V62,IP DISPATCH VIJAYAWADA BRANCH,4,Y
516502,VIJAYAWADA,ANDHRA PRADESH,VIJAYAWADA,V62,IP DISPATCH VIJAYAWADA BRANCH,4,Y
516504,VIJAYAWADA,ANDHRA PRADESH,VIJAYAWADA,V62,IP DISPATCH VIJAYAWADA BRANCH,4,Y
516505,VIJAYAWADA,ANDHRA PRADESH,VIJAYAWADA,V62,IP DISPATCH VIJAYAWADA BRANCH,4,Y
517128,VIJAYAWADA,ANDHRA PRADESH,VIJAYAWADA,V62,IP DISPATCH VIJAYAWADA BRANCH,3,Y
517132,VIJAYAWADA,ANDHRA PRADESH,VIJAYAWADA,V62,IP DISPATCH VIJAYAWADA BRANCH,3,Y
517152,VIJAYAWADA,ANDHRA PRADESH,VIJAYAWADA,V62,IP DISPATCH VIJAYAWADA BRANCH,3,Y
517167,VIJAYAWADA,ANDHRA PRADESH,VIJAYAWADA,V62,IP DISPATCH VIJAYAWADA BRANCH,3,Y
517172,VIJAYAWADA,ANDHRA PRADESH,VIJAYAWADA,V62,IP DISPATCH VIJAYAWADA BRANCH,3,Y
517213,VIJAYAWADA,ANDHRA PRADESH,VIJAYAWADA,V62,IP DISPATCH VIJAYAWADA BRANCH,3,Y
517237,VIJAYAWADA,ANDHRA PRADESH,VIJAYAWADA,V62,IP DISPATCH VIJAYAWADA BRANCH,3,Y
517277,VIJAYAWADA,ANDHRA PRADESH,VIJAYAWADA,V62,IP DISPATCH VIJAYAWADA BRANCH,3,Y
517291,VIJAYAWADA,ANDHRA PRADESH,VIJAYAWADA,V62,IP DISPATCH VIJAYAWADA BRANCH,3,Y
517305,VIJAYAWADA,ANDHRA PRADESH,VIJAYAWADA,V62,IP DISPATCH VIJAYAWADA BRANCH,3,Y
517350,VIJAYAWADA,ANDHRA PRADESH,VIJAYAWADA,V62,IP DISPATCH VIJAYAWADA BRANCH,3,Y
517403,VIJAYAWADA,ANDHRA PRADESH,VIJAYAWADA,V62,IP DISPATCH VIJAYAWADA BRANCH,3,Y
517414,VIJAYAWADA,ANDHRA PRADESH,VIJAYAWADA,V62,IP DISPATCH VIJAYAWADA BRANCH,3,Y
517417,VIJAYAWADA,ANDHRA PRADESH,VIJAYAWADA,V62,IP DISPATCH VIJAYAWADA BRANCH,3,Y
517421,VIJAYAWADA,ANDHRA PRADESH,VIJAYAWADA,V62,IP DISPATCH VIJAYAWADA BRANCH,3,Y
517426,VIJAYAWADA,ANDHRA PRADESH,VIJAYAWADA,V62,IP DISPATCH VIJAYAWADA BRANCH,3,Y
517429,VIJAYAWADA,ANDHRA PRADESH,VIJAYAWADA,V62,IP DISPATCH VIJAYAWADA BRANCH,3,Y
517509,VIJAYAWADA,ANDHRA PRADESH,VIJAYAWADA,V62,IP DISPATCH VIJAYAWADA BRANCH,3,Y
517536,VIJAYAWADA,ANDHRA PRADESH,VIJAYAWADA,V62,IP DISPATCH VIJAYAWADA BRANCH,3,Y
517571,VIJAYAWADA,ANDHRA PRADESH,VIJAYAWADA,V62,IP DISPATCH VIJAYAWADA BRANCH,3,Y
517584,VIJAYAWADA,ANDHRA PRADESH,VIJAYAWADA,V62,IP DISPATCH VIJAYAWADA BRANCH,3,Y
517586,VIJAYAWADA,ANDHRA PRADESH,VIJAYAWADA,V62,IP DISPATCH VIJAYAWADA BRANCH,3,Y
517589,VIJAYAWADA,ANDHRA PRADESH,VIJAYAWADA,V62,IP DISPATCH VIJAYAWADA BRANCH,3,Y
517591,VIJAYAWADA,ANDHRA PRADESH,VIJAYAWADA,V62,IP DISPATCH VIJAYAWADA BRANCH,3,Y
517599,VIJAYAWADA,ANDHRA PRADESH,VIJAYAWADA,V62,IP DISPATCH VIJAYAWADA BRANCH,3,Y
517620,VIJAYAWADA,ANDHRA PRADESH,VIJAYAWADA,V62,IP DISPATCH VIJAYAWADA BRANCH,3,Y
517642,VIJAYAWADA,ANDHRA PRADESH,VIJAYAWADA,V62,IP DISPATCH VIJAYAWADA BRANCH,3,Y
517643,VIJAYAWADA,ANDHRA PRADESH,VIJAYAWADA,V62,IP DISPATCH VIJAYAWADA BRANCH,3,Y
517645,VIJAYAWADA,ANDHRA PRADESH,VIJAYAWADA,V62,IP DISPATCH VIJAYAWADA BRANCH,3,Y
518101,VIJAYAWADA,ANDHRA PRADESH,VIJAYAWADA,V62,IP DISPATCH VIJAYAWADA BRANCH,4,Y
518102,VIJAYAWADA,ANDHRA PRADESH,VIJAYAWADA,V62,IP DISPATCH VIJAYAWADA BRANCH,4,Y
518112,VIJAYAWADA,ANDHRA PRADESH,VIJAYAWADA,V62,IP DISPATCH VIJAYAWADA BRANCH,4,Y
518135,VIJAYAWADA,ANDHRA PRADESH,VIJAYAWADA,V62,IP DISPATCH VIJAYAWADA BRANCH,4,Y
518145,VIJAYAWADA,ANDHRA PRADESH,VIJAYAWADA,V62,IP DISPATCH VIJAYAWADA BRANCH,4,Y
518155,VIJAYAWADA,ANDHRA PRADESH,VIJAYAWADA,V62,IP DISPATCH VIJAYAWADA BRANCH,4,Y
518165,VIJAYAWADA,ANDHRA PRADESH,VIJAYAWADA,V62,IP DISPATCH VIJAYAWADA BRANCH,4,Y
518166,VIJAYAWADA,ANDHRA PRADESH,VIJAYAWADA,V62,IP DISPATCH VIJAYAWADA BRANCH,4,Y
518176,VIJAYAWADA,ANDHRA PRADESH,VIJAYAWADA,V62,IP DISPATCH VIJAYAWADA BRANCH,4,Y
518186,VIJAYAWADA,ANDHRA PRADESH,VIJAYAWADA,V62,IP DISPATCH VIJAYAWADA BRANCH,4,Y
518196,VIJAYAWADA,ANDHRA PRADESH,VIJAYAWADA,V62,IP DISPATCH VIJAYAWADA BRANCH,4,Y
518206,VIJAYAWADA,ANDHRA PRADESH,VIJAYAWADA,V62,IP DISPATCH VIJAYAWADA BRANCH,4,Y
518217,VIJAYAWADA,ANDHRA PRADESH,VIJAYAWADA,V62,IP DISPATCH VIJAYAWADA BRANCH,4,Y
518220,VIJAYAWADA,ANDHRA PRADESH,VIJAYAWADA,V62,IP DISPATCH VIJAYAWADA BRANCH,4,Y
518225,VIJAYAWADA,ANDHRA PRADESH,VIJAYAWADA,V62,IP DISPATCH VIJAYAWADA BRANCH,4,Y
518308,VIJAYAWADA,ANDHRA PRADESH,VIJAYAWADA,V62,IP DISPATCH VIJAYAWADA BRANCH,4,Y
518313,VIJAYAWADA,ANDHRA PRADESH,VIJAYAWADA,V62,IP DISPATCH VIJAYAWADA BRANCH,4,Y
518323,VIJAYAWADA,ANDHRA PRADESH,VIJAYAWADA,V62,IP DISPATCH VIJAYAWADA BRANCH,4,Y
518333,VIJAYAWADA,ANDHRA PRADESH,VIJAYAWADA,V62,IP DISPATCH VIJAYAWADA BRANCH,4,Y
518343,VIJAYAWADA,ANDHRA PRADESH,VIJAYAWADA,V62,IP DISPATCH VIJAYAWADA BRANCH,4,Y
518344,VIJAYAWADA,ANDHRA PRADESH,VIJAYAWADA,V62,IP DISPATCH VIJAYAWADA BRANCH,4,Y
518346,VIJAYAWADA,ANDHRA PRADESH,VIJAYAWADA,V62,IP DISPATCH VIJAYAWADA BRANCH,4,Y
518348,VIJAYAWADA,ANDHRA PRADESH,VIJAYAWADA,V62,IP DISPATCH VIJAYAWADA BRANCH,4,Y
518349,VIJAYAWADA,ANDHRA PRADESH,VIJAYAWADA,V62,IP DISPATCH VIJAYAWADA BRANCH,4,Y
518350,VIJAYAWADA,ANDHRA PRADESH,VIJAYAWADA,V62,IP DISPATCH VIJAYAWADA BRANCH,4,Y
518385,VIJAYAWADA,ANDHRA PRADESH,VIJAYAWADA,V62,IP DISPATCH VIJAYAWADA BRANCH,4,Y
518390,VIJAYAWADA,ANDHRA PRADESH,VIJAYAWADA,V62,IP DISPATCH VIJAYAWADA BRANCH,4,Y
518396,VIJAYAWADA,ANDHRA PRADESH,VIJAYAWADA,V62,IP DISPATCH VIJAYAWADA BRANCH,4,Y
518405,VIJAYAWADA,ANDHRA PRADESH,VIJAYAWADA,V62,IP DISPATCH VIJAYAWADA BRANCH,4,Y
518411,VIJAYAWADA,ANDHRA PRADESH,VIJAYAWADA,V62,IP DISPATCH VIJAYAWADA BRANCH,4,Y
518412,VIJAYAWADA,ANDHRA PRADESH,VIJAYAWADA,V62,IP DISPATCH VIJAYAWADA BRANCH,4,Y
518432,VIJAYAWADA,ANDHRA PRADESH,VIJAYAWADA,V62,IP DISPATCH VIJAYAWADA BRANCH,4,Y
518442,VIJAYAWADA,ANDHRA PRADESH,VIJAYAWADA,V62,IP DISPATCH VIJAYAWADA BRANCH,4,Y
518452,VIJAYAWADA,ANDHRA PRADESH,VIJAYAWADA,V62,IP DISPATCH VIJAYAWADA BRANCH,4,Y
518462,VIJAYAWADA,ANDHRA PRADESH,VIJAYAWADA,V62,IP DISPATCH VIJAYAWADA BRANCH,4,Y
518463,VIJAYAWADA,ANDHRA PRADESH,VIJAYAWADA,V62,IP DISPATCH VIJAYAWADA BRANCH,4,Y
518465,VIJAYAWADA,ANDHRA PRADESH,VIJAYAWADA,V62,IP DISPATCH VIJAYAWADA BRANCH,4,Y
518466,VIJAYAWADA,ANDHRA PRADESH,VIJAYAWADA,V62,IP DISPATCH VIJAYAWADA BRANCH,4,Y
518467,VIJAYAWADA,ANDHRA PRADESH,VIJAYAWADA,V62,IP DISPATCH VIJAYAWADA BRANCH,4,Y
518468,VIJAYAWADA,ANDHRA PRADESH,VIJAYAWADA,V62,IP DISPATCH VIJAYAWADA BRANCH,4,Y
518510,VIJAYAWADA,ANDHRA PRADESH,VIJAYAWADA,V62,IP DISPATCH VIJAYAWADA BRANCH,4,Y
518511,VIJAYAWADA,ANDHRA PRADESH,VIJAYAWADA,V62,IP DISPATCH VIJAYAWADA BRANCH,4,Y
518512,VIJAYAWADA,ANDHRA PRADESH,VIJAYAWADA,V62,IP DISPATCH VIJAYAWADA BRANCH,4,Y
518513,VIJAYAWADA,ANDHRA PRADESH,VIJAYAWADA,V62,IP DISPATCH VIJAYAWADA BRANCH,4,Y
518523,VIJAYAWADA,ANDHRA PRADESH,VIJAYAWADA,V62,IP DISPATCH VIJAYAWADA BRANCH,4,Y
518573,VIJAYAWADA,ANDHRA PRADESH,VIJAYAWADA,V62,IP DISPATCH VIJAYAWADA BRANCH,4,Y
518593,VIJAYAWADA,ANDHRA PRADESH,VIJAYAWADA,V62,IP DISPATCH VIJAYAWADA BRANCH,4,Y
518594,VIJAYAWADA,ANDHRA PRADESH,VIJAYAWADA,V62,IP DISPATCH VIJAYAWADA BRANCH,4,Y
518598,VIJAYAWADA,ANDHRA PRADESH,VIJAYAWADA,V62,IP DISPATCH VIJAYAWADA BRANCH,4,Y
518674,VIJAYAWADA,ANDHRA PRADESH,VIJAYAWADA,V62,IP DISPATCH VIJAYAWADA BRANCH,4,Y
521004,VIJAYAWADA,ANDHRA PRADESH,VIJAYAWADA,V62,IP DISPATCH VIJAYAWADA BRANCH,2,Y
521106,VIJAYAWADA,ANDHRA PRADESH,VIJAYAWADA,V62,IP DISPATCH VIJAYAWADA BRANCH,2,Y
521122,VIJAYAWADA,ANDHRA PRADESH,VIJAYAWADA,V62,IP DISPATCH VIJAYAWADA BRANCH,2,Y
521130,VIJAYAWADA,ANDHRA PRADESH,VIJAYAWADA,V62,IP DISPATCH VIJAYAWADA BRANCH,2,Y
521131,VIJAYAWADA,ANDHRA PRADESH,VIJAYAWADA,V62,IP DISPATCH VIJAYAWADA BRANCH,2,Y
521133,VIJAYAWADA,ANDHRA PRADESH,VIJAYAWADA,V62,IP DISPATCH VIJAYAWADA BRANCH,2,Y
521148,VIJAYAWADA,ANDHRA PRADESH,VIJAYAWADA,V62,IP DISPATCH VIJAYAWADA BRANCH,2,Y
521149,VIJAYAWADA,ANDHRA PRADESH,VIJAYAWADA,V62,IP DISPATCH VIJAYAWADA BRANCH,2,Y
521150,VIJAYAWADA,ANDHRA PRADESH,VIJAYAWADA,V62,IP DISPATCH VIJAYAWADA BRANCH,2,Y
521153,VIJAYAWADA,ANDHRA PRADESH,VIJAYAWADA,V62,IP DISPATCH VIJAYAWADA BRANCH,2,Y
521162,VIJAYAWADA,ANDHRA PRADESH,VIJAYAWADA,V62,IP DISPATCH VIJAYAWADA BRANCH,2,Y
521170,VIJAYAWADA,ANDHRA PRADESH,VIJAYAWADA,V62,IP DISPATCH VIJAYAWADA BRANCH,2,Y
521181,VIJAYAWADA,ANDHRA PRADESH,VIJAYAWADA,V62,IP DISPATCH VIJAYAWADA BRANCH,2,Y
521184,VIJAYAWADA,ANDHRA PRADESH,VIJAYAWADA,V62,IP DISPATCH VIJAYAWADA BRANCH,2,Y
521207,VIJAYAWADA,ANDHRA PRADESH,VIJAYAWADA,V62,IP DISPATCH VIJAYAWADA BRANCH,2,Y
521213,VIJAYAWADA,ANDHRA PRADESH,VIJAYAWADA,V62,IP DISPATCH VIJAYAWADA BRANCH,2,Y
521214,VIJAYAWADA,ANDHRA PRADESH,VIJAYAWADA,V62,IP DISPATCH VIJAYAWADA BRANCH,2,Y
521224,VIJAYAWADA,ANDHRA PRADESH,VIJAYAWADA,V62,IP DISPATCH VIJAYAWADA BRANCH,2,Y
521226,VIJAYAWADA,ANDHRA PRADESH,VIJAYAWADA,V62,IP DISPATCH VIJAYAWADA BRANCH,2,Y
521231,VIJAYAWADA,ANDHRA PRADESH,VIJAYAWADA,V62,IP DISPATCH VIJAYAWADA BRANCH,2,Y
521260,VIJAYAWADA,ANDHRA PRADESH,VIJAYAWADA,V62,IP DISPATCH VIJAYAWADA BRANCH,2,Y
521263,VIJAYAWADA,ANDHRA PRADESH,VIJAYAWADA,V62,IP DISPATCH VIJAYAWADA BRANCH,2,Y
521311,VIJAYAWADA,ANDHRA PRADESH,VIJAYAWADA,V62,IP DISPATCH VIJAYAWADA BRANCH,2,Y
521312,VIJAYAWADA,ANDHRA PRADESH,VIJAYAWADA,V62,IP DISPATCH VIJAYAWADA BRANCH,2,Y
521320,VIJAYAWADA,ANDHRA PRADESH,VIJAYAWADA,V62,IP DISPATCH VIJAYAWADA BRANCH,2,Y
521321,VIJAYAWADA,ANDHRA PRADESH,VIJAYAWADA,V62,IP DISPATCH VIJAYAWADA BRANCH,2,Y
521322,VIJAYAWADA,ANDHRA PRADESH,VIJAYAWADA,V62,IP DISPATCH VIJAYAWADA BRANCH,2,Y
521323,VIJAYAWADA,ANDHRA PRADESH,VIJAYAWADA,V62,IP DISPATCH VIJAYAWADA BRANCH,2,Y
521326,VIJAYAWADA,ANDHRA PRADESH,VIJAYAWADA,V62,IP DISPATCH VIJAYAWADA BRANCH,2,Y
521327,VIJAYAWADA,ANDHRA PRADESH,VIJAYAWADA,V62,IP DISPATCH VIJAYAWADA BRANCH,2,Y
521328,VIJAYAWADA,ANDHRA PRADESH,VIJAYAWADA,V62,IP DISPATCH VIJAYAWADA BRANCH,2,Y
521329,VIJAYAWADA,ANDHRA PRADESH,VIJAYAWADA,V62,IP DISPATCH VIJAYAWADA BRANCH,2,Y
521330,VIJAYAWADA,ANDHRA PRADESH,VIJAYAWADA,V62,IP DISPATCH VIJAYAWADA BRANCH,2,Y
521331,VIJAYAWADA,ANDHRA PRADESH,VIJAYAWADA,V62,IP DISPATCH VIJAYAWADA BRANCH,2,Y
521332,VIJAYAWADA,ANDHRA PRADESH,VIJAYAWADA,V62,IP DISPATCH VIJAYAWADA BRANCH,2,Y
521369,VIJAYAWADA,ANDHRA PRADESH,VIJAYAWADA,V62,IP DISPATCH VIJAYAWADA BRANCH,2,Y
522015,VIJAYAWADA,ANDHRA PRADESH,VIJAYAWADA,V62,IP DISPATCH VIJAYAWADA BRANCH,2,Y
522234,VIJAYAWADA,ANDHRA PRADESH,VIJAYAWADA,V62,IP DISPATCH VIJAYAWADA BRANCH,2,Y
522240,VIJAYAWADA,ANDHRA PRADESH,VIJAYAWADA,V62,IP DISPATCH VIJAYAWADA BRANCH,2,Y
522241,VIJAYAWADA,ANDHRA PRADESH,VIJAYAWADA,V62,IP DISPATCH VIJAYAWADA BRANCH,2,Y
522258,VIJAYAWADA,ANDHRA PRADESH,VIJAYAWADA,V62,IP DISPATCH VIJAYAWADA BRANCH,2,Y
522264,VIJAYAWADA,ANDHRA PRADESH,VIJAYAWADA,V62,IP DISPATCH VIJAYAWADA BRANCH,2,Y
522301,VIJAYAWADA,ANDHRA PRADESH,VIJAYAWADA,V62,IP DISPATCH VIJAYAWADA BRANCH,2,Y
522305,VIJAYAWADA,ANDHRA PRADESH,VIJAYAWADA,V62,IP DISPATCH VIJAYAWADA BRANCH,2,Y
522313,VIJAYAWADA,ANDHRA PRADESH,VIJAYAWADA,V62,IP DISPATCH VIJAYAWADA BRANCH,2,Y
522436,VIJAYAWADA,ANDHRA PRADESH,VIJAYAWADA,V62,IP DISPATCH VIJAYAWADA BRANCH,2,Y
522439,VIJAYAWADA,ANDHRA PRADESH,VIJAYAWADA,V62,IP DISPATCH VIJAYAWADA BRANCH,2,Y
522603,VIJAYAWADA,ANDHRA PRADESH,VIJAYAWADA,V62,IP DISPATCH VIJAYAWADA BRANCH,2,Y
522613,VIJAYAWADA,ANDHRA PRADESH,VIJAYAWADA,V62,IP DISPATCH VIJAYAWADA BRANCH,2,Y
522626,VIJAYAWADA,ANDHRA PRADESH,VIJAYAWADA,V62,IP DISPATCH VIJAYAWADA BRANCH,2,Y
522649,VIJAYAWADA,ANDHRA PRADESH,VIJAYAWADA,V62,IP DISPATCH VIJAYAWADA BRANCH,2,Y
522657,VIJAYAWADA,ANDHRA PRADESH,VIJAYAWADA,V62,IP DISPATCH VIJAYAWADA BRANCH,2,Y
522658,VIJAYAWADA,ANDHRA PRADESH,VIJAYAWADA,V62,IP DISPATCH VIJAYAWADA BRANCH,2,Y
522659,VIJAYAWADA,ANDHRA PRADESH,VIJAYAWADA,V62,IP DISPATCH VIJAYAWADA BRANCH,2,Y
522661,VIJAYAWADA,ANDHRA PRADESH,VIJAYAWADA,V62,IP DISPATCH VIJAYAWADA BRANCH,2,Y
522663,VIJAYAWADA,ANDHRA PRADESH,VIJAYAWADA,V62,IP DISPATCH VIJAYAWADA BRANCH,2,Y
523003,VIJAYAWADA,ANDHRA PRADESH,VIJAYAWADA,V62,IP DISPATCH VIJAYAWADA BRANCH,3,Y
523104,VIJAYAWADA,ANDHRA PRADESH,VIJAYAWADA,V62,IP DISPATCH VIJAYAWADA BRANCH,3,Y
523109,VIJAYAWADA,ANDHRA PRADESH,VIJAYAWADA,V62,IP DISPATCH VIJAYAWADA BRANCH,3,Y
523110,VIJAYAWADA,ANDHRA PRADESH,VIJAYAWADA,V62,IP DISPATCH VIJAYAWADA BRANCH,3,Y
523111,VIJAYAWADA,ANDHRA PRADESH,VIJAYAWADA,V62,IP DISPATCH VIJAYAWADA BRANCH,3,Y
523113,VIJAYAWADA,ANDHRA PRADESH,VIJAYAWADA,V62,IP DISPATCH VIJAYAWADA BRANCH,3,Y
523114,VIJAYAWADA,ANDHRA PRADESH,VIJAYAWADA,V62,IP DISPATCH VIJAYAWADA BRANCH,3,Y
523115,VIJAYAWADA,ANDHRA PRADESH,VIJAYAWADA,V62,IP DISPATCH VIJAYAWADA BRANCH,3,Y
523116,VIJAYAWADA,ANDHRA PRADESH,VIJAYAWADA,V62,IP DISPATCH VIJAYAWADA BRANCH,3,Y
523135,VIJAYAWADA,ANDHRA PRADESH,VIJAYAWADA,V62,IP DISPATCH VIJAYAWADA BRANCH,2,Y
523170,VIJAYAWADA,ANDHRA PRADESH,VIJAYAWADA,V62,IP DISPATCH VIJAYAWADA BRANCH,2,Y
523171,VIJAYAWADA,ANDHRA PRADESH,VIJAYAWADA,V62,IP DISPATCH VIJAYAWADA BRANCH,2,Y
523180,VIJAYAWADA,ANDHRA PRADESH,VIJAYAWADA,V62,IP DISPATCH VIJAYAWADA BRANCH,3,Y
523181,VIJAYAWADA,ANDHRA PRADESH,VIJAYAWADA,V62,IP DISPATCH VIJAYAWADA BRANCH,2,Y
523182,VIJAYAWADA,ANDHRA PRADESH,VIJAYAWADA,V62,IP DISPATCH VIJAYAWADA BRANCH,3,Y
523184,VIJAYAWADA,ANDHRA PRADESH,VIJAYAWADA,V62,IP DISPATCH VIJAYAWADA BRANCH,2,Y
523185,VIJAYAWADA,ANDHRA PRADESH,VIJAYAWADA,V62,IP DISPATCH VIJAYAWADA BRANCH,3,Y
523186,VIJAYAWADA,ANDHRA PRADESH,VIJAYAWADA,V62,IP DISPATCH VIJAYAWADA BRANCH,3,Y
523190,VIJAYAWADA,ANDHRA PRADESH,VIJAYAWADA,V62,IP DISPATCH VIJAYAWADA BRANCH,2,Y
523213,VIJAYAWADA,ANDHRA PRADESH,VIJAYAWADA,V62,IP DISPATCH VIJAYAWADA BRANCH,2,Y
523214,VIJAYAWADA,ANDHRA PRADESH,VIJAYAWADA,V62,IP DISPATCH VIJAYAWADA BRANCH,2,Y
523223,VIJAYAWADA,ANDHRA PRADESH,VIJAYAWADA,V62,IP DISPATCH VIJAYAWADA BRANCH,3,Y
523224,VIJAYAWADA,ANDHRA PRADESH,VIJAYAWADA,V62,IP DISPATCH VIJAYAWADA BRANCH,3,Y
523227,VIJAYAWADA,ANDHRA PRADESH,VIJAYAWADA,V62,IP DISPATCH VIJAYAWADA BRANCH,3,Y
523228,VIJAYAWADA,ANDHRA PRADESH,VIJAYAWADA,V62,IP DISPATCH VIJAYAWADA BRANCH,3,Y
523241,VIJAYAWADA,ANDHRA PRADESH,VIJAYAWADA,V62,IP DISPATCH VIJAYAWADA BRANCH,3,Y
523245,VIJAYAWADA,ANDHRA PRADESH,VIJAYAWADA,V62,IP DISPATCH VIJAYAWADA BRANCH,3,Y
523246,VIJAYAWADA,ANDHRA PRADESH,VIJAYAWADA,V62,IP DISPATCH VIJAYAWADA BRANCH,3,Y
523252,VIJAYAWADA,ANDHRA PRADESH,VIJAYAWADA,V62,IP DISPATCH VIJAYAWADA BRANCH,3,Y
523263,VIJAYAWADA,ANDHRA PRADESH,VIJAYAWADA,V62,IP DISPATCH VIJAYAWADA BRANCH,3,Y
523265,VIJAYAWADA,ANDHRA PRADESH,VIJAYAWADA,V62,IP DISPATCH VIJAYAWADA BRANCH,3,Y
523271,VIJAYAWADA,ANDHRA PRADESH,VIJAYAWADA,V62,IP DISPATCH VIJAYAWADA BRANCH,3,Y
523273,VIJAYAWADA,ANDHRA PRADESH,VIJAYAWADA,V62,IP DISPATCH VIJAYAWADA BRANCH,3,Y
523279,VIJAYAWADA,ANDHRA PRADESH,VIJAYAWADA,V62,IP DISPATCH VIJAYAWADA BRANCH,3,Y
523280,VIJAYAWADA,ANDHRA PRADESH,VIJAYAWADA,V62,IP DISPATCH VIJAYAWADA BRANCH,3,Y
523286,VIJAYAWADA,ANDHRA PRADESH,VIJAYAWADA,V62,IP DISPATCH VIJAYAWADA BRANCH,3,Y
523291,VIJAYAWADA,ANDHRA PRADESH,VIJAYAWADA,V62,IP DISPATCH VIJAYAWADA BRANCH,3,Y
523292,VIJAYAWADA,ANDHRA PRADESH,VIJAYAWADA,V62,IP DISPATCH VIJAYAWADA BRANCH,3,Y
523303,VIJAYAWADA,ANDHRA PRADESH,VIJAYAWADA,V62,IP DISPATCH VIJAYAWADA BRANCH,2,Y
523315,VIJAYAWADA,ANDHRA PRADESH,VIJAYAWADA,V62,IP DISPATCH VIJAYAWADA BRANCH,3,Y
523320,VIJAYAWADA,ANDHRA PRADESH,VIJAYAWADA,V62,IP DISPATCH VIJAYAWADA BRANCH,3,Y
523328,VIJAYAWADA,ANDHRA PRADESH,VIJAYAWADA,V62,IP DISPATCH VIJAYAWADA BRANCH,3,Y
523329,VIJAYAWADA,ANDHRA PRADESH,VIJAYAWADA,V62,IP DISPATCH VIJAYAWADA BRANCH,3,Y
523330,VIJAYAWADA,ANDHRA PRADESH,VIJAYAWADA,V62,IP DISPATCH VIJAYAWADA BRANCH,3,Y
523332,VIJAYAWADA,ANDHRA PRADESH,VIJAYAWADA,V62,IP DISPATCH VIJAYAWADA BRANCH,3,Y
523335,VIJAYAWADA,ANDHRA PRADESH,VIJAYAWADA,V62,IP DISPATCH VIJAYAWADA BRANCH,3,Y
523336,VIJAYAWADA,ANDHRA PRADESH,VIJAYAWADA,V62,IP DISPATCH VIJAYAWADA BRANCH,3,Y
523346,VIJAYAWADA,ANDHRA PRADESH,VIJAYAWADA,V62,IP DISPATCH VIJAYAWADA BRANCH,3,Y
523356,VIJAYAWADA,ANDHRA PRADESH,VIJAYAWADA,V62,IP DISPATCH VIJAYAWADA BRANCH,3,Y
523367,VIJAYAWADA,ANDHRA PRADESH,VIJAYAWADA,V62,IP DISPATCH VIJAYAWADA BRANCH,3,Y
523369,VIJAYAWADA,ANDHRA PRADESH,VIJAYAWADA,V62,IP DISPATCH VIJAYAWADA BRANCH,3,Y
523370,VIJAYAWADA,ANDHRA PRADESH,VIJAYAWADA,V62,IP DISPATCH VIJAYAWADA BRANCH,3,Y
523371,VIJAYAWADA,ANDHRA PRADESH,VIJAYAWADA,V62,IP DISPATCH VIJAYAWADA BRANCH,3,Y
523372,VIJAYAWADA,ANDHRA PRADESH,VIJAYAWADA,V62,IP DISPATCH VIJAYAWADA BRANCH,3,Y
523373,VIJAYAWADA,ANDHRA PRADESH,VIJAYAWADA,V62,IP DISPATCH VIJAYAWADA BRANCH,3,Y
524123,VIJAYAWADA,ANDHRA PRADESH,VIJAYAWADA,V62,IP DISPATCH VIJAYAWADA BRANCH,3,Y
524124,VIJAYAWADA,ANDHRA PRADESH,VIJAYAWADA,V62,IP DISPATCH VIJAYAWADA BRANCH,3,Y
524129,VIJAYAWADA,ANDHRA PRADESH,VIJAYAWADA,V62,IP DISPATCH VIJAYAWADA BRANCH,3,Y
524131,VIJAYAWADA,ANDHRA PRADESH,VIJAYAWADA,V62,IP DISPATCH VIJAYAWADA BRANCH,3,Y
524142,VIJAYAWADA,ANDHRA PRADESH,VIJAYAWADA,V62,IP DISPATCH VIJAYAWADA BRANCH,3,Y
524152,VIJAYAWADA,ANDHRA PRADESH,VIJAYAWADA,V62,IP DISPATCH VIJAYAWADA BRANCH,3,Y
524203,VIJAYAWADA,ANDHRA PRADESH,VIJAYAWADA,V62,IP DISPATCH VIJAYAWADA BRANCH,3,Y
524221,VIJAYAWADA,ANDHRA PRADESH,VIJAYAWADA,V62,IP DISPATCH VIJAYAWADA BRANCH,3,Y
524222,VIJAYAWADA,ANDHRA PRADESH,VIJAYAWADA,V62,IP DISPATCH VIJAYAWADA BRANCH,3,Y
524223,VIJAYAWADA,ANDHRA PRADESH,VIJAYAWADA,V62,IP DISPATCH VIJAYAWADA BRANCH,3,Y
524224,VIJAYAWADA,ANDHRA PRADESH,VIJAYAWADA,V62,IP DISPATCH VIJAYAWADA BRANCH,3,Y
524225,VIJAYAWADA,ANDHRA PRADESH,VIJAYAWADA,V62,IP DISPATCH VIJAYAWADA BRANCH,3,Y
524227,VIJAYAWADA,ANDHRA PRADESH,VIJAYAWADA,V62,IP DISPATCH VIJAYAWADA BRANCH,3,Y
524230,VIJAYAWADA,ANDHRA PRADESH,VIJAYAWADA,V62,IP DISPATCH VIJAYAWADA BRANCH,3,Y
524234,VIJAYAWADA,ANDHRA PRADESH,VIJAYAWADA,V62,IP DISPATCH VIJAYAWADA BRANCH,3,Y
524236,VIJAYAWADA,ANDHRA PRADESH,VIJAYAWADA,V62,IP DISPATCH VIJAYAWADA BRANCH,3,Y
524239,VIJAYAWADA,ANDHRA PRADESH,VIJAYAWADA,V62,IP DISPATCH VIJAYAWADA BRANCH,3,Y
524240,VIJAYAWADA,ANDHRA PRADESH,VIJAYAWADA,V62,IP DISPATCH VIJAYAWADA BRANCH,3,Y
524300,VIJAYAWADA,ANDHRA PRADESH,VIJAYAWADA,V62,IP DISPATCH VIJAYAWADA BRANCH,3,Y
524302,VIJAYAWADA,ANDHRA PRADESH,VIJAYAWADA,V62,IP DISPATCH VIJAYAWADA BRANCH,3,Y
524303,VIJAYAWADA,ANDHRA PRADESH,VIJAYAWADA,V62,IP DISPATCH VIJAYAWADA BRANCH,3,Y
524306,VIJAYAWADA,ANDHRA PRADESH,VIJAYAWADA,V62,IP DISPATCH VIJAYAWADA BRANCH,3,Y
524307,VIJAYAWADA,ANDHRA PRADESH,VIJAYAWADA,V62,IP DISPATCH VIJAYAWADA BRANCH,3,Y
524309,VIJAYAWADA,ANDHRA PRADESH,VIJAYAWADA,V62,IP DISPATCH VIJAYAWADA BRANCH,3,Y
524310,VIJAYAWADA,ANDHRA PRADESH,VIJAYAWADA,V62,IP DISPATCH VIJAYAWADA BRANCH,3,Y
524311,VIJAYAWADA,ANDHRA PRADESH,VIJAYAWADA,V62,IP DISPATCH VIJAYAWADA BRANCH,3,Y
524313,VIJAYAWADA,ANDHRA PRADESH,VIJAYAWADA,V62,IP DISPATCH VIJAYAWADA BRANCH,3,Y
524316,VIJAYAWADA,ANDHRA PRADESH,VIJAYAWADA,V62,IP DISPATCH VIJAYAWADA BRANCH,3,Y
524317,VIJAYAWADA,ANDHRA PRADESH,VIJAYAWADA,V62,IP DISPATCH VIJAYAWADA BRANCH,3,Y
524318,VIJAYAWADA,ANDHRA PRADESH,VIJAYAWADA,V62,IP DISPATCH VIJAYAWADA BRANCH,3,Y
524321,VIJAYAWADA,ANDHRA PRADESH,VIJAYAWADA,V62,IP DISPATCH VIJAYAWADA BRANCH,3,Y
524323,VIJAYAWADA,ANDHRA PRADESH,VIJAYAWADA,V62,IP DISPATCH VIJAYAWADA BRANCH,3,Y
524324,VIJAYAWADA,ANDHRA PRADESH,VIJAYAWADA,V62,IP DISPATCH VIJAYAWADA BRANCH,3,Y
524341,VIJAYAWADA,ANDHRA PRADESH,VIJAYAWADA,V62,IP DISPATCH VIJAYAWADA BRANCH,3,Y
524342,VIJAYAWADA,ANDHRA PRADESH,VIJAYAWADA,V62,IP DISPATCH VIJAYAWADA BRANCH,3,Y
524343,VIJAYAWADA,ANDHRA PRADESH,VIJAYAWADA,V62,IP DISPATCH VIJAYAWADA BRANCH,3,Y
524344,VIJAYAWADA,ANDHRA PRADESH,VIJAYAWADA,V62,IP DISPATCH VIJAYAWADA BRANCH,3,Y
524346,VIJAYAWADA,ANDHRA PRADESH,VIJAYAWADA,V62,IP DISPATCH VIJAYAWADA BRANCH,3,Y
524347,VIJAYAWADA,ANDHRA PRADESH,VIJAYAWADA,V62,IP DISPATCH VIJAYAWADA BRANCH,3,Y
524402,VIJAYAWADA,ANDHRA PRADESH,VIJAYAWADA,V62,IP DISPATCH VIJAYAWADA BRANCH,3,Y
524403,VIJAYAWADA,ANDHRA PRADESH,VIJAYAWADA,V62,IP DISPATCH VIJAYAWADA BRANCH,3,Y
524404,VIJAYAWADA,ANDHRA PRADESH,VIJAYAWADA,V62,IP DISPATCH VIJAYAWADA BRANCH,3,Y
524406,VIJAYAWADA,ANDHRA PRADESH,VIJAYAWADA,V62,IP DISPATCH VIJAYAWADA BRANCH,3,Y
524407,VIJAYAWADA,ANDHRA PRADESH,VIJAYAWADA,V62,IP DISPATCH VIJAYAWADA BRANCH,3,Y
524409,VIJAYAWADA,ANDHRA PRADESH,VIJAYAWADA,V62,IP DISPATCH VIJAYAWADA BRANCH,3,Y
524413,VIJAYAWADA,ANDHRA PRADESH,VIJAYAWADA,V62,IP DISPATCH VIJAYAWADA BRANCH,3,Y
524414,VIJAYAWADA,ANDHRA PRADESH,VIJAYAWADA,V62,IP DISPATCH VIJAYAWADA BRANCH,3,Y
524415,VIJAYAWADA,ANDHRA PRADESH,VIJAYAWADA,V62,IP DISPATCH VIJAYAWADA BRANCH,3,Y
530056,VIJAYAWADA,ANDHRA PRADESH,VIJAYAWADA,V62,IP DISPATCH VIJAYAWADA BRANCH,3,Y
530057,VIJAYAWADA,ANDHRA PRADESH,VIJAYAWADA,V62,IP DISPATCH VIJAYAWADA BRANCH,3,Y
530058,VIJAYAWADA,ANDHRA PRADESH,VIJAYAWADA,V62,IP DISPATCH VIJAYAWADA BRANCH,3,Y
530059,VIJAYAWADA,ANDHRA PRADESH,VIJAYAWADA,V62,IP DISPATCH VIJAYAWADA BRANCH,3,Y
531022,VIJAYAWADA,ANDHRA PRADESH,VIJAYAWADA,V62,IP DISPATCH VIJAYAWADA BRANCH,3,Y
531023,VIJAYAWADA,ANDHRA PRADESH,VIJAYAWADA,V62,IP DISPATCH VIJAYAWADA BRANCH,3,Y
531024,VIJAYAWADA,ANDHRA PRADESH,VIJAYAWADA,V62,IP DISPATCH VIJAYAWADA BRANCH,3,Y
531027,VIJAYAWADA,ANDHRA PRADESH,VIJAYAWADA,V62,IP DISPATCH VIJAYAWADA BRANCH,3,Y
531028,VIJAYAWADA,ANDHRA PRADESH,VIJAYAWADA,V62,IP DISPATCH VIJAYAWADA BRANCH,3,Y
531029,VIJAYAWADA,ANDHRA PRADESH,VIJAYAWADA,V62,IP DISPATCH VIJAYAWADA BRANCH,3,Y
531030,VIJAYAWADA,ANDHRA PRADESH,VIJAYAWADA,V62,IP DISPATCH VIJAYAWADA BRANCH,3,Y
531032,VIJAYAWADA,ANDHRA PRADESH,VIJAYAWADA,V62,IP DISPATCH VIJAYAWADA BRANCH,3,Y
531033,VIJAYAWADA,ANDHRA PRADESH,VIJAYAWADA,V62,IP DISPATCH VIJAYAWADA BRANCH,3,Y
531034,VIJAYAWADA,ANDHRA PRADESH,VIJAYAWADA,V62,IP DISPATCH VIJAYAWADA BRANCH,3,Y
531040,VIJAYAWADA,ANDHRA PRADESH,VIJAYAWADA,V62,IP DISPATCH VIJAYAWADA BRANCH,3,Y
531060,VIJAYAWADA,ANDHRA PRADESH,VIJAYAWADA,V62,IP DISPATCH VIJAYAWADA BRANCH,3,Y
531061,VIJAYAWADA,ANDHRA PRADESH,VIJAYAWADA,V62,IP DISPATCH VIJAYAWADA BRANCH,3,Y
531075,VIJAYAWADA,ANDHRA PRADESH,VIJAYAWADA,V62,IP DISPATCH VIJAYAWADA BRANCH,3,Y
531077,VIJAYAWADA,ANDHRA PRADESH,VIJAYAWADA,V62,IP DISPATCH VIJAYAWADA BRANCH,3,Y
531082,VIJAYAWADA,ANDHRA PRADESH,VIJAYAWADA,V62,IP DISPATCH VIJAYAWADA BRANCH,3,Y
531084,VIJAYAWADA,ANDHRA PRADESH,VIJAYAWADA,V62,IP DISPATCH VIJAYAWADA BRANCH,3,Y
531085,VIJAYAWADA,ANDHRA PRADESH,VIJAYAWADA,V62,IP DISPATCH VIJAYAWADA BRANCH,3,Y
531087,VIJAYAWADA,ANDHRA PRADESH,VIJAYAWADA,V62,IP DISPATCH VIJAYAWADA BRANCH,3,Y
531105,VIJAYAWADA,ANDHRA PRADESH,VIJAYAWADA,V62,IP DISPATCH VIJAYAWADA BRANCH,3,Y
531111,VIJAYAWADA,ANDHRA PRADESH,VIJAYAWADA,V62,IP DISPATCH VIJAYAWADA BRANCH,3,Y
531114,VIJAYAWADA,ANDHRA PRADESH,VIJAYAWADA,V62,IP DISPATCH VIJAYAWADA BRANCH,3,Y
531115,VIJAYAWADA,ANDHRA PRADESH,VIJAYAWADA,V62,IP DISPATCH VIJAYAWADA BRANCH,3,Y
531117,VIJAYAWADA,ANDHRA PRADESH,VIJAYAWADA,V62,IP DISPATCH VIJAYAWADA BRANCH,3,Y
531118,VIJAYAWADA,ANDHRA PRADESH,VIJAYAWADA,V62,IP DISPATCH VIJAYAWADA BRANCH,3,Y
531127,VIJAYAWADA,ANDHRA PRADESH,VIJAYAWADA,V62,IP DISPATCH VIJAYAWADA BRANCH,3,Y
531133,VIJAYAWADA,ANDHRA PRADESH,VIJAYAWADA,V62,IP DISPATCH VIJAYAWADA BRANCH,3,Y
531149,VIJAYAWADA,ANDHRA PRADESH,VIJAYAWADA,V62,IP DISPATCH VIJAYAWADA BRANCH,3,Y
531151,VIJAYAWADA,ANDHRA PRADESH,VIJAYAWADA,V62,IP DISPATCH VIJAYAWADA BRANCH,3,Y
531163,VIJAYAWADA,ANDHRA PRADESH,VIJAYAWADA,V62,IP DISPATCH VIJAYAWADA BRANCH,3,Y
531219,VIJAYAWADA,ANDHRA PRADESH,VIJAYAWADA,V62,IP DISPATCH VIJAYAWADA BRANCH,3,Y
532122,VIJAYAWADA,ANDHRA PRADESH,VIJAYAWADA,V62,IP DISPATCH VIJAYAWADA BRANCH,4,Y
532123,VIJAYAWADA,ANDHRA PRADESH,VIJAYAWADA,V62,IP DISPATCH VIJAYAWADA BRANCH,4,Y
532148,VIJAYAWADA,ANDHRA PRADESH,VIJAYAWADA,V62,IP DISPATCH VIJAYAWADA BRANCH,4,Y
532167,VIJAYAWADA,ANDHRA PRADESH,VIJAYAWADA,V62,IP DISPATCH VIJAYAWADA BRANCH,3,Y
532186,VIJAYAWADA,ANDHRA PRADESH,VIJAYAWADA,V62,IP DISPATCH VIJAYAWADA BRANCH,4,Y
532187,VIJAYAWADA,ANDHRA PRADESH,VIJAYAWADA,V62,IP DISPATCH VIJAYAWADA BRANCH,4,Y
532190,VIJAYAWADA,ANDHRA PRADESH,VIJAYAWADA,V62,IP DISPATCH VIJAYAWADA BRANCH,4,Y
532203,VIJAYAWADA,ANDHRA PRADESH,VIJAYAWADA,V62,IP DISPATCH VIJAYAWADA BRANCH,4,Y
532204,VIJAYAWADA,ANDHRA PRADESH,VIJAYAWADA,V62,IP DISPATCH VIJAYAWADA BRANCH,4,Y
532207,VIJAYAWADA,ANDHRA PRADESH,VIJAYAWADA,V62,IP DISPATCH VIJAYAWADA BRANCH,4,Y
532212,VIJAYAWADA,ANDHRA PRADESH,VIJAYAWADA,V62,IP DISPATCH VIJAYAWADA BRANCH,4,Y
532213,VIJAYAWADA,ANDHRA PRADESH,VIJAYAWADA,V62,IP DISPATCH VIJAYAWADA BRANCH,4,Y
532214,VIJAYAWADA,ANDHRA PRADESH,VIJAYAWADA,V62,IP DISPATCH VIJAYAWADA BRANCH,4,Y
532215,VIJAYAWADA,ANDHRA PRADESH,VIJAYAWADA,V62,IP DISPATCH VIJAYAWADA BRANCH,4,Y
532216,VIJAYAWADA,ANDHRA PRADESH,VIJAYAWADA,V62,IP DISPATCH VIJAYAWADA BRANCH,4,Y
532218,VIJAYAWADA,ANDHRA PRADESH,VIJAYAWADA,V62,IP DISPATCH VIJAYAWADA BRANCH,4,Y
532219,VIJAYAWADA,ANDHRA PRADESH,VIJAYAWADA,V62,IP DISPATCH VIJAYAWADA BRANCH,4,Y
532263,VIJAYAWADA,ANDHRA PRADESH,VIJAYAWADA,V62,IP DISPATCH VIJAYAWADA BRANCH,4,Y
532264,VIJAYAWADA,ANDHRA PRADESH,VIJAYAWADA,V62,IP DISPATCH VIJAYAWADA BRANCH,4,Y
532291,VIJAYAWADA,ANDHRA PRADESH,VIJAYAWADA,V62,IP DISPATCH VIJAYAWADA BRANCH,4,Y
532292,VIJAYAWADA,ANDHRA PRADESH,VIJAYAWADA,V62,IP DISPATCH VIJAYAWADA BRANCH,4,Y
532322,VIJAYAWADA,ANDHRA PRADESH,VIJAYAWADA,V62,IP DISPATCH VIJAYAWADA BRANCH,4,Y
532402,VIJAYAWADA,ANDHRA PRADESH,VIJAYAWADA,V62,IP DISPATCH VIJAYAWADA BRANCH,4,Y
532403,VIJAYAWADA,ANDHRA PRADESH,VIJAYAWADA,V62,IP DISPATCH VIJAYAWADA BRANCH,4,Y
532404,VIJAYAWADA,ANDHRA PRADESH,VIJAYAWADA,V62,IP DISPATCH VIJAYAWADA BRANCH,4,Y
532406,VIJAYAWADA,ANDHRA PRADESH,VIJAYAWADA,V62,IP DISPATCH VIJAYAWADA BRANCH,4,Y
532408,VIJAYAWADA,ANDHRA PRADESH,VIJAYAWADA,V62,IP DISPATCH VIJAYAWADA BRANCH,4,Y
532426,VIJAYAWADA,ANDHRA PRADESH,VIJAYAWADA,V62,IP DISPATCH VIJAYAWADA BRANCH,4,Y
532427,VIJAYAWADA,ANDHRA PRADESH,VIJAYAWADA,V62,IP DISPATCH VIJAYAWADA BRANCH,4,Y
532428,VIJAYAWADA,ANDHRA PRADESH,VIJAYAWADA,V62,IP DISPATCH VIJAYAWADA BRANCH,4,Y
532429,VIJAYAWADA,ANDHRA PRADESH,VIJAYAWADA,V62,IP DISPATCH VIJAYAWADA BRANCH,4,Y
532432,VIJAYAWADA,ANDHRA PRADESH,VIJAYAWADA,V62,IP DISPATCH VIJAYAWADA BRANCH,4,Y
532443,VIJAYAWADA,ANDHRA PRADESH,VIJAYAWADA,V62,IP DISPATCH VIJAYAWADA BRANCH,4,Y
532445,VIJAYAWADA,ANDHRA PRADESH,VIJAYAWADA,V62,IP DISPATCH VIJAYAWADA BRANCH,4,Y
532455,VIJAYAWADA,ANDHRA PRADESH,VIJAYAWADA,V62,IP DISPATCH VIJAYAWADA BRANCH,4,Y
532456,VIJAYAWADA,ANDHRA PRADESH,VIJAYAWADA,V62,IP DISPATCH VIJAYAWADA BRANCH,4,Y
532457,VIJAYAWADA,ANDHRA PRADESH,VIJAYAWADA,V62,IP DISPATCH VIJAYAWADA BRANCH,4,Y
532458,VIJAYAWADA,ANDHRA PRADESH,VIJAYAWADA,V62,IP DISPATCH VIJAYAWADA BRANCH,4,Y
532459,VIJAYAWADA,ANDHRA PRADESH,VIJAYAWADA,V62,IP DISPATCH VIJAYAWADA BRANCH,4,Y
532461,VIJAYAWADA,ANDHRA PRADESH,VIJAYAWADA,V62,IP DISPATCH VIJAYAWADA BRANCH,4,Y
532462,VIJAYAWADA,ANDHRA PRADESH,VIJAYAWADA,V62,IP DISPATCH VIJAYAWADA BRANCH,4,Y
532474,VIJAYAWADA,ANDHRA PRADESH,VIJAYAWADA,V62,IP DISPATCH VIJAYAWADA BRANCH,4,Y
533108,VIJAYAWADA,ANDHRA PRADESH,VIJAYAWADA,V62,IP DISPATCH VIJAYAWADA BRANCH,3,Y
533212,VIJAYAWADA,ANDHRA PRADESH,VIJAYAWADA,V62,IP DISPATCH VIJAYAWADA BRANCH,3,Y
533213,VIJAYAWADA,ANDHRA PRADESH,VIJAYAWADA,V62,IP DISPATCH VIJAYAWADA BRANCH,3,Y
533215,VIJAYAWADA,ANDHRA PRADESH,VIJAYAWADA,V62,IP DISPATCH VIJAYAWADA BRANCH,3,Y
533218,VIJAYAWADA,ANDHRA PRADESH,VIJAYAWADA,V62,IP DISPATCH VIJAYAWADA BRANCH,3,Y
533219,VIJAYAWADA,ANDHRA PRADESH,VIJAYAWADA,V62,IP DISPATCH VIJAYAWADA BRANCH,3,Y
533220,VIJAYAWADA,ANDHRA PRADESH,VIJAYAWADA,V62,IP DISPATCH VIJAYAWADA BRANCH,3,Y
533229,VIJAYAWADA,ANDHRA PRADESH,VIJAYAWADA,V62,IP DISPATCH VIJAYAWADA BRANCH,3,Y
533232,VIJAYAWADA,ANDHRA PRADESH,VIJAYAWADA,V62,IP DISPATCH VIJAYAWADA BRANCH,3,Y
533239,VIJAYAWADA,ANDHRA PRADESH,VIJAYAWADA,V62,IP DISPATCH VIJAYAWADA BRANCH,3,Y
533241,VIJAYAWADA,ANDHRA PRADESH,VIJAYAWADA,V62,IP DISPATCH VIJAYAWADA BRANCH,3,Y
533244,VIJAYAWADA,ANDHRA PRADESH,VIJAYAWADA,V62,IP DISPATCH VIJAYAWADA BRANCH,3,Y
533250,VIJAYAWADA,ANDHRA PRADESH,VIJAYAWADA,V62,IP DISPATCH VIJAYAWADA BRANCH,3,Y
533254,VIJAYAWADA,ANDHRA PRADESH,VIJAYAWADA,V62,IP DISPATCH VIJAYAWADA BRANCH,3,Y
533256,VIJAYAWADA,ANDHRA PRADESH,VIJAYAWADA,V62,IP DISPATCH VIJAYAWADA BRANCH,3,Y
533260,VIJAYAWADA,ANDHRA PRADESH,VIJAYAWADA,V62,IP DISPATCH VIJAYAWADA BRANCH,3,Y
533263,VIJAYAWADA,ANDHRA PRADESH,VIJAYAWADA,V62,IP DISPATCH VIJAYAWADA BRANCH,3,Y
533264,VIJAYAWADA,ANDHRA PRADESH,VIJAYAWADA,V62,IP DISPATCH VIJAYAWADA BRANCH,3,Y
533284,VIJAYAWADA,ANDHRA PRADESH,VIJAYAWADA,V62,IP DISPATCH VIJAYAWADA BRANCH,3,Y
533293,VIJAYAWADA,ANDHRA PRADESH,VIJAYAWADA,V62,IP DISPATCH VIJAYAWADA BRANCH,3,Y
533295,VIJAYAWADA,ANDHRA PRADESH,VIJAYAWADA,V62,IP DISPATCH VIJAYAWADA BRANCH,3,Y
533297,VIJAYAWADA,ANDHRA PRADESH,VIJAYAWADA,V62,IP DISPATCH VIJAYAWADA BRANCH,3,Y
533305,VIJAYAWADA,ANDHRA PRADESH,VIJAYAWADA,V62,IP DISPATCH VIJAYAWADA BRANCH,3,Y
533306,VIJAYAWADA,ANDHRA PRADESH,VIJAYAWADA,V62,IP DISPATCH VIJAYAWADA BRANCH,3,Y
533307,VIJAYAWADA,ANDHRA PRADESH,VIJAYAWADA,V62,IP DISPATCH VIJAYAWADA BRANCH,3,Y
533309,VIJAYAWADA,ANDHRA PRADESH,VIJAYAWADA,V62,IP DISPATCH VIJAYAWADA BRANCH,3,Y
533339,VIJAYAWADA,ANDHRA PRADESH,VIJAYAWADA,V62,IP DISPATCH VIJAYAWADA BRANCH,3,Y
533340,VIJAYAWADA,ANDHRA PRADESH,VIJAYAWADA,V62,IP DISPATCH VIJAYAWADA BRANCH,3,Y
533347,VIJAYAWADA,ANDHRA PRADESH,VIJAYAWADA,V62,IP DISPATCH VIJAYAWADA BRANCH,3,Y
533348,VIJAYAWADA,ANDHRA PRADESH,VIJAYAWADA,V62,IP DISPATCH VIJAYAWADA BRANCH,3,Y
533349,VIJAYAWADA,ANDHRA PRADESH,VIJAYAWADA,V62,IP DISPATCH VIJAYAWADA BRANCH,3,Y
533350,VIJAYAWADA,ANDHRA PRADESH,VIJAYAWADA,V62,IP DISPATCH VIJAYAWADA BRANCH,3,Y
533351,VIJAYAWADA,ANDHRA PRADESH,VIJAYAWADA,V62,IP DISPATCH VIJAYAWADA BRANCH,3,Y
533352,VIJAYAWADA,ANDHRA PRADESH,VIJAYAWADA,V62,IP DISPATCH VIJAYAWADA BRANCH,3,Y
533353,VIJAYAWADA,ANDHRA PRADESH,VIJAYAWADA,V62,IP DISPATCH VIJAYAWADA BRANCH,3,Y
533354,VIJAYAWADA,ANDHRA PRADESH,VIJAYAWADA,V62,IP DISPATCH VIJAYAWADA BRANCH,3,Y
533355,VIJAYAWADA,ANDHRA PRADESH,VIJAYAWADA,V62,IP DISPATCH VIJAYAWADA BRANCH,3,Y
533407,VIJAYAWADA,ANDHRA PRADESH,VIJAYAWADA,V62,IP DISPATCH VIJAYAWADA BRANCH,3,Y
533434,VIJAYAWADA,ANDHRA PRADESH,VIJAYAWADA,V62,IP DISPATCH VIJAYAWADA BRANCH,3,Y
533436,VIJAYAWADA,ANDHRA PRADESH,VIJAYAWADA,V62,IP DISPATCH VIJAYAWADA BRANCH,3,Y
533447,VIJAYAWADA,ANDHRA PRADESH,VIJAYAWADA,V62,IP DISPATCH VIJAYAWADA BRANCH,3,Y
533448,VIJAYAWADA,ANDHRA PRADESH,VIJAYAWADA,V62,IP DISPATCH VIJAYAWADA BRANCH,3,Y
533451,VIJAYAWADA,ANDHRA PRADESH,VIJAYAWADA,V62,IP DISPATCH VIJAYAWADA BRANCH,3,Y
533460,VIJAYAWADA,ANDHRA PRADESH,VIJAYAWADA,V62,IP DISPATCH VIJAYAWADA BRANCH,3,Y
533461,VIJAYAWADA,ANDHRA PRADESH,VIJAYAWADA,V62,IP DISPATCH VIJAYAWADA BRANCH,3,Y
533468,VIJAYAWADA,ANDHRA PRADESH,VIJAYAWADA,V62,IP DISPATCH VIJAYAWADA BRANCH,3,Y
533483,VIJAYAWADA,ANDHRA PRADESH,VIJAYAWADA,V62,IP DISPATCH VIJAYAWADA BRANCH,3,Y
534008,VIJAYAWADA,ANDHRA PRADESH,VIJAYAWADA,V62,IP DISPATCH VIJAYAWADA BRANCH,2,Y
534111,VIJAYAWADA,ANDHRA PRADESH,VIJAYAWADA,V62,IP DISPATCH VIJAYAWADA BRANCH,2,Y
534124,VIJAYAWADA,ANDHRA PRADESH,VIJAYAWADA,V62,IP DISPATCH VIJAYAWADA BRANCH,2,Y
534145,VIJAYAWADA,ANDHRA PRADESH,VIJAYAWADA,V62,IP DISPATCH VIJAYAWADA BRANCH,2,Y
534146,VIJAYAWADA,ANDHRA PRADESH,VIJAYAWADA,V62,IP DISPATCH VIJAYAWADA BRANCH,2,Y
534156,VIJAYAWADA,ANDHRA PRADESH,VIJAYAWADA,V62,IP DISPATCH VIJAYAWADA BRANCH,2,Y
534165,VIJAYAWADA,ANDHRA PRADESH,VIJAYAWADA,V62,IP DISPATCH VIJAYAWADA BRANCH,2,Y
534186,VIJAYAWADA,ANDHRA PRADESH,VIJAYAWADA,V62,IP DISPATCH VIJAYAWADA BRANCH,2,Y
534196,VIJAYAWADA,ANDHRA PRADESH,VIJAYAWADA,V62,IP DISPATCH VIJAYAWADA BRANCH,2,Y
534206,VIJAYAWADA,ANDHRA PRADESH,VIJAYAWADA,V62,IP DISPATCH VIJAYAWADA BRANCH,2,Y
534207,VIJAYAWADA,ANDHRA PRADESH,VIJAYAWADA,V62,IP DISPATCH VIJAYAWADA BRANCH,2,Y
534208,VIJAYAWADA,ANDHRA PRADESH,VIJAYAWADA,V62,IP DISPATCH VIJAYAWADA BRANCH,2,Y
534209,VIJAYAWADA,ANDHRA PRADESH,VIJAYAWADA,V62,IP DISPATCH VIJAYAWADA BRANCH,2,Y
534217,VIJAYAWADA,ANDHRA PRADESH,VIJAYAWADA,V62,IP DISPATCH VIJAYAWADA BRANCH,2,Y
534218,VIJAYAWADA,ANDHRA PRADESH,VIJAYAWADA,V62,IP DISPATCH VIJAYAWADA BRANCH,2,Y
534225,VIJAYAWADA,ANDHRA PRADESH,VIJAYAWADA,V62,IP DISPATCH VIJAYAWADA BRANCH,2,Y
534227,VIJAYAWADA,ANDHRA PRADESH,VIJAYAWADA,V62,IP DISPATCH VIJAYAWADA BRANCH,2,Y
534230,VIJAYAWADA,ANDHRA PRADESH,VIJAYAWADA,V62,IP DISPATCH VIJAYAWADA BRANCH,2,Y
534236,VIJAYAWADA,ANDHRA PRADESH,VIJAYAWADA,V62,IP DISPATCH VIJAYAWADA BRANCH,2,Y
534237,VIJAYAWADA,ANDHRA PRADESH,VIJAYAWADA,V62,IP DISPATCH VIJAYAWADA BRANCH,2,Y
534238,VIJAYAWADA,ANDHRA PRADESH,VIJAYAWADA,V62,IP DISPATCH VIJAYAWADA BRANCH,2,Y
534239,VIJAYAWADA,ANDHRA PRADESH,VIJAYAWADA,V62,IP DISPATCH VIJAYAWADA BRANCH,2,Y
534240,VIJAYAWADA,ANDHRA PRADESH,VIJAYAWADA,V62,IP DISPATCH VIJAYAWADA BRANCH,2,Y
534243,VIJAYAWADA,ANDHRA PRADESH,VIJAYAWADA,V62,IP DISPATCH VIJAYAWADA BRANCH,2,Y
534244,VIJAYAWADA,ANDHRA PRADESH,VIJAYAWADA,V62,IP DISPATCH VIJAYAWADA BRANCH,2,Y
534247,VIJAYAWADA,ANDHRA PRADESH,VIJAYAWADA,V62,IP DISPATCH VIJAYAWADA BRANCH,2,Y
534302,VIJAYAWADA,ANDHRA PRADESH,VIJAYAWADA,V62,IP DISPATCH VIJAYAWADA BRANCH,2,Y
534305,VIJAYAWADA,ANDHRA PRADESH,VIJAYAWADA,V62,IP DISPATCH VIJAYAWADA BRANCH,2,Y
534311,VIJAYAWADA,ANDHRA PRADESH,VIJAYAWADA,V62,IP DISPATCH VIJAYAWADA BRANCH,2,Y
534330,VIJAYAWADA,ANDHRA PRADESH,VIJAYAWADA,V62,IP DISPATCH VIJAYAWADA BRANCH,2,Y
534331,VIJAYAWADA,ANDHRA PRADESH,VIJAYAWADA,V62,IP DISPATCH VIJAYAWADA BRANCH,2,Y
534340,VIJAYAWADA,ANDHRA PRADESH,VIJAYAWADA,V62,IP DISPATCH VIJAYAWADA BRANCH,2,Y
534401,VIJAYAWADA,ANDHRA PRADESH,VIJAYAWADA,V62,IP DISPATCH VIJAYAWADA BRANCH,2,Y
534411,VIJAYAWADA,ANDHRA PRADESH,VIJAYAWADA,V62,IP DISPATCH VIJAYAWADA BRANCH,2,Y
534416,VIJAYAWADA,ANDHRA PRADESH,VIJAYAWADA,V62,IP DISPATCH VIJAYAWADA BRANCH,2,Y
534427,VIJAYAWADA,ANDHRA PRADESH,VIJAYAWADA,V62,IP DISPATCH VIJAYAWADA BRANCH,2,Y
534432,VIJAYAWADA,ANDHRA PRADESH,VIJAYAWADA,V62,IP DISPATCH VIJAYAWADA BRANCH,2,Y
534435,VIJAYAWADA,ANDHRA PRADESH,VIJAYAWADA,V62,IP DISPATCH VIJAYAWADA BRANCH,2,Y
534437,VIJAYAWADA,ANDHRA PRADESH,VIJAYAWADA,V62,IP DISPATCH VIJAYAWADA BRANCH,2,Y
534442,VIJAYAWADA,ANDHRA PRADESH,VIJAYAWADA,V62,IP DISPATCH VIJAYAWADA BRANCH,2,Y
534444,VIJAYAWADA,ANDHRA PRADESH,VIJAYAWADA,V62,IP DISPATCH VIJAYAWADA BRANCH,2,Y
534448,VIJAYAWADA,ANDHRA PRADESH,VIJAYAWADA,V62,IP DISPATCH VIJAYAWADA BRANCH,2,Y
534450,VIJAYAWADA,ANDHRA PRADESH,VIJAYAWADA,V62,IP DISPATCH VIJAYAWADA BRANCH,2,Y
534451,VIJAYAWADA,ANDHRA PRADESH,VIJAYAWADA,V62,IP DISPATCH VIJAYAWADA BRANCH,2,Y
534452,VIJAYAWADA,ANDHRA PRADESH,VIJAYAWADA,V62,IP DISPATCH VIJAYAWADA BRANCH,2,Y
534455,VIJAYAWADA,ANDHRA PRADESH,VIJAYAWADA,V62,IP DISPATCH VIJAYAWADA BRANCH,2,Y
534456,VIJAYAWADA,ANDHRA PRADESH,VIJAYAWADA,V62,IP DISPATCH VIJAYAWADA BRANCH,2,Y
534461,VIJAYAWADA,ANDHRA PRADESH,VIJAYAWADA,V62,IP DISPATCH VIJAYAWADA BRANCH,2,Y
534462,VIJAYAWADA,ANDHRA PRADESH,VIJAYAWADA,V62,IP DISPATCH VIJAYAWADA BRANCH,2,Y
534467,VIJAYAWADA,ANDHRA PRADESH,VIJAYAWADA,V62,IP DISPATCH VIJAYAWADA BRANCH,2,Y
534475,VIJAYAWADA,ANDHRA PRADESH,VIJAYAWADA,V62,IP DISPATCH VIJAYAWADA BRANCH,2,Y
535005,VIJAYAWADA,ANDHRA PRADESH,VIJAYAWADA,V62,IP DISPATCH VIJAYAWADA BRANCH,3,Y
535102,VIJAYAWADA,ANDHRA PRADESH,VIJAYAWADA,V62,IP DISPATCH VIJAYAWADA BRANCH,4,Y
535124,VIJAYAWADA,ANDHRA PRADESH,VIJAYAWADA,V62,IP DISPATCH VIJAYAWADA BRANCH,4,Y
535125,VIJAYAWADA,ANDHRA PRADESH,VIJAYAWADA,V62,IP DISPATCH VIJAYAWADA BRANCH,4,Y
535126,VIJAYAWADA,ANDHRA PRADESH,VIJAYAWADA,V62,IP DISPATCH VIJAYAWADA BRANCH,4,Y
535148,VIJAYAWADA,ANDHRA PRADESH,VIJAYAWADA,V62,IP DISPATCH VIJAYAWADA BRANCH,4,Y
535160,VIJAYAWADA,ANDHRA PRADESH,VIJAYAWADA,V62,IP DISPATCH VIJAYAWADA BRANCH,4,Y
535161,VIJAYAWADA,ANDHRA PRADESH,VIJAYAWADA,V62,IP DISPATCH VIJAYAWADA BRANCH,4,Y
535213,VIJAYAWADA,ANDHRA PRADESH,VIJAYAWADA,V62,IP DISPATCH VIJAYAWADA BRANCH,4,Y
535214,VIJAYAWADA,ANDHRA PRADESH,VIJAYAWADA,V62,IP DISPATCH VIJAYAWADA BRANCH,4,Y
535215,VIJAYAWADA,ANDHRA PRADESH,VIJAYAWADA,V62,IP DISPATCH VIJAYAWADA BRANCH,4,Y
535218,VIJAYAWADA,ANDHRA PRADESH,VIJAYAWADA,V62,IP DISPATCH VIJAYAWADA BRANCH,4,Y
535220,VIJAYAWADA,ANDHRA PRADESH,VIJAYAWADA,V62,IP DISPATCH VIJAYAWADA BRANCH,4,Y
535221,VIJAYAWADA,ANDHRA PRADESH,VIJAYAWADA,V62,IP DISPATCH VIJAYAWADA BRANCH,4,Y
535240,VIJAYAWADA,ANDHRA PRADESH,VIJAYAWADA,V62,IP DISPATCH VIJAYAWADA BRANCH,4,Y
535250,VIJAYAWADA,ANDHRA PRADESH,VIJAYAWADA,V62,IP DISPATCH VIJAYAWADA BRANCH,3,Y
535260,VIJAYAWADA,ANDHRA PRADESH,VIJAYAWADA,V62,IP DISPATCH VIJAYAWADA BRANCH,4,Y
535280,VIJAYAWADA,ANDHRA PRADESH,VIJAYAWADA,V62,IP DISPATCH VIJAYAWADA BRANCH,4,Y
535281,VIJAYAWADA,ANDHRA PRADESH,VIJAYAWADA,V62,IP DISPATCH VIJAYAWADA BRANCH,4,Y
535463,VIJAYAWADA,ANDHRA PRADESH,VIJAYAWADA,V62,IP DISPATCH VIJAYAWADA BRANCH,4,Y
535502,VIJAYAWADA,ANDHRA PRADESH,VIJAYAWADA,V62,IP DISPATCH VIJAYAWADA BRANCH,4,Y
535521,VIJAYAWADA,ANDHRA PRADESH,VIJAYAWADA,V62,IP DISPATCH VIJAYAWADA BRANCH,4,Y
535522,VIJAYAWADA,ANDHRA PRADESH,VIJAYAWADA,V62,IP DISPATCH VIJAYAWADA BRANCH,4,Y
535523,VIJAYAWADA,ANDHRA PRADESH,VIJAYAWADA,V62,IP DISPATCH VIJAYAWADA BRANCH,4,Y
535525,VIJAYAWADA,ANDHRA PRADESH,VIJAYAWADA,V62,IP DISPATCH VIJAYAWADA BRANCH,4,Y
535526,VIJAYAWADA,ANDHRA PRADESH,VIJAYAWADA,V62,IP DISPATCH VIJAYAWADA BRANCH,4,Y
535527,VIJAYAWADA,ANDHRA PRADESH,VIJAYAWADA,V62,IP DISPATCH VIJAYAWADA BRANCH,4,Y
535534,VIJAYAWADA,ANDHRA PRADESH,VIJAYAWADA,V62,IP DISPATCH VIJAYAWADA BRANCH,4,Y
535547,VIJAYAWADA,ANDHRA PRADESH,VIJAYAWADA,V62,IP DISPATCH VIJAYAWADA BRANCH,4,Y
535559,VIJAYAWADA,ANDHRA PRADESH,VIJAYAWADA,V62,IP DISPATCH VIJAYAWADA BRANCH,4,Y
535568,VIJAYAWADA,ANDHRA PRADESH,VIJAYAWADA,V62,IP DISPATCH VIJAYAWADA BRANCH,4,Y
535569,VIJAYAWADA,ANDHRA PRADESH,VIJAYAWADA,V62,IP DISPATCH VIJAYAWADA BRANCH,4,Y
535573,VIJAYAWADA,ANDHRA PRADESH,VIJAYAWADA,V62,IP DISPATCH VIJAYAWADA BRANCH,4,Y
535578,VIJAYAWADA,ANDHRA PRADESH,VIJAYAWADA,V62,IP DISPATCH VIJAYAWADA BRANCH,4,Y
535581,VIJAYAWADA,ANDHRA PRADESH,VIJAYAWADA,V62,IP DISPATCH VIJAYAWADA BRANCH,4,Y
535582,VIJAYAWADA,ANDHRA PRADESH,VIJAYAWADA,V62,IP DISPATCH VIJAYAWADA BRANCH,4,Y
535592,VIJAYAWADA,ANDHRA PRADESH,VIJAYAWADA,V62,IP DISPATCH VIJAYAWADA BRANCH,4,Y
535593,VIJAYAWADA,ANDHRA PRADESH,VIJAYAWADA,V62,IP DISPATCH VIJAYAWADA BRANCH,4,Y
535594,VIJAYAWADA,ANDHRA PRADESH,VIJAYAWADA,V62,IP DISPATCH VIJAYAWADA BRANCH,4,Y
561101,BANGALORE,KARNATAKA,BANGALORE,B124,IP DISPATCH BANGALORE BRANCH,2,Y
561206,BANGALORE,KARNATAKA,BANGALORE,B124,IP DISPATCH BANGALORE BRANCH,2,Y
561210,BANGALORE,KARNATAKA,BANGALORE,B124,IP DISPATCH BANGALORE BRANCH,2,Y
561211,BANGALORE,KARNATAKA,BANGALORE,B124,IP DISPATCH BANGALORE BRANCH,2,Y
561212,BANGALORE,KARNATAKA,BANGALORE,B124,IP DISPATCH BANGALORE BRANCH,2,Y
561228,BANGALORE,KARNATAKA,BANGALORE,B124,IP DISPATCH BANGALORE BRANCH,2,Y
562103,BANGALORE,KARNATAKA,BANGALORE,B124,IP DISPATCH BANGALORE BRANCH,2,Y
562108,BANGALORE,KARNATAKA,BANGALORE,B124,IP DISPATCH BANGALORE BRANCH,2,Y
562128,BANGALORE,KARNATAKA,BANGALORE,B124,IP DISPATCH BANGALORE BRANCH,2,Y
562164,BANGALORE,KARNATAKA,BANGALORE,B124,IP DISPATCH BANGALORE BRANCH,2,Y
562165,BANGALORE,KARNATAKA,BANGALORE,B124,IP DISPATCH BANGALORE BRANCH,2,Y
562166,BANGALORE,KARNATAKA,BANGALORE,B124,IP DISPATCH BANGALORE BRANCH,2,Y
563116,BANGALORE,KARNATAKA,BANGALORE,B124,IP DISPATCH BANGALORE BRANCH,3,Y
563123,BANGALORE,KARNATAKA,BANGALORE,B124,IP DISPATCH BANGALORE BRANCH,3,Y
563124,BANGALORE,KARNATAKA,BANGALORE,B124,IP DISPATCH BANGALORE BRANCH,3,Y
563126,BANGALORE,KARNATAKA,BANGALORE,B124,IP DISPATCH BANGALORE BRANCH,3,Y
563127,BANGALORE,KARNATAKA,BANGALORE,B124,IP DISPATCH BANGALORE BRANCH,3,Y
563129,BANGALORE,KARNATAKA,BANGALORE,B124,IP DISPATCH BANGALORE BRANCH,3,Y
563134,BANGALORE,KARNATAKA,BANGALORE,B124,IP DISPATCH BANGALORE BRANCH,3,Y
563136,BANGALORE,KARNATAKA,BANGALORE,B124,IP DISPATCH BANGALORE BRANCH,3,Y
563137,BANGALORE,KARNATAKA,BANGALORE,B124,IP DISPATCH BANGALORE BRANCH,3,Y
563138,BANGALORE,KARNATAKA,BANGALORE,B124,IP DISPATCH BANGALORE BRANCH,3,Y
563139,BANGALORE,KARNATAKA,BANGALORE,B124,IP DISPATCH BANGALORE BRANCH,3,Y
563147,BANGALORE,KARNATAKA,BANGALORE,B124,IP DISPATCH BANGALORE BRANCH,3,Y
563159,BANGALORE,KARNATAKA,BANGALORE,B124,IP DISPATCH BANGALORE BRANCH,3,Y
563161,BANGALORE,KARNATAKA,BANGALORE,B124,IP DISPATCH BANGALORE BRANCH,3,Y
563163,BANGALORE,KARNATAKA,BANGALORE,B124,IP DISPATCH BANGALORE BRANCH,3,Y
571103,BANGALORE,KARNATAKA,BANGALORE,B124,IP DISPATCH BANGALORE BRANCH,3,Y
571106,BANGALORE,KARNATAKA,BANGALORE,B124,IP DISPATCH BANGALORE BRANCH,3,Y
571109,BANGALORE,KARNATAKA,BANGALORE,B124,IP DISPATCH BANGALORE BRANCH,3,Y
571115,BANGALORE,KARNATAKA,BANGALORE,B124,IP DISPATCH BANGALORE BRANCH,3,Y
571116,BANGALORE,KARNATAKA,BANGALORE,B124,IP DISPATCH BANGALORE BRANCH,3,Y
571117,BANGALORE,KARNATAKA,BANGALORE,B124,IP DISPATCH BANGALORE BRANCH,3,Y
571119,BANGALORE,KARNATAKA,BANGALORE,B124,IP DISPATCH BANGALORE BRANCH,3,Y
571120,BANGALORE,KARNATAKA,BANGALORE,B124,IP DISPATCH BANGALORE BRANCH,3,Y
571123,BANGALORE,KARNATAKA,BANGALORE,B124,IP DISPATCH BANGALORE BRANCH,3,Y
571126,BANGALORE,KARNATAKA,BANGALORE,B124,IP DISPATCH BANGALORE BRANCH,3,Y
571127,BANGALORE,KARNATAKA,BANGALORE,B124,IP DISPATCH BANGALORE BRANCH,3,Y
571128,BANGALORE,KARNATAKA,BANGALORE,B124,IP DISPATCH BANGALORE BRANCH,3,Y
571129,BANGALORE,KARNATAKA,BANGALORE,B124,IP DISPATCH BANGALORE BRANCH,3,Y
571190,BANGALORE,KARNATAKA,BANGALORE,B124,IP DISPATCH BANGALORE BRANCH,3,Y
571202,BANGALORE,KARNATAKA,BANGALORE,B124,IP DISPATCH BANGALORE BRANCH,3,Y
571211,BANGALORE,KARNATAKA,BANGALORE,B124,IP DISPATCH BANGALORE BRANCH,3,Y
571212,BANGALORE,KARNATAKA,BANGALORE,B124,IP DISPATCH BANGALORE BRANCH,3,Y
571217,BANGALORE,KARNATAKA,BANGALORE,B124,IP DISPATCH BANGALORE BRANCH,3,Y
571219,BANGALORE,KARNATAKA,BANGALORE,B124,IP DISPATCH BANGALORE BRANCH,3,Y
571231,BANGALORE,KARNATAKA,BANGALORE,B124,IP DISPATCH BANGALORE BRANCH,3,Y
571247,BANGALORE,KARNATAKA,BANGALORE,B124,IP DISPATCH BANGALORE BRANCH,3,Y
571248,BANGALORE,KARNATAKA,BANGALORE,B124,IP DISPATCH BANGALORE BRANCH,3,Y
571249,BANGALORE,KARNATAKA,BANGALORE,B124,IP DISPATCH BANGALORE BRANCH,3,Y
571250,BANGALORE,KARNATAKA,BANGALORE,B124,IP DISPATCH BANGALORE BRANCH,3,Y
571251,BANGALORE,KARNATAKA,BANGALORE,B124,IP DISPATCH BANGALORE BRANCH,3,Y
571254,BANGALORE,KARNATAKA,BANGALORE,B124,IP DISPATCH BANGALORE BRANCH,3,Y
571314,BANGALORE,KARNATAKA,BANGALORE,B124,IP DISPATCH BANGALORE BRANCH,3,Y
571315,BANGALORE,KARNATAKA,BANGALORE,B124,IP DISPATCH BANGALORE BRANCH,3,Y
571316,BANGALORE,KARNATAKA,BANGALORE,B124,IP DISPATCH BANGALORE BRANCH,3,Y
571320,BANGALORE,KARNATAKA,BANGALORE,B124,IP DISPATCH BANGALORE BRANCH,3,Y
571342,BANGALORE,KARNATAKA,BANGALORE,B124,IP DISPATCH BANGALORE BRANCH,3,Y
571405,BANGALORE,KARNATAKA,BANGALORE,B124,IP DISPATCH BANGALORE BRANCH,3,Y
571415,BANGALORE,KARNATAKA,BANGALORE,B124,IP DISPATCH BANGALORE BRANCH,3,Y
571416,BANGALORE,KARNATAKA,BANGALORE,B124,IP DISPATCH BANGALORE BRANCH,3,Y
571417,BANGALORE,KARNATAKA,BANGALORE,B124,IP DISPATCH BANGALORE BRANCH,3,Y
571423,BANGALORE,KARNATAKA,BANGALORE,B124,IP DISPATCH BANGALORE BRANCH,3,Y
571424,BANGALORE,KARNATAKA,BANGALORE,B124,IP DISPATCH BANGALORE BRANCH,3,Y
571427,BANGALORE,KARNATAKA,BANGALORE,B124,IP DISPATCH BANGALORE BRANCH,3,Y
571433,BANGALORE,KARNATAKA,BANGALORE,B124,IP DISPATCH BANGALORE BRANCH,3,Y
571436,BANGALORE,KARNATAKA,BANGALORE,B124,IP DISPATCH BANGALORE BRANCH,3,Y
571442,BANGALORE,KARNATAKA,BANGALORE,B124,IP DISPATCH BANGALORE BRANCH,3,Y
571443,BANGALORE,KARNATAKA,BANGALORE,B124,IP DISPATCH BANGALORE BRANCH,3,Y
571444,BANGALORE,KARNATAKA,BANGALORE,B124,IP DISPATCH BANGALORE BRANCH,3,Y
571445,BANGALORE,KARNATAKA,BANGALORE,B124,IP DISPATCH BANGALORE BRANCH,3,Y
571446,BANGALORE,KARNATAKA,BANGALORE,B124,IP DISPATCH BANGALORE BRANCH,3,Y
571450,BANGALORE,KARNATAKA,BANGALORE,B124,IP DISPATCH BANGALORE BRANCH,3,Y
571457,BANGALORE,KARNATAKA,BANGALORE,B124,IP DISPATCH BANGALORE BRANCH,3,Y
571463,BANGALORE,KARNATAKA,BANGALORE,B124,IP DISPATCH BANGALORE BRANCH,3,Y
571475,BANGALORE,KARNATAKA,BANGALORE,B124,IP DISPATCH BANGALORE BRANCH,3,Y
571476,BANGALORE,KARNATAKA,BANGALORE,B124,IP DISPATCH BANGALORE BRANCH,3,Y
571477,BANGALORE,KARNATAKA,BANGALORE,B124,IP DISPATCH BANGALORE BRANCH,3,Y
571478,BANGALORE,KARNATAKA,BANGALORE,B124,IP DISPATCH BANGALORE BRANCH,3,Y
571490,BANGALORE,KARNATAKA,BANGALORE,B124,IP DISPATCH BANGALORE BRANCH,3,Y
571601,BANGALORE,KARNATAKA,BANGALORE,B124,IP DISPATCH BANGALORE BRANCH,3,Y
571605,BANGALORE,KARNATAKA,BANGALORE,B124,IP DISPATCH BANGALORE BRANCH,3,Y
571607,BANGALORE,KARNATAKA,BANGALORE,B124,IP DISPATCH BANGALORE BRANCH,3,Y
571802,BANGALORE,KARNATAKA,BANGALORE,B124,IP DISPATCH BANGALORE BRANCH,3,Y
571807,BANGALORE,KARNATAKA,BANGALORE,B124,IP DISPATCH BANGALORE BRANCH,3,Y
571811,BANGALORE,KARNATAKA,BANGALORE,B124,IP DISPATCH BANGALORE BRANCH,3,Y
571812,BANGALORE,KARNATAKA,BANGALORE,B124,IP DISPATCH BANGALORE BRANCH,3,Y
572112,BANGALORE,KARNATAKA,BANGALORE,B124,IP DISPATCH BANGALORE BRANCH,3,Y
572113,BANGALORE,KARNATAKA,BANGALORE,B124,IP DISPATCH BANGALORE BRANCH,3,Y
572114,BANGALORE,KARNATAKA,BANGALORE,B124,IP DISPATCH BANGALORE BRANCH,3,Y
572115,BANGALORE,KARNATAKA,BANGALORE,B124,IP DISPATCH BANGALORE BRANCH,3,Y
572116,BANGALORE,KARNATAKA,BANGALORE,B124,IP DISPATCH BANGALORE BRANCH,3,Y
572117,BANGALORE,KARNATAKA,BANGALORE,B124,IP DISPATCH BANGALORE BRANCH,3,Y
572118,BANGALORE,KARNATAKA,BANGALORE,B124,IP DISPATCH BANGALORE BRANCH,3,Y
572119,BANGALORE,KARNATAKA,BANGALORE,B124,IP DISPATCH BANGALORE BRANCH,3,Y
572121,BANGALORE,KARNATAKA,BANGALORE,B124,IP DISPATCH BANGALORE BRANCH,3,Y
572122,BANGALORE,KARNATAKA,BANGALORE,B124,IP DISPATCH BANGALORE BRANCH,3,Y
572124,BANGALORE,KARNATAKA,BANGALORE,B124,IP DISPATCH BANGALORE BRANCH,3,Y
572127,BANGALORE,KARNATAKA,BANGALORE,B124,IP DISPATCH BANGALORE BRANCH,3,Y
572133,BANGALORE,KARNATAKA,BANGALORE,B124,IP DISPATCH BANGALORE BRANCH,3,Y
572134,BANGALORE,KARNATAKA,BANGALORE,B124,IP DISPATCH BANGALORE BRANCH,3,Y
572135,BANGALORE,KARNATAKA,BANGALORE,B124,IP DISPATCH BANGALORE BRANCH,3,Y
572136,BANGALORE,KARNATAKA,BANGALORE,B124,IP DISPATCH BANGALORE BRANCH,3,Y
572139,BANGALORE,KARNATAKA,BANGALORE,B124,IP DISPATCH BANGALORE BRANCH,3,Y
572140,BANGALORE,KARNATAKA,BANGALORE,B124,IP DISPATCH BANGALORE BRANCH,3,Y
572141,BANGALORE,KARNATAKA,BANGALORE,B124,IP DISPATCH BANGALORE BRANCH,3,Y
572175,BANGALORE,KARNATAKA,BANGALORE,B124,IP DISPATCH BANGALORE BRANCH,3,Y
572211,BANGALORE,KARNATAKA,BANGALORE,B124,IP DISPATCH BANGALORE BRANCH,3,Y
572212,BANGALORE,KARNATAKA,BANGALORE,B124,IP DISPATCH BANGALORE BRANCH,3,Y
572213,BANGALORE,KARNATAKA,BANGALORE,B124,IP DISPATCH BANGALORE BRANCH,3,Y
572215,BANGALORE,KARNATAKA,BANGALORE,B124,IP DISPATCH BANGALORE BRANCH,3,Y
572217,BANGALORE,KARNATAKA,BANGALORE,B124,IP DISPATCH BANGALORE BRANCH,3,Y
572219,BANGALORE,KARNATAKA,BANGALORE,B124,IP DISPATCH BANGALORE BRANCH,3,Y
572220,BANGALORE,KARNATAKA,BANGALORE,B124,IP DISPATCH BANGALORE BRANCH,3,Y
572222,BANGALORE,KARNATAKA,BANGALORE,B124,IP DISPATCH BANGALORE BRANCH,3,Y
572223,BANGALORE,KARNATAKA,BANGALORE,B124,IP DISPATCH BANGALORE BRANCH,3,Y
572224,BANGALORE,KARNATAKA,BANGALORE,B124,IP DISPATCH BANGALORE BRANCH,3,Y
572225,BANGALORE,KARNATAKA,BANGALORE,B124,IP DISPATCH BANGALORE BRANCH,3,Y
572226,BANGALORE,KARNATAKA,BANGALORE,B124,IP DISPATCH BANGALORE BRANCH,3,Y
572228,BANGALORE,KARNATAKA,BANGALORE,B124,IP DISPATCH BANGALORE BRANCH,3,Y
573101,BANGALORE,KARNATAKA,BANGALORE,B124,IP DISPATCH BANGALORE BRANCH,3,Y
573111,BANGALORE,KARNATAKA,BANGALORE,B124,IP DISPATCH BANGALORE BRANCH,3,Y
573113,BANGALORE,KARNATAKA,BANGALORE,B124,IP DISPATCH BANGALORE BRANCH,3,Y
573117,BANGALORE,KARNATAKA,BANGALORE,B124,IP DISPATCH BANGALORE BRANCH,3,Y
573118,BANGALORE,KARNATAKA,BANGALORE,B124,IP DISPATCH BANGALORE BRANCH,3,Y
573119,BANGALORE,KARNATAKA,BANGALORE,B124,IP DISPATCH BANGALORE BRANCH,3,Y
573120,BANGALORE,KARNATAKA,BANGALORE,B124,IP DISPATCH BANGALORE BRANCH,3,Y
573122,BANGALORE,KARNATAKA,BANGALORE,B124,IP DISPATCH BANGALORE BRANCH,3,Y
573123,BANGALORE,KARNATAKA,BANGALORE,B124,IP DISPATCH BANGALORE BRANCH,3,Y
573126,BANGALORE,KARNATAKA,BANGALORE,B124,IP DISPATCH BANGALORE BRANCH,3,Y
573127,BANGALORE,KARNATAKA,BANGALORE,B124,IP DISPATCH BANGALORE BRANCH,3,Y
573128,BANGALORE,KARNATAKA,BANGALORE,B124,IP DISPATCH BANGALORE BRANCH,3,Y
573129,BANGALORE,KARNATAKA,BANGALORE,B124,IP DISPATCH BANGALORE BRANCH,3,Y
573136,BANGALORE,KARNATAKA,BANGALORE,B124,IP DISPATCH BANGALORE BRANCH,3,Y
573137,BANGALORE,KARNATAKA,BANGALORE,B124,IP DISPATCH BANGALORE BRANCH,3,Y
573142,BANGALORE,KARNATAKA,BANGALORE,B124,IP DISPATCH BANGALORE BRANCH,3,Y
573144,BANGALORE,KARNATAKA,BANGALORE,B124,IP DISPATCH BANGALORE BRANCH,3,Y
573162,BANGALORE,KARNATAKA,BANGALORE,B124,IP DISPATCH BANGALORE BRANCH,3,Y
573164,BANGALORE,KARNATAKA,BANGALORE,B124,IP DISPATCH BANGALORE BRANCH,3,Y
573210,BANGALORE,KARNATAKA,BANGALORE,B124,IP DISPATCH BANGALORE BRANCH,3,Y
573212,BANGALORE,KARNATAKA,BANGALORE,B124,IP DISPATCH BANGALORE BRANCH,3,Y
573215,BANGALORE,KARNATAKA,BANGALORE,B124,IP DISPATCH BANGALORE BRANCH,3,Y
573216,BANGALORE,KARNATAKA,BANGALORE,B124,IP DISPATCH BANGALORE BRANCH,3,Y
573217,BANGALORE,KARNATAKA,BANGALORE,B124,IP DISPATCH BANGALORE BRANCH,3,Y
573219,BANGALORE,KARNATAKA,BANGALORE,B124,IP DISPATCH BANGALORE BRANCH,3,Y
573220,BANGALORE,KARNATAKA,BANGALORE,B124,IP DISPATCH BANGALORE BRANCH,3,Y
573225,BANGALORE,KARNATAKA,BANGALORE,B124,IP DISPATCH BANGALORE BRANCH,3,Y
573226,BANGALORE,KARNATAKA,BANGALORE,B124,IP DISPATCH BANGALORE BRANCH,3,Y
574102,BANGALORE,KARNATAKA,BANGALORE,B124,IP DISPATCH BANGALORE BRANCH,4,Y
574103,BANGALORE,KARNATAKA,BANGALORE,B124,IP DISPATCH BANGALORE BRANCH,4,Y
574112,BANGALORE,KARNATAKA,BANGALORE,B124,IP DISPATCH BANGALORE BRANCH,4,Y
574113,BANGALORE,KARNATAKA,BANGALORE,B124,IP DISPATCH BANGALORE BRANCH,4,Y
574114,BANGALORE,KARNATAKA,BANGALORE,B124,IP DISPATCH BANGALORE BRANCH,4,Y
574119,BANGALORE,KARNATAKA,BANGALORE,B124,IP DISPATCH BANGALORE BRANCH,4,Y
574122,BANGALORE,KARNATAKA,BANGALORE,B124,IP DISPATCH BANGALORE BRANCH,4,Y
574141,BANGALORE,KARNATAKA,BANGALORE,B124,IP DISPATCH BANGALORE BRANCH,4,Y
574148,BANGALORE,KARNATAKA,BANGALORE,B124,IP DISPATCH BANGALORE BRANCH,4,Y
574198,BANGALORE,KARNATAKA,BANGALORE,B124,IP DISPATCH BANGALORE BRANCH,4,Y
574210,BANGALORE,KARNATAKA,BANGALORE,B124,IP DISPATCH BANGALORE BRANCH,4,Y
574212,BANGALORE,KARNATAKA,BANGALORE,B124,IP DISPATCH BANGALORE BRANCH,4,Y
574213,BANGALORE,KARNATAKA,BANGALORE,B124,IP DISPATCH BANGALORE BRANCH,4,Y
574217,BANGALORE,KARNATAKA,BANGALORE,B124,IP DISPATCH BANGALORE BRANCH,4,Y
574218,BANGALORE,KARNATAKA,BANGALORE,B124,IP DISPATCH BANGALORE BRANCH,4,Y
574220,BANGALORE,KARNATAKA,BANGALORE,B124,IP DISPATCH BANGALORE BRANCH,4,Y
574221,BANGALORE,KARNATAKA,BANGALORE,B124,IP DISPATCH BANGALORE BRANCH,4,Y
574222,BANGALORE,KARNATAKA,BANGALORE,B124,IP DISPATCH BANGALORE BRANCH,4,Y
574223,BANGALORE,KARNATAKA,BANGALORE,B124,IP DISPATCH BANGALORE BRANCH,4,Y
574224,BANGALORE,KARNATAKA,BANGALORE,B124,IP DISPATCH BANGALORE BRANCH,4,Y
574225,BANGALORE,KARNATAKA,BANGALORE,B124,IP DISPATCH BANGALORE BRANCH,4,Y
574226,BANGALORE,KARNATAKA,BANGALORE,B124,IP DISPATCH BANGALORE BRANCH,4,Y
574228,BANGALORE,KARNATAKA,BANGALORE,B124,IP DISPATCH BANGALORE BRANCH,4,Y
574229,BANGALORE,KARNATAKA,BANGALORE,B124,IP DISPATCH BANGALORE BRANCH,4,Y
574230,BANGALORE,KARNATAKA,BANGALORE,B124,IP DISPATCH BANGALORE BRANCH,4,Y
574232,BANGALORE,KARNATAKA,BANGALORE,B124,IP DISPATCH BANGALORE BRANCH,4,Y
574233,BANGALORE,KARNATAKA,BANGALORE,B124,IP DISPATCH BANGALORE BRANCH,4,Y
574234,BANGALORE,KARNATAKA,BANGALORE,B124,IP DISPATCH BANGALORE BRANCH,4,Y
574236,BANGALORE,KARNATAKA,BANGALORE,B124,IP DISPATCH BANGALORE BRANCH,4,Y
574238,BANGALORE,KARNATAKA,BANGALORE,B124,IP DISPATCH BANGALORE BRANCH,4,Y
574242,BANGALORE,KARNATAKA,BANGALORE,B124,IP DISPATCH BANGALORE BRANCH,4,Y
574244,BANGALORE,KARNATAKA,BANGALORE,B124,IP DISPATCH BANGALORE BRANCH,4,Y
574248,BANGALORE,KARNATAKA,BANGALORE,B124,IP DISPATCH BANGALORE BRANCH,4,Y
574253,BANGALORE,KARNATAKA,BANGALORE,B124,IP DISPATCH BANGALORE BRANCH,4,Y
574259,BANGALORE,KARNATAKA,BANGALORE,B124,IP DISPATCH BANGALORE BRANCH,4,Y
574260,BANGALORE,KARNATAKA,BANGALORE,B124,IP DISPATCH BANGALORE BRANCH,4,Y
574265,BANGALORE,KARNATAKA,BANGALORE,B124,IP DISPATCH BANGALORE BRANCH,4,Y
574267,BANGALORE,KARNATAKA,BANGALORE,B124,IP DISPATCH BANGALORE BRANCH,4,Y
574274,BANGALORE,KARNATAKA,BANGALORE,B124,IP DISPATCH BANGALORE BRANCH,4,Y
574279,BANGALORE,KARNATAKA,BANGALORE,B124,IP DISPATCH BANGALORE BRANCH,4,Y
574285,BANGALORE,KARNATAKA,BANGALORE,B124,IP DISPATCH BANGALORE BRANCH,4,Y
574313,BANGALORE,KARNATAKA,BANGALORE,B124,IP DISPATCH BANGALORE BRANCH,4,Y
574314,BANGALORE,KARNATAKA,BANGALORE,B124,IP DISPATCH BANGALORE BRANCH,4,Y
574323,BANGALORE,KARNATAKA,BANGALORE,B124,IP DISPATCH BANGALORE BRANCH,4,Y
574324,BANGALORE,KARNATAKA,BANGALORE,B124,IP DISPATCH BANGALORE BRANCH,4,Y
574325,BANGALORE,KARNATAKA,BANGALORE,B124,IP DISPATCH BANGALORE BRANCH,4,Y
574326,BANGALORE,KARNATAKA,BANGALORE,B124,IP DISPATCH BANGALORE BRANCH,4,Y
574328,BANGALORE,KARNATAKA,BANGALORE,B124,IP DISPATCH BANGALORE BRANCH,4,Y
574509,BANGALORE,KARNATAKA,BANGALORE,B124,IP DISPATCH BANGALORE BRANCH,4,Y
575016,BANGALORE,KARNATAKA,BANGALORE,B124,IP DISPATCH BANGALORE BRANCH,3,Y
575029,BANGALORE,KARNATAKA,BANGALORE,B124,IP DISPATCH BANGALORE BRANCH,3,Y
576111,BANGALORE,KARNATAKA,BANGALORE,B124,IP DISPATCH BANGALORE BRANCH,4,Y
576121,BANGALORE,KARNATAKA,BANGALORE,B124,IP DISPATCH BANGALORE BRANCH,4,Y
576124,BANGALORE,KARNATAKA,BANGALORE,B124,IP DISPATCH BANGALORE BRANCH,4,Y
576211,BANGALORE,KARNATAKA,BANGALORE,B124,IP DISPATCH BANGALORE BRANCH,4,Y
576212,BANGALORE,KARNATAKA,BANGALORE,B124,IP DISPATCH BANGALORE BRANCH,4,Y
576215,BANGALORE,KARNATAKA,BANGALORE,B124,IP DISPATCH BANGALORE BRANCH,4,Y
576216,BANGALORE,KARNATAKA,BANGALORE,B124,IP DISPATCH BANGALORE BRANCH,4,Y
576217,BANGALORE,KARNATAKA,BANGALORE,B124,IP DISPATCH BANGALORE BRANCH,4,Y
576219,BANGALORE,KARNATAKA,BANGALORE,B124,IP DISPATCH BANGALORE BRANCH,4,Y
576220,BANGALORE,KARNATAKA,BANGALORE,B124,IP DISPATCH BANGALORE BRANCH,4,Y
576223,BANGALORE,KARNATAKA,BANGALORE,B124,IP DISPATCH BANGALORE BRANCH,4,Y
576233,BANGALORE,KARNATAKA,BANGALORE,B124,IP DISPATCH BANGALORE BRANCH,4,Y
576234,BANGALORE,KARNATAKA,BANGALORE,B124,IP DISPATCH BANGALORE BRANCH,4,Y
576247,BANGALORE,KARNATAKA,BANGALORE,B124,IP DISPATCH BANGALORE BRANCH,4,Y
576282,BANGALORE,KARNATAKA,BANGALORE,B124,IP DISPATCH BANGALORE BRANCH,4,Y
576283,BANGALORE,KARNATAKA,BANGALORE,B124,IP DISPATCH BANGALORE BRANCH,4,Y
577007,BANGALORE,KARNATAKA,BANGALORE,B124,IP DISPATCH BANGALORE BRANCH,4,Y
577008,BANGALORE,KARNATAKA,BANGALORE,B124,IP DISPATCH BANGALORE BRANCH,4,Y
577113,BANGALORE,KARNATAKA,BANGALORE,B124,IP DISPATCH BANGALORE BRANCH,4,Y
577114,BANGALORE,KARNATAKA,BANGALORE,B124,IP DISPATCH BANGALORE BRANCH,4,Y
577115,BANGALORE,KARNATAKA,BANGALORE,B124,IP DISPATCH BANGALORE BRANCH,4,Y
577117,BANGALORE,KARNATAKA,BANGALORE,B124,IP DISPATCH BANGALORE BRANCH,4,Y
577120,BANGALORE,KARNATAKA,BANGALORE,B124,IP DISPATCH BANGALORE BRANCH,4,Y
577121,BANGALORE,KARNATAKA,BANGALORE,B124,IP DISPATCH BANGALORE BRANCH,4,Y
577122,BANGALORE,KARNATAKA,BANGALORE,B124,IP DISPATCH BANGALORE BRANCH,4,Y
577129,BANGALORE,KARNATAKA,BANGALORE,B124,IP DISPATCH BANGALORE BRANCH,4,Y
577130,BANGALORE,KARNATAKA,BANGALORE,B124,IP DISPATCH BANGALORE BRANCH,4,Y
577131,BANGALORE,KARNATAKA,BANGALORE,B124,IP DISPATCH BANGALORE BRANCH,4,Y
577136,BANGALORE,KARNATAKA,BANGALORE,B124,IP DISPATCH BANGALORE BRANCH,4,Y
577137,BANGALORE,KARNATAKA,BANGALORE,B124,IP DISPATCH BANGALORE BRANCH,4,Y
577138,BANGALORE,KARNATAKA,BANGALORE,B124,IP DISPATCH BANGALORE BRANCH,4,Y
577140,BANGALORE,KARNATAKA,BANGALORE,B124,IP DISPATCH BANGALORE BRANCH,4,Y
577145,BANGALORE,KARNATAKA,BANGALORE,B124,IP DISPATCH BANGALORE BRANCH,4,Y
577146,BANGALORE,KARNATAKA,BANGALORE,B124,IP DISPATCH BANGALORE BRANCH,4,Y
577160,BANGALORE,KARNATAKA,BANGALORE,B124,IP DISPATCH BANGALORE BRANCH,4,Y
577168,BANGALORE,KARNATAKA,BANGALORE,B124,IP DISPATCH BANGALORE BRANCH,4,Y
577175,BANGALORE,KARNATAKA,BANGALORE,B124,IP DISPATCH BANGALORE BRANCH,4,Y
577179,BANGALORE,KARNATAKA,BANGALORE,B124,IP DISPATCH BANGALORE BRANCH,4,Y
577180,BANGALORE,KARNATAKA,BANGALORE,B124,IP DISPATCH BANGALORE BRANCH,4,Y
577182,BANGALORE,KARNATAKA,BANGALORE,B124,IP DISPATCH BANGALORE BRANCH,4,Y
577214,BANGALORE,KARNATAKA,BANGALORE,B124,IP DISPATCH BANGALORE BRANCH,4,Y
577216,BANGALORE,KARNATAKA,BANGALORE,B124,IP DISPATCH BANGALORE BRANCH,4,Y
577219,BANGALORE,KARNATAKA,BANGALORE,B124,IP DISPATCH BANGALORE BRANCH,4,Y
577220,BANGALORE,KARNATAKA,BANGALORE,B124,IP DISPATCH BANGALORE BRANCH,4,Y
577221,BANGALORE,KARNATAKA,BANGALORE,B124,IP DISPATCH BANGALORE BRANCH,4,Y
577224,BANGALORE,KARNATAKA,BANGALORE,B124,IP DISPATCH BANGALORE BRANCH,4,Y
577225,BANGALORE,KARNATAKA,BANGALORE,B124,IP DISPATCH BANGALORE BRANCH,4,Y
577226,BANGALORE,KARNATAKA,BANGALORE,B124,IP DISPATCH BANGALORE BRANCH,4,Y
577229,BANGALORE,KARNATAKA,BANGALORE,B124,IP DISPATCH BANGALORE BRANCH,4,Y
577231,BANGALORE,KARNATAKA,BANGALORE,B124,IP DISPATCH BANGALORE BRANCH,4,Y
577232,BANGALORE,KARNATAKA,BANGALORE,B124,IP DISPATCH BANGALORE BRANCH,4,Y
577233,BANGALORE,KARNATAKA,BANGALORE,B124,IP DISPATCH BANGALORE BRANCH,4,Y
577245,BANGALORE,KARNATAKA,BANGALORE,B124,IP DISPATCH BANGALORE BRANCH,4,Y
577411,BANGALORE,KARNATAKA,BANGALORE,B124,IP DISPATCH BANGALORE BRANCH,4,Y
577414,BANGALORE,KARNATAKA,BANGALORE,B124,IP DISPATCH BANGALORE BRANCH,4,Y
577415,BANGALORE,KARNATAKA,BANGALORE,B124,IP DISPATCH BANGALORE BRANCH,4,Y
577416,BANGALORE,KARNATAKA,BANGALORE,B124,IP DISPATCH BANGALORE BRANCH,4,Y
577417,BANGALORE,KARNATAKA,BANGALORE,B124,IP DISPATCH BANGALORE BRANCH,4,Y
577419,BANGALORE,KARNATAKA,BANGALORE,B124,IP DISPATCH BANGALORE BRANCH,4,Y
577421,BANGALORE,KARNATAKA,BANGALORE,B124,IP DISPATCH BANGALORE BRANCH,4,Y
577424,BANGALORE,KARNATAKA,BANGALORE,B124,IP DISPATCH BANGALORE BRANCH,4,Y
577425,BANGALORE,KARNATAKA,BANGALORE,B124,IP DISPATCH BANGALORE BRANCH,4,Y
577431,BANGALORE,KARNATAKA,BANGALORE,B124,IP DISPATCH BANGALORE BRANCH,4,Y
577433,BANGALORE,KARNATAKA,BANGALORE,B124,IP DISPATCH BANGALORE BRANCH,4,Y
577434,BANGALORE,KARNATAKA,BANGALORE,B124,IP DISPATCH BANGALORE BRANCH,4,Y
577435,BANGALORE,KARNATAKA,BANGALORE,B124,IP DISPATCH BANGALORE BRANCH,4,Y
577436,BANGALORE,KARNATAKA,BANGALORE,B124,IP DISPATCH BANGALORE BRANCH,4,Y
577451,BANGALORE,KARNATAKA,BANGALORE,B124,IP DISPATCH BANGALORE BRANCH,4,Y
577453,BANGALORE,KARNATAKA,BANGALORE,B124,IP DISPATCH BANGALORE BRANCH,4,Y
577511,BANGALORE,KARNATAKA,BANGALORE,B124,IP DISPATCH BANGALORE BRANCH,4,Y
577513,BANGALORE,KARNATAKA,BANGALORE,B124,IP DISPATCH BANGALORE BRANCH,4,Y
577515,BANGALORE,KARNATAKA,BANGALORE,B124,IP DISPATCH BANGALORE BRANCH,4,Y
577516,BANGALORE,KARNATAKA,BANGALORE,B124,IP DISPATCH BANGALORE BRANCH,4,Y
577517,BANGALORE,KARNATAKA,BANGALORE,B124,IP DISPATCH BANGALORE BRANCH,4,Y
577518,BANGALORE,KARNATAKA,BANGALORE,B124,IP DISPATCH BANGALORE BRANCH,4,Y
577520,BANGALORE,KARNATAKA,BANGALORE,B124,IP DISPATCH BANGALORE BRANCH,4,Y
577521,BANGALORE,KARNATAKA,BANGALORE,B124,IP DISPATCH BANGALORE BRANCH,4,Y
577524,BANGALORE,KARNATAKA,BANGALORE,B124,IP DISPATCH BANGALORE BRANCH,4,Y
577525,BANGALORE,KARNATAKA,BANGALORE,B124,IP DISPATCH BANGALORE BRANCH,4,Y
577529,BANGALORE,KARNATAKA,BANGALORE,B124,IP DISPATCH BANGALORE BRANCH,4,Y
577531,BANGALORE,KARNATAKA,BANGALORE,B124,IP DISPATCH BANGALORE BRANCH,4,Y
577532,BANGALORE,KARNATAKA,BANGALORE,B124,IP DISPATCH BANGALORE BRANCH,4,Y
577533,BANGALORE,KARNATAKA,BANGALORE,B124,IP DISPATCH BANGALORE BRANCH,4,Y
577534,BANGALORE,KARNATAKA,BANGALORE,B124,IP DISPATCH BANGALORE BRANCH,4,Y
577537,BANGALORE,KARNATAKA,BANGALORE,B124,IP DISPATCH BANGALORE BRANCH,4,Y
577539,BANGALORE,KARNATAKA,BANGALORE,B124,IP DISPATCH BANGALORE BRANCH,4,Y
577542,BANGALORE,KARNATAKA,BANGALORE,B124,IP DISPATCH BANGALORE BRANCH,4,Y
577543,BANGALORE,KARNATAKA,BANGALORE,B124,IP DISPATCH BANGALORE BRANCH,4,Y
577545,BANGALORE,KARNATAKA,BANGALORE,B124,IP DISPATCH BANGALORE BRANCH,4,Y
577546,BANGALORE,KARNATAKA,BANGALORE,B124,IP DISPATCH BANGALORE BRANCH,4,Y
577549,BANGALORE,KARNATAKA,BANGALORE,B124,IP DISPATCH BANGALORE BRANCH,4,Y
577550,BANGALORE,KARNATAKA,BANGALORE,B124,IP DISPATCH BANGALORE BRANCH,4,Y
577551,BANGALORE,KARNATAKA,BANGALORE,B124,IP DISPATCH BANGALORE BRANCH,4,Y
577553,BANGALORE,KARNATAKA,BANGALORE,B124,IP DISPATCH BANGALORE BRANCH,4,Y
577554,BANGALORE,KARNATAKA,BANGALORE,B124,IP DISPATCH BANGALORE BRANCH,4,Y
577555,BANGALORE,KARNATAKA,BANGALORE,B124,IP DISPATCH BANGALORE BRANCH,4,Y
577558,BANGALORE,KARNATAKA,BANGALORE,B124,IP DISPATCH BANGALORE BRANCH,4,Y
577589,BANGALORE,KARNATAKA,BANGALORE,B124,IP DISPATCH BANGALORE BRANCH,4,Y
577597,BANGALORE,KARNATAKA,BANGALORE,B124,IP DISPATCH BANGALORE BRANCH,4,Y
580027,BANGALORE,KARNATAKA,BANGALORE,B124,IP DISPATCH BANGALORE BRANCH,4,Y
581101,BANGALORE,KARNATAKA,BANGALORE,B124,IP DISPATCH BANGALORE BRANCH,4,Y
581105,BANGALORE,KARNATAKA,BANGALORE,B124,IP DISPATCH BANGALORE BRANCH,4,Y
581108,BANGALORE,KARNATAKA,BANGALORE,B124,IP DISPATCH BANGALORE BRANCH,4,Y
581112,BANGALORE,KARNATAKA,BANGALORE,B124,IP DISPATCH BANGALORE BRANCH,4,Y
581119,BANGALORE,KARNATAKA,BANGALORE,B124,IP DISPATCH BANGALORE BRANCH,4,Y
581120,BANGALORE,KARNATAKA,BANGALORE,B124,IP DISPATCH BANGALORE BRANCH,4,Y
581121,BANGALORE,KARNATAKA,BANGALORE,B124,IP DISPATCH BANGALORE BRANCH,4,Y
581126,BANGALORE,KARNATAKA,BANGALORE,B124,IP DISPATCH BANGALORE BRANCH,4,Y
581128,BANGALORE,KARNATAKA,BANGALORE,B124,IP DISPATCH BANGALORE BRANCH,4,Y
581129,BANGALORE,KARNATAKA,BANGALORE,B124,IP DISPATCH BANGALORE BRANCH,4,Y
581148,BANGALORE,KARNATAKA,BANGALORE,B124,IP DISPATCH BANGALORE BRANCH,4,Y
581186,BANGALORE,KARNATAKA,BANGALORE,B124,IP DISPATCH BANGALORE BRANCH,4,Y
581187,BANGALORE,KARNATAKA,BANGALORE,B124,IP DISPATCH BANGALORE BRANCH,4,Y
581193,BANGALORE,KARNATAKA,BANGALORE,B124,IP DISPATCH BANGALORE BRANCH,4,Y
581195,BANGALORE,KARNATAKA,BANGALORE,B124,IP DISPATCH BANGALORE BRANCH,4,Y
581198,BANGALORE,KARNATAKA,BANGALORE,B124,IP DISPATCH BANGALORE BRANCH,4,Y
581199,BANGALORE,KARNATAKA,BANGALORE,B124,IP DISPATCH BANGALORE BRANCH,4,Y
581201,BANGALORE,KARNATAKA,BANGALORE,B124,IP DISPATCH BANGALORE BRANCH,4,Y
581203,BANGALORE,KARNATAKA,BANGALORE,B124,IP DISPATCH BANGALORE BRANCH,4,Y
581207,BANGALORE,KARNATAKA,BANGALORE,B124,IP DISPATCH BANGALORE BRANCH,4,Y
581210,BANGALORE,KARNATAKA,BANGALORE,B124,IP DISPATCH BANGALORE BRANCH,4,Y
581211,BANGALORE,KARNATAKA,BANGALORE,B124,IP DISPATCH BANGALORE BRANCH,4,Y
581212,BANGALORE,KARNATAKA,BANGALORE,B124,IP DISPATCH BANGALORE BRANCH,4,Y
581213,BANGALORE,KARNATAKA,BANGALORE,B124,IP DISPATCH BANGALORE BRANCH,4,Y
581237,BANGALORE,KARNATAKA,BANGALORE,B124,IP DISPATCH BANGALORE BRANCH,4,Y
581315,BANGALORE,KARNATAKA,BANGALORE,B124,IP DISPATCH BANGALORE BRANCH,4,Y
581319,BANGALORE,KARNATAKA,BANGALORE,B124,IP DISPATCH BANGALORE BRANCH,4,Y
581323,BANGALORE,KARNATAKA,BANGALORE,B124,IP DISPATCH BANGALORE BRANCH,4,Y
581327,BANGALORE,KARNATAKA,BANGALORE,B124,IP DISPATCH BANGALORE BRANCH,4,Y
581328,BANGALORE,KARNATAKA,BANGALORE,B124,IP DISPATCH BANGALORE BRANCH,4,Y
581330,BANGALORE,KARNATAKA,BANGALORE,B124,IP DISPATCH BANGALORE BRANCH,4,Y
581332,BANGALORE,KARNATAKA,BANGALORE,B124,IP DISPATCH BANGALORE BRANCH,4,Y
581333,BANGALORE,KARNATAKA,BANGALORE,B124,IP DISPATCH BANGALORE BRANCH,4,Y
581335,BANGALORE,KARNATAKA,BANGALORE,B124,IP DISPATCH BANGALORE BRANCH,4,Y
581336,BANGALORE,KARNATAKA,BANGALORE,B124,IP DISPATCH BANGALORE BRANCH,4,Y
581337,BANGALORE,KARNATAKA,BANGALORE,B124,IP DISPATCH BANGALORE BRANCH,4,Y
581338,BANGALORE,KARNATAKA,BANGALORE,B124,IP DISPATCH BANGALORE BRANCH,4,Y
581339,BANGALORE,KARNATAKA,BANGALORE,B124,IP DISPATCH BANGALORE BRANCH,4,Y
581344,BANGALORE,KARNATAKA,BANGALORE,B124,IP DISPATCH BANGALORE BRANCH,4,Y
581345,BANGALORE,KARNATAKA,BANGALORE,B124,IP DISPATCH BANGALORE BRANCH,4,Y
581346,BANGALORE,KARNATAKA,BANGALORE,B124,IP DISPATCH BANGALORE BRANCH,4,Y
581351,BANGALORE,KARNATAKA,BANGALORE,B124,IP DISPATCH BANGALORE BRANCH,4,Y
581353,BANGALORE,KARNATAKA,BANGALORE,B124,IP DISPATCH BANGALORE BRANCH,4,Y
581356,BANGALORE,KARNATAKA,BANGALORE,B124,IP DISPATCH BANGALORE BRANCH,4,Y
581358,BANGALORE,KARNATAKA,BANGALORE,B124,IP DISPATCH BANGALORE BRANCH,4,Y
581360,BANGALORE,KARNATAKA,BANGALORE,B124,IP DISPATCH BANGALORE BRANCH,4,Y
581363,BANGALORE,KARNATAKA,BANGALORE,B124,IP DISPATCH BANGALORE BRANCH,4,Y
581365,BANGALORE,KARNATAKA,BANGALORE,B124,IP DISPATCH BANGALORE BRANCH,4,Y
581384,BANGALORE,KARNATAKA,BANGALORE,B124,IP DISPATCH BANGALORE BRANCH,4,Y
581412,BANGALORE,KARNATAKA,BANGALORE,B124,IP DISPATCH BANGALORE BRANCH,4,Y
581423,BANGALORE,KARNATAKA,BANGALORE,B124,IP DISPATCH BANGALORE BRANCH,4,Y
582111,BANGALORE,KARNATAKA,BANGALORE,B124,IP DISPATCH BANGALORE BRANCH,4,Y
582113,BANGALORE,KARNATAKA,BANGALORE,B124,IP DISPATCH BANGALORE BRANCH,4,Y
582115,BANGALORE,KARNATAKA,BANGALORE,B124,IP DISPATCH BANGALORE BRANCH,4,Y
582117,BANGALORE,KARNATAKA,BANGALORE,B124,IP DISPATCH BANGALORE BRANCH,4,Y
582119,BANGALORE,KARNATAKA,BANGALORE,B124,IP DISPATCH BANGALORE BRANCH,4,Y
582202,BANGALORE,KARNATAKA,BANGALORE,B124,IP DISPATCH BANGALORE BRANCH,4,Y
582204,BANGALORE,KARNATAKA,BANGALORE,B124,IP DISPATCH BANGALORE BRANCH,4,Y
582206,BANGALORE,KARNATAKA,BANGALORE,B124,IP DISPATCH BANGALORE BRANCH,4,Y
582210,BANGALORE,KARNATAKA,BANGALORE,B124,IP DISPATCH BANGALORE BRANCH,4,Y
583111,BANGALORE,KARNATAKA,BANGALORE,B124,IP DISPATCH BANGALORE BRANCH,4,Y
583113,BANGALORE,KARNATAKA,BANGALORE,B124,IP DISPATCH BANGALORE BRANCH,4,Y
583114,BANGALORE,KARNATAKA,BANGALORE,B124,IP DISPATCH BANGALORE BRANCH,4,Y
583117,BANGALORE,KARNATAKA,BANGALORE,B124,IP DISPATCH BANGALORE BRANCH,4,Y
583120,BANGALORE,KARNATAKA,BANGALORE,B124,IP DISPATCH BANGALORE BRANCH,4,Y
583122,BANGALORE,KARNATAKA,BANGALORE,B124,IP DISPATCH BANGALORE BRANCH,4,Y
583126,BANGALORE,KARNATAKA,BANGALORE,B124,IP DISPATCH BANGALORE BRANCH,4,Y
583127,BANGALORE,KARNATAKA,BANGALORE,B124,IP DISPATCH BANGALORE BRANCH,4,Y
583128,BANGALORE,KARNATAKA,BANGALORE,B124,IP DISPATCH BANGALORE BRANCH,4,Y
583129,BANGALORE,KARNATAKA,BANGALORE,B124,IP DISPATCH BANGALORE BRANCH,4,Y
583130,BANGALORE,KARNATAKA,BANGALORE,B124,IP DISPATCH BANGALORE BRANCH,4,Y
583137,BANGALORE,KARNATAKA,BANGALORE,B124,IP DISPATCH BANGALORE BRANCH,4,Y
583152,BANGALORE,KARNATAKA,BANGALORE,B124,IP DISPATCH BANGALORE BRANCH,4,Y
583153,BANGALORE,KARNATAKA,BANGALORE,B124,IP DISPATCH BANGALORE BRANCH,4,Y
583154,BANGALORE,KARNATAKA,BANGALORE,B124,IP DISPATCH BANGALORE BRANCH,4,Y
583155,BANGALORE,KARNATAKA,BANGALORE,B124,IP DISPATCH BANGALORE BRANCH,4,Y
583211,BANGALORE,KARNATAKA,BANGALORE,B124,IP DISPATCH BANGALORE BRANCH,4,Y
583213,BANGALORE,KARNATAKA,BANGALORE,B124,IP DISPATCH BANGALORE BRANCH,4,Y
583214,BANGALORE,KARNATAKA,BANGALORE,B124,IP DISPATCH BANGALORE BRANCH,4,Y
583215,BANGALORE,KARNATAKA,BANGALORE,B124,IP DISPATCH BANGALORE BRANCH,4,Y
583216,BANGALORE,KARNATAKA,BANGALORE,B124,IP DISPATCH BANGALORE BRANCH,4,Y
583217,BANGALORE,KARNATAKA,BANGALORE,B124,IP DISPATCH BANGALORE BRANCH,4,Y
583223,BANGALORE,KARNATAKA,BANGALORE,B124,IP DISPATCH BANGALORE BRANCH,4,Y
583224,BANGALORE,KARNATAKA,BANGALORE,B124,IP DISPATCH BANGALORE BRANCH,4,Y
583226,BANGALORE,KARNATAKA,BANGALORE,B124,IP DISPATCH BANGALORE BRANCH,4,Y
583230,BANGALORE,KARNATAKA,BANGALORE,B124,IP DISPATCH BANGALORE BRANCH,4,Y
583237,BANGALORE,KARNATAKA,BANGALORE,B124,IP DISPATCH BANGALORE BRANCH,4,Y
583238,BANGALORE,KARNATAKA,BANGALORE,B124,IP DISPATCH BANGALORE BRANCH,4,Y
583239,BANGALORE,KARNATAKA,BANGALORE,B124,IP DISPATCH BANGALORE BRANCH,4,Y
583276,BANGALORE,KARNATAKA,BANGALORE,B124,IP DISPATCH BANGALORE BRANCH,4,Y
583278,BANGALORE,KARNATAKA,BANGALORE,B124,IP DISPATCH BANGALORE BRANCH,4,Y
583281,BANGALORE,KARNATAKA,BANGALORE,B124,IP DISPATCH BANGALORE BRANCH,4,Y
583284,BANGALORE,KARNATAKA,BANGALORE,B124,IP DISPATCH BANGALORE BRANCH,4,Y
583285,BANGALORE,KARNATAKA,BANGALORE,B124,IP DISPATCH BANGALORE BRANCH,4,Y
583286,BANGALORE,KARNATAKA,BANGALORE,B124,IP DISPATCH BANGALORE BRANCH,4,Y
583287,BANGALORE,KARNATAKA,BANGALORE,B124,IP DISPATCH BANGALORE BRANCH,4,Y
583288,BANGALORE,KARNATAKA,BANGALORE,B124,IP DISPATCH BANGALORE BRANCH,4,Y
584104,BANGALORE,KARNATAKA,BANGALORE,B124,IP DISPATCH BANGALORE BRANCH,4,Y
584116,BANGALORE,KARNATAKA,BANGALORE,B124,IP DISPATCH BANGALORE BRANCH,4,Y
584118,BANGALORE,KARNATAKA,BANGALORE,B124,IP DISPATCH BANGALORE BRANCH,4,Y
584120,BANGALORE,KARNATAKA,BANGALORE,B124,IP DISPATCH BANGALORE BRANCH,4,Y
584125,BANGALORE,KARNATAKA,BANGALORE,B124,IP DISPATCH BANGALORE BRANCH,4,Y
584126,BANGALORE,KARNATAKA,BANGALORE,B124,IP DISPATCH BANGALORE BRANCH,4,Y
584127,BANGALORE,KARNATAKA,BANGALORE,B124,IP DISPATCH BANGALORE BRANCH,4,Y
584132,BANGALORE,KARNATAKA,BANGALORE,B124,IP DISPATCH BANGALORE BRANCH,4,Y
584133,BANGALORE,KARNATAKA,BANGALORE,B124,IP DISPATCH BANGALORE BRANCH,4,Y
584135,BANGALORE,KARNATAKA,BANGALORE,B124,IP DISPATCH BANGALORE BRANCH,4,Y
584136,BANGALORE,KARNATAKA,BANGALORE,B124,IP DISPATCH BANGALORE BRANCH,4,Y
584138,BANGALORE,KARNATAKA,BANGALORE,B124,IP DISPATCH BANGALORE BRANCH,4,Y
584139,BANGALORE,KARNATAKA,BANGALORE,B124,IP DISPATCH BANGALORE BRANCH,4,Y
584140,BANGALORE,KARNATAKA,BANGALORE,B124,IP DISPATCH BANGALORE BRANCH,4,Y
584143,BANGALORE,KARNATAKA,BANGALORE,B124,IP DISPATCH BANGALORE BRANCH,4,Y
584167,BANGALORE,KARNATAKA,BANGALORE,B124,IP DISPATCH BANGALORE BRANCH,4,Y
584202,BANGALORE,KARNATAKA,BANGALORE,B124,IP DISPATCH BANGALORE BRANCH,4,Y
584203,BANGALORE,KARNATAKA,BANGALORE,B124,IP DISPATCH BANGALORE BRANCH,4,Y
585107,BANGALORE,KARNATAKA,BANGALORE,B124,IP DISPATCH BANGALORE BRANCH,4,Y
585210,BANGALORE,KARNATAKA,BANGALORE,B124,IP DISPATCH BANGALORE BRANCH,4,Y
585213,BANGALORE,KARNATAKA,BANGALORE,B124,IP DISPATCH BANGALORE BRANCH,4,Y
585217,BANGALORE,KARNATAKA,BANGALORE,B124,IP DISPATCH BANGALORE BRANCH,4,Y
585218,BANGALORE,KARNATAKA,BANGALORE,B124,IP DISPATCH BANGALORE BRANCH,4,Y
585219,BANGALORE,KARNATAKA,BANGALORE,B124,IP DISPATCH BANGALORE BRANCH,4,Y
585220,BANGALORE,KARNATAKA,BANGALORE,B124,IP DISPATCH BANGALORE BRANCH,4,Y
585226,BANGALORE,KARNATAKA,BANGALORE,B124,IP DISPATCH BANGALORE BRANCH,4,Y
585236,BANGALORE,KARNATAKA,BANGALORE,B124,IP DISPATCH BANGALORE BRANCH,4,Y
585237,BANGALORE,KARNATAKA,BANGALORE,B124,IP DISPATCH BANGALORE BRANCH,4,Y
585265,BANGALORE,KARNATAKA,BANGALORE,B124,IP DISPATCH BANGALORE BRANCH,4,Y
585287,BANGALORE,KARNATAKA,BANGALORE,B124,IP DISPATCH BANGALORE BRANCH,4,Y
585290,BANGALORE,KARNATAKA,BANGALORE,B124,IP DISPATCH BANGALORE BRANCH,4,Y
585291,BANGALORE,KARNATAKA,BANGALORE,B124,IP DISPATCH BANGALORE BRANCH,4,Y
585303,BANGALORE,KARNATAKA,BANGALORE,B124,IP DISPATCH BANGALORE BRANCH,4,Y
585304,BANGALORE,KARNATAKA,BANGALORE,B124,IP DISPATCH BANGALORE BRANCH,4,Y
585306,BANGALORE,KARNATAKA,BANGALORE,B124,IP DISPATCH BANGALORE BRANCH,4,Y
585308,BANGALORE,KARNATAKA,BANGALORE,B124,IP DISPATCH BANGALORE BRANCH,4,Y
585314,BANGALORE,KARNATAKA,BANGALORE,B124,IP DISPATCH BANGALORE BRANCH,4,Y
585315,BANGALORE,KARNATAKA,BANGALORE,B124,IP DISPATCH BANGALORE BRANCH,4,Y
585316,BANGALORE,KARNATAKA,BANGALORE,B124,IP DISPATCH BANGALORE BRANCH,4,Y
585318,BANGALORE,KARNATAKA,BANGALORE,B124,IP DISPATCH BANGALORE BRANCH,4,Y
585319,BANGALORE,KARNATAKA,BANGALORE,B124,IP DISPATCH BANGALORE BRANCH,4,Y
585320,BANGALORE,KARNATAKA,BANGALORE,B124,IP DISPATCH BANGALORE BRANCH,4,Y
585321,BANGALORE,KARNATAKA,BANGALORE,B124,IP DISPATCH BANGALORE BRANCH,4,Y
585322,BANGALORE,KARNATAKA,BANGALORE,B124,IP DISPATCH BANGALORE BRANCH,4,Y
585323,BANGALORE,KARNATAKA,BANGALORE,B124,IP DISPATCH BANGALORE BRANCH,4,Y
585329,BANGALORE,KARNATAKA,BANGALORE,B124,IP DISPATCH BANGALORE BRANCH,4,Y
585353,BANGALORE,KARNATAKA,BANGALORE,B124,IP DISPATCH BANGALORE BRANCH,4,Y
585355,BANGALORE,KARNATAKA,BANGALORE,B124,IP DISPATCH BANGALORE BRANCH,4,Y
585404,BANGALORE,KARNATAKA,BANGALORE,B124,IP DISPATCH BANGALORE BRANCH,4,Y
585411,BANGALORE,KARNATAKA,BANGALORE,B124,IP DISPATCH BANGALORE BRANCH,4,Y
585413,BANGALORE,KARNATAKA,BANGALORE,B124,IP DISPATCH BANGALORE BRANCH,4,Y
585418,BANGALORE,KARNATAKA,BANGALORE,B124,IP DISPATCH BANGALORE BRANCH,4,Y
585419,BANGALORE,KARNATAKA,BANGALORE,B124,IP DISPATCH BANGALORE BRANCH,4,Y
585436,BANGALORE,KARNATAKA,BANGALORE,B124,IP DISPATCH BANGALORE BRANCH,4,Y
585437,BANGALORE,KARNATAKA,BANGALORE,B124,IP DISPATCH BANGALORE BRANCH,4,Y
585443,BANGALORE,KARNATAKA,BANGALORE,B124,IP DISPATCH BANGALORE BRANCH,4,Y
585444,BANGALORE,KARNATAKA,BANGALORE,B124,IP DISPATCH BANGALORE BRANCH,4,Y
585445,BANGALORE,KARNATAKA,BANGALORE,B124,IP DISPATCH BANGALORE BRANCH,4,Y
585446,BANGALORE,KARNATAKA,BANGALORE,B124,IP DISPATCH BANGALORE BRANCH,4,Y
585447,BANGALORE,KARNATAKA,BANGALORE,B124,IP DISPATCH BANGALORE BRANCH,4,Y
585448,BANGALORE,KARNATAKA,BANGALORE,B124,IP DISPATCH BANGALORE BRANCH,4,Y
586108,BANGALORE,KARNATAKA,BANGALORE,B124,IP DISPATCH BANGALORE BRANCH,4,Y
586111,BANGALORE,KARNATAKA,BANGALORE,B124,IP DISPATCH BANGALORE BRANCH,4,Y
586112,BANGALORE,KARNATAKA,BANGALORE,B124,IP DISPATCH BANGALORE BRANCH,4,Y
586114,BANGALORE,KARNATAKA,BANGALORE,B124,IP DISPATCH BANGALORE BRANCH,4,Y
586116,BANGALORE,KARNATAKA,BANGALORE,B124,IP DISPATCH BANGALORE BRANCH,4,Y
586117,BANGALORE,KARNATAKA,BANGALORE,B124,IP DISPATCH BANGALORE BRANCH,4,Y
586118,BANGALORE,KARNATAKA,BANGALORE,B124,IP DISPATCH BANGALORE BRANCH,4,Y
586119,BANGALORE,KARNATAKA,BANGALORE,B124,IP DISPATCH BANGALORE BRANCH,4,Y
586120,BANGALORE,KARNATAKA,BANGALORE,B124,IP DISPATCH BANGALORE BRANCH,4,Y
586122,BANGALORE,KARNATAKA,BANGALORE,B124,IP DISPATCH BANGALORE BRANCH,4,Y
586125,BANGALORE,KARNATAKA,BANGALORE,B124,IP DISPATCH BANGALORE BRANCH,4,Y
586127,BANGALORE,KARNATAKA,BANGALORE,B124,IP DISPATCH BANGALORE BRANCH,4,Y
586129,BANGALORE,KARNATAKA,BANGALORE,B124,IP DISPATCH BANGALORE BRANCH,4,Y
586130,BANGALORE,KARNATAKA,BANGALORE,B124,IP DISPATCH BANGALORE BRANCH,4,Y
586162,BANGALORE,KARNATAKA,BANGALORE,B124,IP DISPATCH BANGALORE BRANCH,4,Y
586170,BANGALORE,KARNATAKA,BANGALORE,B124,IP DISPATCH BANGALORE BRANCH,4,Y
586201,BANGALORE,KARNATAKA,BANGALORE,B124,IP DISPATCH BANGALORE BRANCH,4,Y
586204,BANGALORE,KARNATAKA,BANGALORE,B124,IP DISPATCH BANGALORE BRANCH,4,Y
586208,BANGALORE,KARNATAKA,BANGALORE,B124,IP DISPATCH BANGALORE BRANCH,4,Y
586210,BANGALORE,KARNATAKA,BANGALORE,B124,IP DISPATCH BANGALORE BRANCH,4,Y
586215,BANGALORE,KARNATAKA,BANGALORE,B124,IP DISPATCH BANGALORE BRANCH,4,Y
586216,BANGALORE,KARNATAKA,BANGALORE,B124,IP DISPATCH BANGALORE BRANCH,4,Y
586217,BANGALORE,KARNATAKA,BANGALORE,B124,IP DISPATCH BANGALORE BRANCH,4,Y
587104,BANGALORE,KARNATAKA,BANGALORE,B124,IP DISPATCH BANGALORE BRANCH,4,Y
587113,BANGALORE,KARNATAKA,BANGALORE,B124,IP DISPATCH BANGALORE BRANCH,4,Y
587114,BANGALORE,KARNATAKA,BANGALORE,B124,IP DISPATCH BANGALORE BRANCH,4,Y
587115,BANGALORE,KARNATAKA,BANGALORE,B124,IP DISPATCH BANGALORE BRANCH,4,Y
587117,BANGALORE,KARNATAKA,BANGALORE,B124,IP DISPATCH BANGALORE BRANCH,4,Y
587119,BANGALORE,KARNATAKA,BANGALORE,B124,IP DISPATCH BANGALORE BRANCH,4,Y
587121,BANGALORE,KARNATAKA,BANGALORE,B124,IP DISPATCH BANGALORE BRANCH,4,Y
587154,BANGALORE,KARNATAKA,BANGALORE,B124,IP DISPATCH BANGALORE BRANCH,4,Y
587156,BANGALORE,KARNATAKA,BANGALORE,B124,IP DISPATCH BANGALORE BRANCH,4,Y
587157,BANGALORE,KARNATAKA,BANGALORE,B124,IP DISPATCH BANGALORE BRANCH,4,Y
587202,BANGALORE,KARNATAKA,BANGALORE,B124,IP DISPATCH BANGALORE BRANCH,4,Y
587316,BANGALORE,KARNATAKA,BANGALORE,B124,IP DISPATCH BANGALORE BRANCH,4,Y
587331,BANGALORE,KARNATAKA,BANGALORE,B124,IP DISPATCH BANGALORE BRANCH,4,Y
590015,BANGALORE,KARNATAKA,BANGALORE,B124,IP DISPATCH BANGALORE BRANCH,4,Y
590020,BANGALORE,KARNATAKA,BANGALORE,B124,IP DISPATCH BANGALORE BRANCH,4,Y
591101,BANGALORE,KARNATAKA,BANGALORE,B124,IP DISPATCH BANGALORE BRANCH,4,Y
591104,BANGALORE,KARNATAKA,BANGALORE,B124,IP DISPATCH BANGALORE BRANCH,4,Y
591106,BANGALORE,KARNATAKA,BANGALORE,B124,IP DISPATCH BANGALORE BRANCH,4,Y
591107,BANGALORE,KARNATAKA,BANGALORE,B124,IP DISPATCH BANGALORE BRANCH,4,Y
591108,BANGALORE,KARNATAKA,BANGALORE,B124,IP DISPATCH BANGALORE BRANCH,4,Y
591110,BANGALORE,KARNATAKA,BANGALORE,B124,IP DISPATCH BANGALORE BRANCH,4,Y
591111,BANGALORE,KARNATAKA,BANGALORE,B124,IP DISPATCH BANGALORE BRANCH,4,Y
591114,BANGALORE,KARNATAKA,BANGALORE,B124,IP DISPATCH BANGALORE BRANCH,4,Y
591118,BANGALORE,KARNATAKA,BANGALORE,B124,IP DISPATCH BANGALORE BRANCH,4,Y
591119,BANGALORE,KARNATAKA,BANGALORE,B124,IP DISPATCH BANGALORE BRANCH,4,Y
591121,BANGALORE,KARNATAKA,BANGALORE,B124,IP DISPATCH BANGALORE BRANCH,4,Y
591122,BANGALORE,KARNATAKA,BANGALORE,B124,IP DISPATCH BANGALORE BRANCH,4,Y
591125,BANGALORE,KARNATAKA,BANGALORE,B124,IP DISPATCH BANGALORE BRANCH,4,Y
591127,BANGALORE,KARNATAKA,BANGALORE,B124,IP DISPATCH BANGALORE BRANCH,4,Y
591128,BANGALORE,KARNATAKA,BANGALORE,B124,IP DISPATCH BANGALORE BRANCH,4,Y
591129,BANGALORE,KARNATAKA,BANGALORE,B124,IP DISPATCH BANGALORE BRANCH,4,Y
591130,BANGALORE,KARNATAKA,BANGALORE,B124,IP DISPATCH BANGALORE BRANCH,4,Y
591131,BANGALORE,KARNATAKA,BANGALORE,B124,IP DISPATCH BANGALORE BRANCH,4,Y
591143,BANGALORE,KARNATAKA,BANGALORE,B124,IP DISPATCH BANGALORE BRANCH,4,Y
591147,BANGALORE,KARNATAKA,BANGALORE,B124,IP DISPATCH BANGALORE BRANCH,4,Y
591153,BANGALORE,KARNATAKA,BANGALORE,B124,IP DISPATCH BANGALORE BRANCH,4,Y
591156,BANGALORE,KARNATAKA,BANGALORE,B124,IP DISPATCH BANGALORE BRANCH,4,Y
591173,BANGALORE,KARNATAKA,BANGALORE,B124,IP DISPATCH BANGALORE BRANCH,4,Y
591211,BANGALORE,KARNATAKA,BANGALORE,B124,IP DISPATCH BANGALORE BRANCH,4,Y
591212,BANGALORE,KARNATAKA,BANGALORE,B124,IP DISPATCH BANGALORE BRANCH,4,Y
591214,BANGALORE,KARNATAKA,BANGALORE,B124,IP DISPATCH BANGALORE BRANCH,4,Y
591215,BANGALORE,KARNATAKA,BANGALORE,B124,IP DISPATCH BANGALORE BRANCH,4,Y
591216,BANGALORE,KARNATAKA,BANGALORE,B124,IP DISPATCH BANGALORE BRANCH,4,Y
591217,BANGALORE,KARNATAKA,BANGALORE,B124,IP DISPATCH BANGALORE BRANCH,4,Y
591218,BANGALORE,KARNATAKA,BANGALORE,B124,IP DISPATCH BANGALORE BRANCH,4,Y
591219,BANGALORE,KARNATAKA,BANGALORE,B124,IP DISPATCH BANGALORE BRANCH,4,Y
591221,BANGALORE,KARNATAKA,BANGALORE,B124,IP DISPATCH BANGALORE BRANCH,4,Y
591222,BANGALORE,KARNATAKA,BANGALORE,B124,IP DISPATCH BANGALORE BRANCH,4,Y
591223,BANGALORE,KARNATAKA,BANGALORE,B124,IP DISPATCH BANGALORE BRANCH,4,Y
591224,BANGALORE,KARNATAKA,BANGALORE,B124,IP DISPATCH BANGALORE BRANCH,4,Y
591225,BANGALORE,KARNATAKA,BANGALORE,B124,IP DISPATCH BANGALORE BRANCH,4,Y
591226,BANGALORE,KARNATAKA,BANGALORE,B124,IP DISPATCH BANGALORE BRANCH,4,Y
591227,BANGALORE,KARNATAKA,BANGALORE,B124,IP DISPATCH BANGALORE BRANCH,4,Y
591228,BANGALORE,KARNATAKA,BANGALORE,B124,IP DISPATCH BANGALORE BRANCH,4,Y
591229,BANGALORE,KARNATAKA,BANGALORE,B124,IP DISPATCH BANGALORE BRANCH,4,Y
591230,BANGALORE,KARNATAKA,BANGALORE,B124,IP DISPATCH BANGALORE BRANCH,4,Y
591231,BANGALORE,KARNATAKA,BANGALORE,B124,IP DISPATCH BANGALORE BRANCH,4,Y
591232,BANGALORE,KARNATAKA,BANGALORE,B124,IP DISPATCH BANGALORE BRANCH,4,Y
591233,BANGALORE,KARNATAKA,BANGALORE,B124,IP DISPATCH BANGALORE BRANCH,4,Y
591234,BANGALORE,KARNATAKA,BANGALORE,B124,IP DISPATCH BANGALORE BRANCH,4,Y
591235,BANGALORE,KARNATAKA,BANGALORE,B124,IP DISPATCH BANGALORE BRANCH,4,Y
591236,BANGALORE,KARNATAKA,BANGALORE,B124,IP DISPATCH BANGALORE BRANCH,4,Y
591238,BANGALORE,KARNATAKA,BANGALORE,B124,IP DISPATCH BANGALORE BRANCH,4,Y
591239,BANGALORE,KARNATAKA,BANGALORE,B124,IP DISPATCH BANGALORE BRANCH,4,Y
591240,BANGALORE,KARNATAKA,BANGALORE,B124,IP DISPATCH BANGALORE BRANCH,4,Y
591241,BANGALORE,KARNATAKA,BANGALORE,B124,IP DISPATCH BANGALORE BRANCH,4,Y
591242,BANGALORE,KARNATAKA,BANGALORE,B124,IP DISPATCH BANGALORE BRANCH,4,Y
591243,BANGALORE,KARNATAKA,BANGALORE,B124,IP DISPATCH BANGALORE BRANCH,4,Y
591246,BANGALORE,KARNATAKA,BANGALORE,B124,IP DISPATCH BANGALORE BRANCH,4,Y
591247,BANGALORE,KARNATAKA,BANGALORE,B124,IP DISPATCH BANGALORE BRANCH,4,Y
591248,BANGALORE,KARNATAKA,BANGALORE,B124,IP DISPATCH BANGALORE BRANCH,4,Y
591254,BANGALORE,KARNATAKA,BANGALORE,B124,IP DISPATCH BANGALORE BRANCH,4,Y
591263,BANGALORE,KARNATAKA,BANGALORE,B124,IP DISPATCH BANGALORE BRANCH,4,Y
591265,BANGALORE,KARNATAKA,BANGALORE,B124,IP DISPATCH BANGALORE BRANCH,4,Y
591287,BANGALORE,KARNATAKA,BANGALORE,B124,IP DISPATCH BANGALORE BRANCH,4,Y
591301,BANGALORE,KARNATAKA,BANGALORE,B124,IP DISPATCH BANGALORE BRANCH,4,Y
591303,BANGALORE,KARNATAKA,BANGALORE,B124,IP DISPATCH BANGALORE BRANCH,4,Y
591305,BANGALORE,KARNATAKA,BANGALORE,B124,IP DISPATCH BANGALORE BRANCH,4,Y
591308,BANGALORE,KARNATAKA,BANGALORE,B124,IP DISPATCH BANGALORE BRANCH,4,Y
591310,BANGALORE,KARNATAKA,BANGALORE,B124,IP DISPATCH BANGALORE BRANCH,4,Y
591314,BANGALORE,KARNATAKA,BANGALORE,B124,IP DISPATCH BANGALORE BRANCH,4,Y
591315,BANGALORE,KARNATAKA,BANGALORE,B124,IP DISPATCH BANGALORE BRANCH,4,Y
591340,BANGALORE,KARNATAKA,BANGALORE,B124,IP DISPATCH BANGALORE BRANCH,4,Y
591344,BANGALORE,KARNATAKA,BANGALORE,B124,IP DISPATCH BANGALORE BRANCH,4,Y
591345,BANGALORE,KARNATAKA,BANGALORE,B124,IP DISPATCH BANGALORE BRANCH,4,Y
591346,BANGALORE,KARNATAKA,BANGALORE,B124,IP DISPATCH BANGALORE BRANCH,4,Y
600133,CHENNAI,TAMIL NADU,CHENNAI,C77,IP DISPATCH CHENNAI BRANCH,5,Y
601103,CHENNAI,TAMIL NADU,CHENNAI,C77,IP DISPATCH CHENNAI BRANCH,5,Y
602021,CHENNAI,TAMIL NADU,CHENNAI,C77,IP DISPATCH CHENNAI BRANCH,5,Y
602023,CHENNAI,TAMIL NADU,CHENNAI,C77,IP DISPATCH CHENNAI BRANCH,5,Y
602118,CHENNAI,TAMIL NADU,CHENNAI,C77,IP DISPATCH CHENNAI BRANCH,5,Y
603003,CHENNAI,TAMIL NADU,CHENNAI,C77,IP DISPATCH CHENNAI BRANCH,4,Y
603106,CHENNAI,TAMIL NADU,CHENNAI,C77,IP DISPATCH CHENNAI BRANCH,5,Y
603108,CHENNAI,TAMIL NADU,CHENNAI,C77,IP DISPATCH CHENNAI BRANCH,4,Y
603302,CHENNAI,TAMIL NADU,CHENNAI,C77,IP DISPATCH CHENNAI BRANCH,4,Y
603304,CHENNAI,TAMIL NADU,CHENNAI,C77,IP DISPATCH CHENNAI BRANCH,4,Y
603307,CHENNAI,TAMIL NADU,CHENNAI,C77,IP DISPATCH CHENNAI BRANCH,4,Y
603309,CHENNAI,TAMIL NADU,CHENNAI,C77,IP DISPATCH CHENNAI BRANCH,4,Y
603310,CHENNAI,TAMIL NADU,CHENNAI,C77,IP DISPATCH CHENNAI BRANCH,4,Y
603311,CHENNAI,TAMIL NADU,CHENNAI,C77,IP DISPATCH CHENNAI BRANCH,4,Y
603312,CHENNAI,TAMIL NADU,CHENNAI,C77,IP DISPATCH CHENNAI BRANCH,4,Y
603313,CHENNAI,TAMIL NADU,CHENNAI,C77,IP DISPATCH CHENNAI BRANCH,4,Y
603314,CHENNAI,TAMIL NADU,CHENNAI,C77,IP DISPATCH CHENNAI BRANCH,5,Y
603401,CHENNAI,TAMIL NADU,CHENNAI,C77,IP DISPATCH CHENNAI BRANCH,4,Y
603402,CHENNAI,TAMIL NADU,CHENNAI,C77,IP DISPATCH CHENNAI BRANCH,5,Y
603403,CHENNAI,TAMIL NADU,CHENNAI,C77,IP DISPATCH CHENNAI BRANCH,5,Y
603405,CHENNAI,TAMIL NADU,CHENNAI,C77,IP DISPATCH CHENNAI BRANCH,5,Y
604101,CHENNAI,TAMIL NADU,CHENNAI,C77,IP DISPATCH CHENNAI BRANCH,5,Y
604102,CHENNAI,TAMIL NADU,CHENNAI,C77,IP DISPATCH CHENNAI BRANCH,5,Y
604152,CHENNAI,TAMIL NADU,CHENNAI,C77,IP DISPATCH CHENNAI BRANCH,4,Y
604153,CHENNAI,TAMIL NADU,CHENNAI,C77,IP DISPATCH CHENNAI BRANCH,4,Y
604154,CHENNAI,TAMIL NADU,CHENNAI,C77,IP DISPATCH CHENNAI BRANCH,4,Y
604206,CHENNAI,TAMIL NADU,CHENNAI,C77,IP DISPATCH CHENNAI BRANCH,4,Y
604207,CHENNAI,TAMIL NADU,CHENNAI,C77,IP DISPATCH CHENNAI BRANCH,4,Y
604208,CHENNAI,TAMIL NADU,CHENNAI,C77,IP DISPATCH CHENNAI BRANCH,4,Y
604210,CHENNAI,TAMIL NADU,CHENNAI,C77,IP DISPATCH CHENNAI BRANCH,4,Y
604401,CHENNAI,TAMIL NADU,CHENNAI,C77,IP DISPATCH CHENNAI BRANCH,4,Y
604402,CHENNAI,TAMIL NADU,CHENNAI,C77,IP DISPATCH CHENNAI BRANCH,4,Y
604403,CHENNAI,TAMIL NADU,CHENNAI,C77,IP DISPATCH CHENNAI BRANCH,4,Y
604404,CHENNAI,TAMIL NADU,CHENNAI,C77,IP DISPATCH CHENNAI BRANCH,4,Y
604405,CHENNAI,TAMIL NADU,CHENNAI,C77,IP DISPATCH CHENNAI BRANCH,4,Y
604406,CHENNAI,TAMIL NADU,CHENNAI,C77,IP DISPATCH CHENNAI BRANCH,4,Y
604409,CHENNAI,TAMIL NADU,CHENNAI,C77,IP DISPATCH CHENNAI BRANCH,4,Y
604410,CHENNAI,TAMIL NADU,CHENNAI,C77,IP DISPATCH CHENNAI BRANCH,4,Y
604411,CHENNAI,TAMIL NADU,CHENNAI,C77,IP DISPATCH CHENNAI BRANCH,4,Y
604501,CHENNAI,TAMIL NADU,CHENNAI,C77,IP DISPATCH CHENNAI BRANCH,4,Y
604502,CHENNAI,TAMIL NADU,CHENNAI,C77,IP DISPATCH CHENNAI BRANCH,4,Y
604503,CHENNAI,TAMIL NADU,CHENNAI,C77,IP DISPATCH CHENNAI BRANCH,4,Y
604504,CHENNAI,TAMIL NADU,CHENNAI,C77,IP DISPATCH CHENNAI BRANCH,4,Y
604505,CHENNAI,TAMIL NADU,CHENNAI,C77,IP DISPATCH CHENNAI BRANCH,4,Y
605105,CHENNAI,TAMIL NADU,CHENNAI,C77,IP DISPATCH CHENNAI BRANCH,4,Y
605201,CHENNAI,TAMIL NADU,CHENNAI,C77,IP DISPATCH CHENNAI BRANCH,4,Y
605202,CHENNAI,TAMIL NADU,CHENNAI,C77,IP DISPATCH CHENNAI BRANCH,4,Y
605203,CHENNAI,TAMIL NADU,CHENNAI,C77,IP DISPATCH CHENNAI BRANCH,4,Y
605301,CHENNAI,TAMIL NADU,CHENNAI,C77,IP DISPATCH CHENNAI BRANCH,4,Y
605302,CHENNAI,TAMIL NADU,CHENNAI,C77,IP DISPATCH CHENNAI BRANCH,4,Y
605402,CHENNAI,TAMIL NADU,CHENNAI,C77,IP DISPATCH CHENNAI BRANCH,4,Y
605403,CHENNAI,TAMIL NADU,CHENNAI,C77,IP DISPATCH CHENNAI BRANCH,4,Y
605651,CHENNAI,TAMIL NADU,CHENNAI,C77,IP DISPATCH CHENNAI BRANCH,4,Y
605701,CHENNAI,TAMIL NADU,CHENNAI,C77,IP DISPATCH CHENNAI BRANCH,4,Y
605702,CHENNAI,TAMIL NADU,CHENNAI,C77,IP DISPATCH CHENNAI BRANCH,4,Y
605755,CHENNAI,TAMIL NADU,CHENNAI,C77,IP DISPATCH CHENNAI BRANCH,4,Y
605758,CHENNAI,TAMIL NADU,CHENNAI,C77,IP DISPATCH CHENNAI BRANCH,4,Y
605801,CHENNAI,TAMIL NADU,CHENNAI,C77,IP DISPATCH CHENNAI BRANCH,4,Y
606003,CHENNAI,TAMIL NADU,CHENNAI,C77,IP DISPATCH CHENNAI BRANCH,5,Y
606103,CHENNAI,TAMIL NADU,CHENNAI,C77,IP DISPATCH CHENNAI BRANCH,4,Y
606104,CHENNAI,TAMIL NADU,CHENNAI,C77,IP DISPATCH CHENNAI BRANCH,4,Y
606109,CHENNAI,TAMIL NADU,CHENNAI,C77,IP DISPATCH CHENNAI BRANCH,4,Y
606110,CHENNAI,TAMIL NADU,CHENNAI,C77,IP DISPATCH CHENNAI BRANCH,4,Y
606111,CHENNAI,TAMIL NADU,CHENNAI,C77,IP DISPATCH CHENNAI BRANCH,4,Y
606115,CHENNAI,TAMIL NADU,CHENNAI,C77,IP DISPATCH CHENNAI BRANCH,4,Y
606203,CHENNAI,TAMIL NADU,CHENNAI,C77,IP DISPATCH CHENNAI BRANCH,4,Y
606204,CHENNAI,TAMIL NADU,CHENNAI,C77,IP DISPATCH CHENNAI BRANCH,4,Y
606209,CHENNAI,TAMIL NADU,CHENNAI,C77,IP DISPATCH CHENNAI BRANCH,4,Y
606213,CHENNAI,TAMIL NADU,CHENNAI,C77,IP DISPATCH CHENNAI BRANCH,4,Y
606301,CHENNAI,TAMIL NADU,CHENNAI,C77,IP DISPATCH CHENNAI BRANCH,4,Y
606302,CHENNAI,TAMIL NADU,CHENNAI,C77,IP DISPATCH CHENNAI BRANCH,4,Y
606303,CHENNAI,TAMIL NADU,CHENNAI,C77,IP DISPATCH CHENNAI BRANCH,4,Y
606305,CHENNAI,TAMIL NADU,CHENNAI,C77,IP DISPATCH CHENNAI BRANCH,4,Y
606703,CHENNAI,TAMIL NADU,CHENNAI,C77,IP DISPATCH CHENNAI BRANCH,4,Y
606706,CHENNAI,TAMIL NADU,CHENNAI,C77,IP DISPATCH CHENNAI BRANCH,4,Y
606707,CHENNAI,TAMIL NADU,CHENNAI,C77,IP DISPATCH CHENNAI BRANCH,4,Y
606708,CHENNAI,TAMIL NADU,CHENNAI,C77,IP DISPATCH CHENNAI BRANCH,4,Y
606752,CHENNAI,TAMIL NADU,CHENNAI,C77,IP DISPATCH CHENNAI BRANCH,4,Y
606753,CHENNAI,TAMIL NADU,CHENNAI,C77,IP DISPATCH CHENNAI BRANCH,4,Y
606755,CHENNAI,TAMIL NADU,CHENNAI,C77,IP DISPATCH CHENNAI BRANCH,4,Y
606804,CHENNAI,TAMIL NADU,CHENNAI,C77,IP DISPATCH CHENNAI BRANCH,4,Y
606807,CHENNAI,TAMIL NADU,CHENNAI,C77,IP DISPATCH CHENNAI BRANCH,4,Y
606808,CHENNAI,TAMIL NADU,CHENNAI,C77,IP DISPATCH CHENNAI BRANCH,4,Y
606811,CHENNAI,TAMIL NADU,CHENNAI,C77,IP DISPATCH CHENNAI BRANCH,4,Y
606901,CHENNAI,TAMIL NADU,CHENNAI,C77,IP DISPATCH CHENNAI BRANCH,4,Y
606902,CHENNAI,TAMIL NADU,CHENNAI,C77,IP DISPATCH CHENNAI BRANCH,4,Y
606907,CHENNAI,TAMIL NADU,CHENNAI,C77,IP DISPATCH CHENNAI BRANCH,4,Y
606908,CHENNAI,TAMIL NADU,CHENNAI,C77,IP DISPATCH CHENNAI BRANCH,4,Y
607004,CHENNAI,TAMIL NADU,CHENNAI,C77,IP DISPATCH CHENNAI BRANCH,4,Y
607101,CHENNAI,TAMIL NADU,CHENNAI,C77,IP DISPATCH CHENNAI BRANCH,4,Y
607102,CHENNAI,TAMIL NADU,CHENNAI,C77,IP DISPATCH CHENNAI BRANCH,4,Y
607104,CHENNAI,TAMIL NADU,CHENNAI,C77,IP DISPATCH CHENNAI BRANCH,4,Y
607107,CHENNAI,TAMIL NADU,CHENNAI,C77,IP DISPATCH CHENNAI BRANCH,4,Y
607108,CHENNAI,TAMIL NADU,CHENNAI,C77,IP DISPATCH CHENNAI BRANCH,4,Y
607109,CHENNAI,TAMIL NADU,CHENNAI,C77,IP DISPATCH CHENNAI BRANCH,4,Y
607112,CHENNAI,TAMIL NADU,CHENNAI,C77,IP DISPATCH CHENNAI BRANCH,4,Y
607203,CHENNAI,TAMIL NADU,CHENNAI,C77,IP DISPATCH CHENNAI BRANCH,4,Y
607204,CHENNAI,TAMIL NADU,CHENNAI,C77,IP DISPATCH CHENNAI BRANCH,4,Y
607205,CHENNAI,TAMIL NADU,CHENNAI,C77,IP DISPATCH CHENNAI BRANCH,4,Y
607209,CHENNAI,TAMIL NADU,CHENNAI,C77,IP DISPATCH CHENNAI BRANCH,4,Y
607401,CHENNAI,TAMIL NADU,CHENNAI,C77,IP DISPATCH CHENNAI BRANCH,4,Y
607403,CHENNAI,TAMIL NADU,CHENNAI,C77,IP DISPATCH CHENNAI BRANCH,5,Y
607805,CHENNAI,TAMIL NADU,CHENNAI,C77,IP DISPATCH CHENNAI BRANCH,4,Y
608102,CHENNAI,TAMIL NADU,CHENNAI,C77,IP DISPATCH CHENNAI BRANCH,4,Y
608201,CHENNAI,TAMIL NADU,CHENNAI,C77,IP DISPATCH CHENNAI BRANCH,4,Y
608305,CHENNAI,TAMIL NADU,CHENNAI,C77,IP DISPATCH CHENNAI BRANCH,4,Y
608602,CHENNAI,TAMIL NADU,CHENNAI,C77,IP DISPATCH CHENNAI BRANCH,4,Y
608801,CHENNAI,TAMIL NADU,CHENNAI,C77,IP DISPATCH CHENNAI BRANCH,4,Y
609106,CHENNAI,TAMIL NADU,CHENNAI,C77,IP DISPATCH CHENNAI BRANCH,4,Y
609109,CHENNAI,TAMIL NADU,CHENNAI,C77,IP DISPATCH CHENNAI BRANCH,4,Y
609113,CHENNAI,TAMIL NADU,CHENNAI,C77,IP DISPATCH CHENNAI BRANCH,4,Y
609116,CHENNAI,TAMIL NADU,CHENNAI,C77,IP DISPATCH CHENNAI BRANCH,4,Y
609501,CHENNAI,TAMIL NADU,CHENNAI,C77,IP DISPATCH CHENNAI BRANCH,4,Y
609802,CHENNAI,TAMIL NADU,CHENNAI,C77,IP DISPATCH CHENNAI BRANCH,4,Y
609803,CHENNAI,TAMIL NADU,CHENNAI,C77,IP DISPATCH CHENNAI BRANCH,4,Y
609804,CHENNAI,TAMIL NADU,CHENNAI,C77,IP DISPATCH CHENNAI BRANCH,4,Y
609805,CHENNAI,TAMIL NADU,CHENNAI,C77,IP DISPATCH CHENNAI BRANCH,4,Y
609806,CHENNAI,TAMIL NADU,CHENNAI,C77,IP DISPATCH CHENNAI BRANCH,4,Y
609807,CHENNAI,TAMIL NADU,CHENNAI,C77,IP DISPATCH CHENNAI BRANCH,4,Y
609808,CHENNAI,TAMIL NADU,CHENNAI,C77,IP DISPATCH CHENNAI BRANCH,4,Y
609810,CHENNAI,TAMIL NADU,CHENNAI,C77,IP DISPATCH CHENNAI BRANCH,4,Y
610005,CHENNAI,TAMIL NADU,CHENNAI,C77,IP DISPATCH CHENNAI BRANCH,4,Y
610104,CHENNAI,TAMIL NADU,CHENNAI,C77,IP DISPATCH CHENNAI BRANCH,4,Y
612105,CHENNAI,TAMIL NADU,CHENNAI,C77,IP DISPATCH CHENNAI BRANCH,4,Y
612106,CHENNAI,TAMIL NADU,CHENNAI,C77,IP DISPATCH CHENNAI BRANCH,4,Y
612201,CHENNAI,TAMIL NADU,CHENNAI,C77,IP DISPATCH CHENNAI BRANCH,4,Y
612202,CHENNAI,TAMIL NADU,CHENNAI,C77,IP DISPATCH CHENNAI BRANCH,4,Y
612301,CHENNAI,TAMIL NADU,CHENNAI,C77,IP DISPATCH CHENNAI BRANCH,4,Y
612303,CHENNAI,TAMIL NADU,CHENNAI,C77,IP DISPATCH CHENNAI BRANCH,4,Y
612401,CHENNAI,TAMIL NADU,CHENNAI,C77,IP DISPATCH CHENNAI BRANCH,4,Y
612402,CHENNAI,TAMIL NADU,CHENNAI,C77,IP DISPATCH CHENNAI BRANCH,4,Y
612502,CHENNAI,TAMIL NADU,CHENNAI,C77,IP DISPATCH CHENNAI BRANCH,4,Y
612504,CHENNAI,TAMIL NADU,CHENNAI,C77,IP DISPATCH CHENNAI BRANCH,4,Y
612602,CHENNAI,TAMIL NADU,CHENNAI,C77,IP DISPATCH CHENNAI BRANCH,4,Y
612603,CHENNAI,TAMIL NADU,CHENNAI,C77,IP DISPATCH CHENNAI BRANCH,4,Y
612701,CHENNAI,TAMIL NADU,CHENNAI,C77,IP DISPATCH CHENNAI BRANCH,4,Y
612703,CHENNAI,TAMIL NADU,CHENNAI,C77,IP DISPATCH CHENNAI BRANCH,4,Y
612801,CHENNAI,TAMIL NADU,CHENNAI,C77,IP DISPATCH CHENNAI BRANCH,4,Y
612802,CHENNAI,TAMIL NADU,CHENNAI,C77,IP DISPATCH CHENNAI BRANCH,4,Y
612803,CHENNAI,TAMIL NADU,CHENNAI,C77,IP DISPATCH CHENNAI BRANCH,4,Y
612804,CHENNAI,TAMIL NADU,CHENNAI,C77,IP DISPATCH CHENNAI BRANCH,4,Y
612906,COCHIN,KERALA,COCHIN,O96,IP DISPATCH COCHIN BRANCH,4,Y
613101,CHENNAI,TAMIL NADU,CHENNAI,C77,IP DISPATCH CHENNAI BRANCH,4,Y
613102,CHENNAI,TAMIL NADU,CHENNAI,C77,IP DISPATCH CHENNAI BRANCH,4,Y
613103,CHENNAI,TAMIL NADU,CHENNAI,C77,IP DISPATCH CHENNAI BRANCH,4,Y
613201,CHENNAI,TAMIL NADU,CHENNAI,C77,IP DISPATCH CHENNAI BRANCH,4,Y
613202,CHENNAI,TAMIL NADU,CHENNAI,C77,IP DISPATCH CHENNAI BRANCH,4,Y
613203,CHENNAI,TAMIL NADU,CHENNAI,C77,IP DISPATCH CHENNAI BRANCH,4,Y
613205,CHENNAI,TAMIL NADU,CHENNAI,C77,IP DISPATCH CHENNAI BRANCH,4,Y
613303,CHENNAI,TAMIL NADU,CHENNAI,C77,IP DISPATCH CHENNAI BRANCH,4,Y
613502,CHENNAI,TAMIL NADU,CHENNAI,C77,IP DISPATCH CHENNAI BRANCH,4,Y
613503,CHENNAI,TAMIL NADU,CHENNAI,C77,IP DISPATCH CHENNAI BRANCH,4,Y
613504,CHENNAI,TAMIL NADU,CHENNAI,C77,IP DISPATCH CHENNAI BRANCH,4,Y
613601,CHENNAI,TAMIL NADU,CHENNAI,C77,IP DISPATCH CHENNAI BRANCH,4,Y
613602,CHENNAI,TAMIL NADU,CHENNAI,C77,IP DISPATCH CHENNAI BRANCH,4,Y
613702,CHENNAI,TAMIL NADU,CHENNAI,C77,IP DISPATCH CHENNAI BRANCH,4,Y
614013,CHENNAI,TAMIL NADU,CHENNAI,C77,IP DISPATCH CHENNAI BRANCH,4,Y
614015,CHENNAI,TAMIL NADU,CHENNAI,C77,IP DISPATCH CHENNAI BRANCH,4,Y
614017,CHENNAI,TAMIL NADU,CHENNAI,C77,IP DISPATCH CHENNAI BRANCH,4,Y
614019,CHENNAI,TAMIL NADU,CHENNAI,C77,IP DISPATCH CHENNAI BRANCH,4,Y
614020,CHENNAI,TAMIL NADU,CHENNAI,C77,IP DISPATCH CHENNAI BRANCH,4,Y
614204,CHENNAI,TAMIL NADU,CHENNAI,C77,IP DISPATCH CHENNAI BRANCH,4,Y
614208,CHENNAI,TAMIL NADU,CHENNAI,C77,IP DISPATCH CHENNAI BRANCH,4,Y
614210,CHENNAI,TAMIL NADU,CHENNAI,C77,IP DISPATCH CHENNAI BRANCH,4,Y
614301,CHENNAI,TAMIL NADU,CHENNAI,C77,IP DISPATCH CHENNAI BRANCH,4,Y
614302,CHENNAI,TAMIL NADU,CHENNAI,C77,IP DISPATCH CHENNAI BRANCH,4,Y
614303,CHENNAI,TAMIL NADU,CHENNAI,C77,IP DISPATCH CHENNAI BRANCH,4,Y
614402,CHENNAI,TAMIL NADU,CHENNAI,C77,IP DISPATCH CHENNAI BRANCH,4,Y
614403,CHENNAI,TAMIL NADU,CHENNAI,C77,IP DISPATCH CHENNAI BRANCH,4,Y
614614,CHENNAI,TAMIL NADU,CHENNAI,C77,IP DISPATCH CHENNAI BRANCH,4,Y
614615,CHENNAI,TAMIL NADU,CHENNAI,C77,IP DISPATCH CHENNAI BRANCH,4,Y
614618,CHENNAI,TAMIL NADU,CHENNAI,C77,IP DISPATCH CHENNAI BRANCH,4,Y
614622,CHENNAI,TAMIL NADU,CHENNAI,C77,IP DISPATCH CHENNAI BRANCH,4,Y
614624,CHENNAI,TAMIL NADU,CHENNAI,C77,IP DISPATCH CHENNAI BRANCH,4,Y
614626,CHENNAI,TAMIL NADU,CHENNAI,C77,IP DISPATCH CHENNAI BRANCH,4,Y
614629,CHENNAI,TAMIL NADU,CHENNAI,C77,IP DISPATCH CHENNAI BRANCH,4,Y
614708,CHENNAI,TAMIL NADU,CHENNAI,C77,IP DISPATCH CHENNAI BRANCH,4,Y
614723,CHENNAI,TAMIL NADU,CHENNAI,C77,IP DISPATCH CHENNAI BRANCH,4,Y
614801,CHENNAI,TAMIL NADU,CHENNAI,C77,IP DISPATCH CHENNAI BRANCH,4,Y
614802,CHENNAI,TAMIL NADU,CHENNAI,C77,IP DISPATCH CHENNAI BRANCH,4,Y
614803,CHENNAI,TAMIL NADU,CHENNAI,C77,IP DISPATCH CHENNAI BRANCH,4,Y
614805,CHENNAI,TAMIL NADU,CHENNAI,C77,IP DISPATCH CHENNAI BRANCH,4,Y
614901,CHENNAI,TAMIL NADU,CHENNAI,C77,IP DISPATCH CHENNAI BRANCH,4,Y
614905,CHENNAI,TAMIL NADU,CHENNAI,C77,IP DISPATCH CHENNAI BRANCH,4,Y
614906,CHENNAI,TAMIL NADU,CHENNAI,C77,IP DISPATCH CHENNAI BRANCH,4,Y
620027,CHENNAI,TAMIL NADU,CHENNAI,C77,IP DISPATCH CHENNAI BRANCH,4,Y
621001,CHENNAI,TAMIL NADU,CHENNAI,C77,IP DISPATCH CHENNAI BRANCH,4,Y
621002,CHENNAI,TAMIL NADU,CHENNAI,C77,IP DISPATCH CHENNAI BRANCH,4,Y
621003,CHENNAI,TAMIL NADU,CHENNAI,C77,IP DISPATCH CHENNAI BRANCH,4,Y
621004,CHENNAI,TAMIL NADU,CHENNAI,C77,IP DISPATCH CHENNAI BRANCH,4,Y
621006,CHENNAI,TAMIL NADU,CHENNAI,C77,IP DISPATCH CHENNAI BRANCH,4,Y
621007,CHENNAI,TAMIL NADU,CHENNAI,C77,IP DISPATCH CHENNAI BRANCH,4,Y
621008,CHENNAI,TAMIL NADU,CHENNAI,C77,IP DISPATCH CHENNAI BRANCH,4,Y
621009,CHENNAI,TAMIL NADU,CHENNAI,C77,IP DISPATCH CHENNAI BRANCH,4,Y
621011,CHENNAI,TAMIL NADU,CHENNAI,C77,IP DISPATCH CHENNAI BRANCH,4,Y
621012,CHENNAI,TAMIL NADU,CHENNAI,C77,IP DISPATCH CHENNAI BRANCH,4,Y
621101,CHENNAI,TAMIL NADU,CHENNAI,C77,IP DISPATCH CHENNAI BRANCH,4,Y
621102,CHENNAI,TAMIL NADU,CHENNAI,C77,IP DISPATCH CHENNAI BRANCH,4,Y
621103,CHENNAI,TAMIL NADU,CHENNAI,C77,IP DISPATCH CHENNAI BRANCH,4,Y
621104,CHENNAI,TAMIL NADU,CHENNAI,C77,IP DISPATCH CHENNAI BRANCH,4,Y
621105,CHENNAI,TAMIL NADU,CHENNAI,C77,IP DISPATCH CHENNAI BRANCH,4,Y
621106,CHENNAI,TAMIL NADU,CHENNAI,C77,IP DISPATCH CHENNAI BRANCH,4,Y
621109,CHENNAI,TAMIL NADU,CHENNAI,C77,IP DISPATCH CHENNAI BRANCH,4,Y
621110,CHENNAI,TAMIL NADU,CHENNAI,C77,IP DISPATCH CHENNAI BRANCH,4,Y
621111,CHENNAI,TAMIL NADU,CHENNAI,C77,IP DISPATCH CHENNAI BRANCH,4,Y
621114,CHENNAI,TAMIL NADU,CHENNAI,C77,IP DISPATCH CHENNAI BRANCH,4,Y
621117,CHENNAI,TAMIL NADU,CHENNAI,C77,IP DISPATCH CHENNAI BRANCH,4,Y
621118,CHENNAI,TAMIL NADU,CHENNAI,C77,IP DISPATCH CHENNAI BRANCH,4,Y
621119,CHENNAI,TAMIL NADU,CHENNAI,C77,IP DISPATCH CHENNAI BRANCH,4,Y
621133,CHENNAI,TAMIL NADU,CHENNAI,C77,IP DISPATCH CHENNAI BRANCH,4,Y
621210,CHENNAI,TAMIL NADU,CHENNAI,C77,IP DISPATCH CHENNAI BRANCH,4,Y
621219,CHENNAI,TAMIL NADU,CHENNAI,C77,IP DISPATCH CHENNAI BRANCH,4,Y
621301,CHENNAI,TAMIL NADU,CHENNAI,C77,IP DISPATCH CHENNAI BRANCH,4,Y
621305,CHENNAI,TAMIL NADU,CHENNAI,C77,IP DISPATCH CHENNAI BRANCH,4,Y
621308,CHENNAI,TAMIL NADU,CHENNAI,C77,IP DISPATCH CHENNAI BRANCH,4,Y
621311,CHENNAI,TAMIL NADU,CHENNAI,C77,IP DISPATCH CHENNAI BRANCH,4,Y
621312,CHENNAI,TAMIL NADU,CHENNAI,C77,IP DISPATCH CHENNAI BRANCH,4,Y
621313,CHENNAI,TAMIL NADU,CHENNAI,C77,IP DISPATCH CHENNAI BRANCH,4,Y
621701,CHENNAI,TAMIL NADU,CHENNAI,C77,IP DISPATCH CHENNAI BRANCH,4,Y
621702,CHENNAI,TAMIL NADU,CHENNAI,C77,IP DISPATCH CHENNAI BRANCH,4,Y
621711,CHENNAI,TAMIL NADU,CHENNAI,C77,IP DISPATCH CHENNAI BRANCH,4,Y
622103,CHENNAI,TAMIL NADU,CHENNAI,C77,IP DISPATCH CHENNAI BRANCH,4,Y
622201,CHENNAI,TAMIL NADU,CHENNAI,C77,IP DISPATCH CHENNAI BRANCH,4,Y
622203,CHENNAI,TAMIL NADU,CHENNAI,C77,IP DISPATCH CHENNAI BRANCH,4,Y
622204,CHENNAI,TAMIL NADU,CHENNAI,C77,IP DISPATCH CHENNAI BRANCH,4,Y
622412,CHENNAI,TAMIL NADU,CHENNAI,C77,IP DISPATCH CHENNAI BRANCH,4,Y
623115,CHENNAI,TAMIL NADU,CHENNAI,C77,IP DISPATCH CHENNAI BRANCH,4,Y
623120,CHENNAI,TAMIL NADU,CHENNAI,C77,IP DISPATCH CHENNAI BRANCH,4,Y
623135,CHENNAI,TAMIL NADU,CHENNAI,C77,IP DISPATCH CHENNAI BRANCH,4,Y
623315,CHENNAI,TAMIL NADU,CHENNAI,C77,IP DISPATCH CHENNAI BRANCH,4,Y
623401,CHENNAI,TAMIL NADU,CHENNAI,C77,IP DISPATCH CHENNAI BRANCH,4,Y
623402,CHENNAI,TAMIL NADU,CHENNAI,C77,IP DISPATCH CHENNAI BRANCH,4,Y
623403,CHENNAI,TAMIL NADU,CHENNAI,C77,IP DISPATCH CHENNAI BRANCH,4,Y
623404,CHENNAI,TAMIL NADU,CHENNAI,C77,IP DISPATCH CHENNAI BRANCH,4,Y
623407,CHENNAI,TAMIL NADU,CHENNAI,C77,IP DISPATCH CHENNAI BRANCH,4,Y
623409,CHENNAI,TAMIL NADU,CHENNAI,C77,IP DISPATCH CHENNAI BRANCH,4,Y
623513,CHENNAI,TAMIL NADU,CHENNAI,C77,IP DISPATCH CHENNAI BRANCH,4,Y
623514,CHENNAI,TAMIL NADU,CHENNAI,C77,IP DISPATCH CHENNAI BRANCH,4,Y
623515,CHENNAI,TAMIL NADU,CHENNAI,C77,IP DISPATCH CHENNAI BRANCH,4,Y
623516,CHENNAI,TAMIL NADU,CHENNAI,C77,IP DISPATCH CHENNAI BRANCH,4,Y
623518,CHENNAI,TAMIL NADU,CHENNAI,C77,IP DISPATCH CHENNAI BRANCH,4,Y
623519,CHENNAI,TAMIL NADU,CHENNAI,C77,IP DISPATCH CHENNAI BRANCH,4,Y
623520,CHENNAI,TAMIL NADU,CHENNAI,C77,IP DISPATCH CHENNAI BRANCH,4,Y
623521,CHENNAI,TAMIL NADU,CHENNAI,C77,IP DISPATCH CHENNAI BRANCH,4,Y
623522,CHENNAI,TAMIL NADU,CHENNAI,C77,IP DISPATCH CHENNAI BRANCH,4,Y
623523,CHENNAI,TAMIL NADU,CHENNAI,C77,IP DISPATCH CHENNAI BRANCH,4,Y
623528,CHENNAI,TAMIL NADU,CHENNAI,C77,IP DISPATCH CHENNAI BRANCH,4,Y
623529,CHENNAI,TAMIL NADU,CHENNAI,C77,IP DISPATCH CHENNAI BRANCH,4,Y
623530,CHENNAI,TAMIL NADU,CHENNAI,C77,IP DISPATCH CHENNAI BRANCH,4,Y
623532,CHENNAI,TAMIL NADU,CHENNAI,C77,IP DISPATCH CHENNAI BRANCH,4,Y
623533,CHENNAI,TAMIL NADU,CHENNAI,C77,IP DISPATCH CHENNAI BRANCH,4,Y
623536,CHENNAI,TAMIL NADU,CHENNAI,C77,IP DISPATCH CHENNAI BRANCH,4,Y
623537,CHENNAI,TAMIL NADU,CHENNAI,C77,IP DISPATCH CHENNAI BRANCH,4,Y
623538,CHENNAI,TAMIL NADU,CHENNAI,C77,IP DISPATCH CHENNAI BRANCH,4,Y
623566,CHENNAI,TAMIL NADU,CHENNAI,C77,IP DISPATCH CHENNAI BRANCH,4,Y
623601,CHENNAI,TAMIL NADU,CHENNAI,C77,IP DISPATCH CHENNAI BRANCH,4,Y
623605,CHENNAI,TAMIL NADU,CHENNAI,C77,IP DISPATCH CHENNAI BRANCH,4,Y
623703,CHENNAI,TAMIL NADU,CHENNAI,C77,IP DISPATCH CHENNAI BRANCH,4,Y
623705,CHENNAI,TAMIL NADU,CHENNAI,C77,IP DISPATCH CHENNAI BRANCH,4,Y
623706,CHENNAI,TAMIL NADU,CHENNAI,C77,IP DISPATCH CHENNAI BRANCH,4,Y
623708,CHENNAI,TAMIL NADU,CHENNAI,C77,IP DISPATCH CHENNAI BRANCH,4,Y
623711,CHENNAI,TAMIL NADU,CHENNAI,C77,IP DISPATCH CHENNAI BRANCH,4,Y
623712,CHENNAI,TAMIL NADU,CHENNAI,C77,IP DISPATCH CHENNAI BRANCH,4,Y
623806,CHENNAI,TAMIL NADU,CHENNAI,C77,IP DISPATCH CHENNAI BRANCH,4,Y
624204,CHENNAI,TAMIL NADU,CHENNAI,C77,IP DISPATCH CHENNAI BRANCH,4,Y
624212,CHENNAI,TAMIL NADU,CHENNAI,C77,IP DISPATCH CHENNAI BRANCH,4,Y
624219,CHENNAI,TAMIL NADU,CHENNAI,C77,IP DISPATCH CHENNAI BRANCH,4,Y
624303,CHENNAI,TAMIL NADU,CHENNAI,C77,IP DISPATCH CHENNAI BRANCH,4,Y
624306,CHENNAI,TAMIL NADU,CHENNAI,C77,IP DISPATCH CHENNAI BRANCH,4,Y
624402,CHENNAI,TAMIL NADU,CHENNAI,C77,IP DISPATCH CHENNAI BRANCH,4,Y
624403,CHENNAI,TAMIL NADU,CHENNAI,C77,IP DISPATCH CHENNAI BRANCH,4,Y
624617,CHENNAI,TAMIL NADU,CHENNAI,C77,IP DISPATCH CHENNAI BRANCH,4,Y
624618,CHENNAI,TAMIL NADU,CHENNAI,C77,IP DISPATCH CHENNAI BRANCH,4,Y
624620,CHENNAI,TAMIL NADU,CHENNAI,C77,IP DISPATCH CHENNAI BRANCH,4,Y
624621,CHENNAI,TAMIL NADU,CHENNAI,C77,IP DISPATCH CHENNAI BRANCH,4,Y
624701,CHENNAI,TAMIL NADU,CHENNAI,C77,IP DISPATCH CHENNAI BRANCH,4,Y
624703,CHENNAI,TAMIL NADU,CHENNAI,C77,IP DISPATCH CHENNAI BRANCH,4,Y
624708,CHENNAI,TAMIL NADU,CHENNAI,C77,IP DISPATCH CHENNAI BRANCH,4,Y
624801,CHENNAI,TAMIL NADU,CHENNAI,C77,IP DISPATCH CHENNAI BRANCH,4,Y
625103,CHENNAI,TAMIL NADU,CHENNAI,C77,IP DISPATCH CHENNAI BRANCH,4,Y
625104,CHENNAI,TAMIL NADU,CHENNAI,C77,IP DISPATCH CHENNAI BRANCH,4,Y
625105,CHENNAI,TAMIL NADU,CHENNAI,C77,IP DISPATCH CHENNAI BRANCH,4,Y
625108,CHENNAI,TAMIL NADU,CHENNAI,C77,IP DISPATCH CHENNAI BRANCH,4,Y
625110,CHENNAI,TAMIL NADU,CHENNAI,C77,IP DISPATCH CHENNAI BRANCH,4,Y
625207,CHENNAI,TAMIL NADU,CHENNAI,C77,IP DISPATCH CHENNAI BRANCH,4,Y
625214,CHENNAI,TAMIL NADU,CHENNAI,C77,IP DISPATCH CHENNAI BRANCH,4,Y
625234,CHENNAI,TAMIL NADU,CHENNAI,C77,IP DISPATCH CHENNAI BRANCH,4,Y
625301,CHENNAI,TAMIL NADU,CHENNAI,C77,IP DISPATCH CHENNAI BRANCH,4,Y
625503,CHENNAI,TAMIL NADU,CHENNAI,C77,IP DISPATCH CHENNAI BRANCH,4,Y
625514,CHENNAI,TAMIL NADU,CHENNAI,C77,IP DISPATCH CHENNAI BRANCH,4,Y
625517,CHENNAI,TAMIL NADU,CHENNAI,C77,IP DISPATCH CHENNAI BRANCH,4,Y
625520,CHENNAI,TAMIL NADU,CHENNAI,C77,IP DISPATCH CHENNAI BRANCH,4,Y
625523,CHENNAI,TAMIL NADU,CHENNAI,C77,IP DISPATCH CHENNAI BRANCH,4,Y
625524,CHENNAI,TAMIL NADU,CHENNAI,C77,IP DISPATCH CHENNAI BRANCH,4,Y
625526,CHENNAI,TAMIL NADU,CHENNAI,C77,IP DISPATCH CHENNAI BRANCH,4,Y
625527,CHENNAI,TAMIL NADU,CHENNAI,C77,IP DISPATCH CHENNAI BRANCH,4,Y
625528,CHENNAI,TAMIL NADU,CHENNAI,C77,IP DISPATCH CHENNAI BRANCH,4,Y
625535,CHENNAI,TAMIL NADU,CHENNAI,C77,IP DISPATCH CHENNAI BRANCH,4,Y
625536,CHENNAI,TAMIL NADU,CHENNAI,C77,IP DISPATCH CHENNAI BRANCH,4,Y
625537,CHENNAI,TAMIL NADU,CHENNAI,C77,IP DISPATCH CHENNAI BRANCH,4,Y
625540,CHENNAI,TAMIL NADU,CHENNAI,C77,IP DISPATCH CHENNAI BRANCH,4,Y
625552,CHENNAI,TAMIL NADU,CHENNAI,C77,IP DISPATCH CHENNAI BRANCH,4,Y
625582,CHENNAI,TAMIL NADU,CHENNAI,C77,IP DISPATCH CHENNAI BRANCH,4,Y
625604,CHENNAI,TAMIL NADU,CHENNAI,C77,IP DISPATCH CHENNAI BRANCH,4,Y
625704,CHENNAI,TAMIL NADU,CHENNAI,C77,IP DISPATCH CHENNAI BRANCH,4,Y
625705,CHENNAI,TAMIL NADU,CHENNAI,C77,IP DISPATCH CHENNAI BRANCH,4,Y
625707,CHENNAI,TAMIL NADU,CHENNAI,C77,IP DISPATCH CHENNAI BRANCH,4,Y
625708,CHENNAI,TAMIL NADU,CHENNAI,C77,IP DISPATCH CHENNAI BRANCH,4,Y
626005,CHENNAI,TAMIL NADU,CHENNAI,C77,IP DISPATCH CHENNAI BRANCH,4,Y
626103,CHENNAI,TAMIL NADU,CHENNAI,C77,IP DISPATCH CHENNAI BRANCH,4,Y
626109,CHENNAI,TAMIL NADU,CHENNAI,C77,IP DISPATCH CHENNAI BRANCH,4,Y
626127,CHENNAI,TAMIL NADU,CHENNAI,C77,IP DISPATCH CHENNAI BRANCH,4,Y
626128,CHENNAI,TAMIL NADU,CHENNAI,C77,IP DISPATCH CHENNAI BRANCH,4,Y
626131,CHENNAI,TAMIL NADU,CHENNAI,C77,IP DISPATCH CHENNAI BRANCH,4,Y
626135,CHENNAI,TAMIL NADU,CHENNAI,C77,IP DISPATCH CHENNAI BRANCH,4,Y
626136,CHENNAI,TAMIL NADU,CHENNAI,C77,IP DISPATCH CHENNAI BRANCH,4,Y
626137,CHENNAI,TAMIL NADU,CHENNAI,C77,IP DISPATCH CHENNAI BRANCH,4,Y
626139,CHENNAI,TAMIL NADU,CHENNAI,C77,IP DISPATCH CHENNAI BRANCH,4,Y
626140,CHENNAI,TAMIL NADU,CHENNAI,C77,IP DISPATCH CHENNAI BRANCH,4,Y
626142,CHENNAI,TAMIL NADU,CHENNAI,C77,IP DISPATCH CHENNAI BRANCH,4,Y
626161,CHENNAI,TAMIL NADU,CHENNAI,C77,IP DISPATCH CHENNAI BRANCH,4,Y
626607,CHENNAI,TAMIL NADU,CHENNAI,C77,IP DISPATCH CHENNAI BRANCH,4,Y
626612,CHENNAI,TAMIL NADU,CHENNAI,C77,IP DISPATCH CHENNAI BRANCH,4,Y
627112,CHENNAI,TAMIL NADU,CHENNAI,C77,IP DISPATCH CHENNAI BRANCH,4,Y
627118,CHENNAI,TAMIL NADU,CHENNAI,C77,IP DISPATCH CHENNAI BRANCH,4,Y
627119,CHENNAI,TAMIL NADU,CHENNAI,C77,IP DISPATCH CHENNAI BRANCH,4,Y
627133,CHENNAI,TAMIL NADU,CHENNAI,C77,IP DISPATCH CHENNAI BRANCH,4,Y
627355,CHENNAI,TAMIL NADU,CHENNAI,C77,IP DISPATCH CHENNAI BRANCH,4,Y
627359,CHENNAI,TAMIL NADU,CHENNAI,C77,IP DISPATCH CHENNAI BRANCH,4,Y
627452,CHENNAI,TAMIL NADU,CHENNAI,C77,IP DISPATCH CHENNAI BRANCH,4,Y
627501,CHENNAI,TAMIL NADU,CHENNAI,C77,IP DISPATCH CHENNAI BRANCH,4,Y
627502,CHENNAI,TAMIL NADU,CHENNAI,C77,IP DISPATCH CHENNAI BRANCH,4,Y
627601,CHENNAI,TAMIL NADU,CHENNAI,C77,IP DISPATCH CHENNAI BRANCH,4,Y
627602,CHENNAI,TAMIL NADU,CHENNAI,C77,IP DISPATCH CHENNAI BRANCH,4,Y
627603,CHENNAI,TAMIL NADU,CHENNAI,C77,IP DISPATCH CHENNAI BRANCH,4,Y
627713,CHENNAI,TAMIL NADU,CHENNAI,C77,IP DISPATCH CHENNAI BRANCH,4,Y
627719,CHENNAI,TAMIL NADU,CHENNAI,C77,IP DISPATCH CHENNAI BRANCH,4,Y
627754,CHENNAI,TAMIL NADU,CHENNAI,C77,IP DISPATCH CHENNAI BRANCH,4,Y
627803,CHENNAI,TAMIL NADU,CHENNAI,C77,IP DISPATCH CHENNAI BRANCH,4,Y
627804,CHENNAI,TAMIL NADU,CHENNAI,C77,IP DISPATCH CHENNAI BRANCH,4,Y
627805,CHENNAI,TAMIL NADU,CHENNAI,C77,IP DISPATCH CHENNAI BRANCH,4,Y
627812,CHENNAI,TAMIL NADU,CHENNAI,C77,IP DISPATCH CHENNAI BRANCH,4,Y
627857,CHENNAI,TAMIL NADU,CHENNAI,C77,IP DISPATCH CHENNAI BRANCH,4,Y
627862,CHENNAI,TAMIL NADU,CHENNAI,C77,IP DISPATCH CHENNAI BRANCH,4,Y
628303,CHENNAI,TAMIL NADU,CHENNAI,C77,IP DISPATCH CHENNAI BRANCH,4,Y
628613,CHENNAI,TAMIL NADU,CHENNAI,C77,IP DISPATCH CHENNAI BRANCH,4,Y
628716,CHENNAI,TAMIL NADU,CHENNAI,C77,IP DISPATCH CHENNAI BRANCH,4,Y
628718,CHENNAI,TAMIL NADU,CHENNAI,C77,IP DISPATCH CHENNAI BRANCH,4,Y
628720,CHENNAI,TAMIL NADU,CHENNAI,C77,IP DISPATCH CHENNAI BRANCH,4,Y
628809,CHENNAI,TAMIL NADU,CHENNAI,C77,IP DISPATCH CHENNAI BRANCH,4,Y
630105,CHENNAI,TAMIL NADU,CHENNAI,C77,IP DISPATCH CHENNAI BRANCH,4,Y
630203,CHENNAI,TAMIL NADU,CHENNAI,C77,IP DISPATCH CHENNAI BRANCH,4,Y
630204,CHENNAI,TAMIL NADU,CHENNAI,C77,IP DISPATCH CHENNAI BRANCH,4,Y
630206,CHENNAI,TAMIL NADU,CHENNAI,C77,IP DISPATCH CHENNAI BRANCH,4,Y
630207,CHENNAI,TAMIL NADU,CHENNAI,C77,IP DISPATCH CHENNAI BRANCH,4,Y
630210,CHENNAI,TAMIL NADU,CHENNAI,C77,IP DISPATCH CHENNAI BRANCH,4,Y
630212,CHENNAI,TAMIL NADU,CHENNAI,C77,IP DISPATCH CHENNAI BRANCH,4,Y
630301,CHENNAI,TAMIL NADU,CHENNAI,C77,IP DISPATCH CHENNAI BRANCH,4,Y
630305,CHENNAI,TAMIL NADU,CHENNAI,C77,IP DISPATCH CHENNAI BRANCH,4,Y
630306,CHENNAI,TAMIL NADU,CHENNAI,C77,IP DISPATCH CHENNAI BRANCH,4,Y
630309,CHENNAI,TAMIL NADU,CHENNAI,C77,IP DISPATCH CHENNAI BRANCH,4,Y
630311,CHENNAI,TAMIL NADU,CHENNAI,C77,IP DISPATCH CHENNAI BRANCH,4,Y
630312,CHENNAI,TAMIL NADU,CHENNAI,C77,IP DISPATCH CHENNAI BRANCH,4,Y
630313,CHENNAI,TAMIL NADU,CHENNAI,C77,IP DISPATCH CHENNAI BRANCH,4,Y
630314,CHENNAI,TAMIL NADU,CHENNAI,C77,IP DISPATCH CHENNAI BRANCH,4,Y
630321,CHENNAI,TAMIL NADU,CHENNAI,C77,IP DISPATCH CHENNAI BRANCH,4,Y
630405,CHENNAI,TAMIL NADU,CHENNAI,C77,IP DISPATCH CHENNAI BRANCH,4,Y
630408,CHENNAI,TAMIL NADU,CHENNAI,C77,IP DISPATCH CHENNAI BRANCH,4,Y
630411,CHENNAI,TAMIL NADU,CHENNAI,C77,IP DISPATCH CHENNAI BRANCH,4,Y
630501,CHENNAI,TAMIL NADU,CHENNAI,C77,IP DISPATCH CHENNAI BRANCH,4,Y
630551,CHENNAI,TAMIL NADU,CHENNAI,C77,IP DISPATCH CHENNAI BRANCH,4,Y
630552,CHENNAI,TAMIL NADU,CHENNAI,C77,IP DISPATCH CHENNAI BRANCH,4,Y
630553,CHENNAI,TAMIL NADU,CHENNAI,C77,IP DISPATCH CHENNAI BRANCH,4,Y
630554,CHENNAI,TAMIL NADU,CHENNAI,C77,IP DISPATCH CHENNAI BRANCH,4,Y
630555,CHENNAI,TAMIL NADU,CHENNAI,C77,IP DISPATCH CHENNAI BRANCH,4,Y
630556,CHENNAI,TAMIL NADU,CHENNAI,C77,IP DISPATCH CHENNAI BRANCH,4,Y
630557,CHENNAI,TAMIL NADU,CHENNAI,C77,IP DISPATCH CHENNAI BRANCH,4,Y
630558,CHENNAI,TAMIL NADU,CHENNAI,C77,IP DISPATCH CHENNAI BRANCH,4,Y
630559,CHENNAI,TAMIL NADU,CHENNAI,C77,IP DISPATCH CHENNAI BRANCH,4,Y
630562,CHENNAI,TAMIL NADU,CHENNAI,C77,IP DISPATCH CHENNAI BRANCH,4,Y
630566,CHENNAI,TAMIL NADU,CHENNAI,C77,IP DISPATCH CHENNAI BRANCH,4,Y
630602,CHENNAI,TAMIL NADU,CHENNAI,C77,IP DISPATCH CHENNAI BRANCH,4,Y
630609,CHENNAI,TAMIL NADU,CHENNAI,C77,IP DISPATCH CHENNAI BRANCH,4,Y
630610,CHENNAI,TAMIL NADU,CHENNAI,C77,IP DISPATCH CHENNAI BRANCH,4,Y
630612,CHENNAI,TAMIL NADU,CHENNAI,C77,IP DISPATCH CHENNAI BRANCH,4,Y
630710,CHENNAI,TAMIL NADU,CHENNAI,C77,IP DISPATCH CHENNAI BRANCH,4,Y
630713,CHENNAI,TAMIL NADU,CHENNAI,C77,IP DISPATCH CHENNAI BRANCH,4,Y
631005,CHENNAI,TAMIL NADU,CHENNAI,C77,IP DISPATCH CHENNAI BRANCH,4,Y
631006,CHENNAI,TAMIL NADU,CHENNAI,C77,IP DISPATCH CHENNAI BRANCH,4,Y
631051,CHENNAI,TAMIL NADU,CHENNAI,C77,IP DISPATCH CHENNAI BRANCH,4,Y
631101,CHENNAI,TAMIL NADU,CHENNAI,C77,IP DISPATCH CHENNAI BRANCH,4,Y
631152,CHENNAI,TAMIL NADU,CHENNAI,C77,IP DISPATCH CHENNAI BRANCH,4,Y
631202,CHENNAI,TAMIL NADU,CHENNAI,C77,IP DISPATCH CHENNAI BRANCH,5,Y
631204,CHENNAI,TAMIL NADU,CHENNAI,C77,IP DISPATCH CHENNAI BRANCH,5,Y
631205,CHENNAI,TAMIL NADU,CHENNAI,C77,IP DISPATCH CHENNAI BRANCH,5,Y
631206,CHENNAI,TAMIL NADU,CHENNAI,C77,IP DISPATCH CHENNAI BRANCH,5,Y
631207,CHENNAI,TAMIL NADU,CHENNAI,C77,IP DISPATCH CHENNAI BRANCH,5,Y
631208,CHENNAI,TAMIL NADU,CHENNAI,C77,IP DISPATCH CHENNAI BRANCH,5,Y
631210,CHENNAI,TAMIL NADU,CHENNAI,C77,IP DISPATCH CHENNAI BRANCH,5,Y
631212,CHENNAI,TAMIL NADU,CHENNAI,C77,IP DISPATCH CHENNAI BRANCH,5,Y
631213,CHENNAI,TAMIL NADU,CHENNAI,C77,IP DISPATCH CHENNAI BRANCH,5,Y
631301,CHENNAI,TAMIL NADU,CHENNAI,C77,IP DISPATCH CHENNAI BRANCH,5,Y
631302,CHENNAI,TAMIL NADU,CHENNAI,C77,IP DISPATCH CHENNAI BRANCH,5,Y
631303,CHENNAI,TAMIL NADU,CHENNAI,C77,IP DISPATCH CHENNAI BRANCH,5,Y
631304,CHENNAI,TAMIL NADU,CHENNAI,C77,IP DISPATCH CHENNAI BRANCH,5,Y
631603,CHENNAI,TAMIL NADU,CHENNAI,C77,IP DISPATCH CHENNAI BRANCH,5,Y
631606,CHENNAI,TAMIL NADU,CHENNAI,C77,IP DISPATCH CHENNAI BRANCH,5,Y
631702,CHENNAI,TAMIL NADU,CHENNAI,C77,IP DISPATCH CHENNAI BRANCH,4,Y
632057,CHENNAI,TAMIL NADU,CHENNAI,C77,IP DISPATCH CHENNAI BRANCH,5,Y
632058,CHENNAI,TAMIL NADU,CHENNAI,C77,IP DISPATCH CHENNAI BRANCH,5,Y
632103,CHENNAI,TAMIL NADU,CHENNAI,C77,IP DISPATCH CHENNAI BRANCH,4,Y
632105,CHENNAI,TAMIL NADU,CHENNAI,C77,IP DISPATCH CHENNAI BRANCH,5,Y
632107,CHENNAI,TAMIL NADU,CHENNAI,C77,IP DISPATCH CHENNAI BRANCH,5,Y
632113,CHENNAI,TAMIL NADU,CHENNAI,C77,IP DISPATCH CHENNAI BRANCH,5,Y
632114,CHENNAI,TAMIL NADU,CHENNAI,C77,IP DISPATCH CHENNAI BRANCH,5,Y
632115,CHENNAI,TAMIL NADU,CHENNAI,C77,IP DISPATCH CHENNAI BRANCH,5,Y
632202,CHENNAI,TAMIL NADU,CHENNAI,C77,IP DISPATCH CHENNAI BRANCH,5,Y
632203,CHENNAI,TAMIL NADU,CHENNAI,C77,IP DISPATCH CHENNAI BRANCH,5,Y
632209,CHENNAI,TAMIL NADU,CHENNAI,C77,IP DISPATCH CHENNAI BRANCH,5,Y
632312,CHENNAI,TAMIL NADU,CHENNAI,C77,IP DISPATCH CHENNAI BRANCH,4,Y
632313,CHENNAI,TAMIL NADU,CHENNAI,C77,IP DISPATCH CHENNAI BRANCH,4,Y
632314,CHENNAI,TAMIL NADU,CHENNAI,C77,IP DISPATCH CHENNAI BRANCH,4,Y
632318,CHENNAI,TAMIL NADU,CHENNAI,C77,IP DISPATCH CHENNAI BRANCH,4,Y
632319,CHENNAI,TAMIL NADU,CHENNAI,C77,IP DISPATCH CHENNAI BRANCH,5,Y
632502,CHENNAI,TAMIL NADU,CHENNAI,C77,IP DISPATCH CHENNAI BRANCH,4,Y
632507,CHENNAI,TAMIL NADU,CHENNAI,C77,IP DISPATCH CHENNAI BRANCH,4,Y
632508,CHENNAI,TAMIL NADU,CHENNAI,C77,IP DISPATCH CHENNAI BRANCH,4,Y
632510,CHENNAI,TAMIL NADU,CHENNAI,C77,IP DISPATCH CHENNAI BRANCH,4,Y
632511,CHENNAI,TAMIL NADU,CHENNAI,C77,IP DISPATCH CHENNAI BRANCH,4,Y
632514,CHENNAI,TAMIL NADU,CHENNAI,C77,IP DISPATCH CHENNAI BRANCH,5,Y
632516,CHENNAI,TAMIL NADU,CHENNAI,C77,IP DISPATCH CHENNAI BRANCH,5,Y
632518,CHENNAI,TAMIL NADU,CHENNAI,C77,IP DISPATCH CHENNAI BRANCH,4,Y
632519,CHENNAI,TAMIL NADU,CHENNAI,C77,IP DISPATCH CHENNAI BRANCH,5,Y
632520,CHENNAI,TAMIL NADU,CHENNAI,C77,IP DISPATCH CHENNAI BRANCH,5,Y
632521,CHENNAI,TAMIL NADU,CHENNAI,C77,IP DISPATCH CHENNAI BRANCH,4,Y
632531,CHENNAI,TAMIL NADU,CHENNAI,C77,IP DISPATCH CHENNAI BRANCH,4,Y
635101,CHENNAI,TAMIL NADU,CHENNAI,C77,IP DISPATCH CHENNAI BRANCH,4,Y
635102,CHENNAI,TAMIL NADU,CHENNAI,C77,IP DISPATCH CHENNAI BRANCH,4,Y
635105,CHENNAI,TAMIL NADU,CHENNAI,C77,IP DISPATCH CHENNAI BRANCH,4,Y
635118,CHENNAI,TAMIL NADU,CHENNAI,C77,IP DISPATCH CHENNAI BRANCH,4,Y
635119,CHENNAI,TAMIL NADU,CHENNAI,C77,IP DISPATCH CHENNAI BRANCH,4,Y
635122,CHENNAI,TAMIL NADU,CHENNAI,C77,IP DISPATCH CHENNAI BRANCH,4,Y
635123,CHENNAI,TAMIL NADU,CHENNAI,C77,IP DISPATCH CHENNAI BRANCH,4,Y
635124,CHENNAI,TAMIL NADU,CHENNAI,C77,IP DISPATCH CHENNAI BRANCH,4,Y
635130,CHENNAI,TAMIL NADU,CHENNAI,C77,IP DISPATCH CHENNAI BRANCH,4,Y
635302,CHENNAI,TAMIL NADU,CHENNAI,C77,IP DISPATCH CHENNAI BRANCH,4,Y
635652,CHENNAI,TAMIL NADU,CHENNAI,C77,IP DISPATCH CHENNAI BRANCH,4,Y
635653,CHENNAI,TAMIL NADU,CHENNAI,C77,IP DISPATCH CHENNAI BRANCH,4,Y
635654,CHENNAI,TAMIL NADU,CHENNAI,C77,IP DISPATCH CHENNAI BRANCH,4,Y
635655,CHENNAI,TAMIL NADU,CHENNAI,C77,IP DISPATCH CHENNAI BRANCH,4,Y
635702,CHENNAI,TAMIL NADU,CHENNAI,C77,IP DISPATCH CHENNAI BRANCH,4,Y
635703,CHENNAI,TAMIL NADU,CHENNAI,C77,IP DISPATCH CHENNAI BRANCH,4,Y
635710,CHENNAI,TAMIL NADU,CHENNAI,C77,IP DISPATCH CHENNAI BRANCH,4,Y
635801,CHENNAI,TAMIL NADU,CHENNAI,C77,IP DISPATCH CHENNAI BRANCH,4,Y
635805,CHENNAI,TAMIL NADU,CHENNAI,C77,IP DISPATCH CHENNAI BRANCH,5,Y
635806,CHENNAI,TAMIL NADU,CHENNAI,C77,IP DISPATCH CHENNAI BRANCH,5,Y
635807,CHENNAI,TAMIL NADU,CHENNAI,C77,IP DISPATCH CHENNAI BRANCH,4,Y
635813,CHENNAI,TAMIL NADU,CHENNAI,C77,IP DISPATCH CHENNAI BRANCH,5,Y
635815,CHENNAI,TAMIL NADU,CHENNAI,C77,IP DISPATCH CHENNAI BRANCH,4,Y
635853,CHENNAI,TAMIL NADU,CHENNAI,C77,IP DISPATCH CHENNAI BRANCH,4,Y
636017,CHENNAI,TAMIL NADU,CHENNAI,C77,IP DISPATCH CHENNAI BRANCH,4,Y
636101,CHENNAI,TAMIL NADU,CHENNAI,C77,IP DISPATCH CHENNAI BRANCH,4,Y
636107,CHENNAI,TAMIL NADU,CHENNAI,C77,IP DISPATCH CHENNAI BRANCH,4,Y
636110,CHENNAI,TAMIL NADU,CHENNAI,C77,IP DISPATCH CHENNAI BRANCH,4,Y
636114,CHENNAI,TAMIL NADU,CHENNAI,C77,IP DISPATCH CHENNAI BRANCH,4,Y
636116,CHENNAI,TAMIL NADU,CHENNAI,C77,IP DISPATCH CHENNAI BRANCH,4,Y
636118,CHENNAI,TAMIL NADU,CHENNAI,C77,IP DISPATCH CHENNAI BRANCH,4,Y
636121,CHENNAI,TAMIL NADU,CHENNAI,C77,IP DISPATCH CHENNAI BRANCH,4,Y
636122,CHENNAI,TAMIL NADU,CHENNAI,C77,IP DISPATCH CHENNAI BRANCH,4,Y
636142,CHENNAI,TAMIL NADU,CHENNAI,C77,IP DISPATCH CHENNAI BRANCH,4,Y
636304,CHENNAI,TAMIL NADU,CHENNAI,C77,IP DISPATCH CHENNAI BRANCH,4,Y
636305,CHENNAI,TAMIL NADU,CHENNAI,C77,IP DISPATCH CHENNAI BRANCH,4,Y
636306,CHENNAI,TAMIL NADU,CHENNAI,C77,IP DISPATCH CHENNAI BRANCH,4,Y
636309,CHENNAI,TAMIL NADU,CHENNAI,C77,IP DISPATCH CHENNAI BRANCH,4,Y
636351,CHENNAI,TAMIL NADU,CHENNAI,C77,IP DISPATCH CHENNAI BRANCH,4,Y
636352,CHENNAI,TAMIL NADU,CHENNAI,C77,IP DISPATCH CHENNAI BRANCH,4,Y
636354,CHENNAI,TAMIL NADU,CHENNAI,C77,IP DISPATCH CHENNAI BRANCH,4,Y
636503,CHENNAI,TAMIL NADU,CHENNAI,C77,IP DISPATCH CHENNAI BRANCH,4,Y
636804,CHENNAI,TAMIL NADU,CHENNAI,C77,IP DISPATCH CHENNAI BRANCH,4,Y
636906,CHENNAI,TAMIL NADU,CHENNAI,C77,IP DISPATCH CHENNAI BRANCH,4,Y
636907,CHENNAI,TAMIL NADU,CHENNAI,C77,IP DISPATCH CHENNAI BRANCH,4,Y
637104,CHENNAI,TAMIL NADU,CHENNAI,C77,IP DISPATCH CHENNAI BRANCH,4,Y
637204,CHENNAI,TAMIL NADU,CHENNAI,C77,IP DISPATCH CHENNAI BRANCH,4,Y
637206,CHENNAI,TAMIL NADU,CHENNAI,C77,IP DISPATCH CHENNAI BRANCH,4,Y
637216,CHENNAI,TAMIL NADU,CHENNAI,C77,IP DISPATCH CHENNAI BRANCH,4,Y
637402,CHENNAI,TAMIL NADU,CHENNAI,C77,IP DISPATCH CHENNAI BRANCH,4,Y
637403,CHENNAI,TAMIL NADU,CHENNAI,C77,IP DISPATCH CHENNAI BRANCH,4,Y
637404,CHENNAI,TAMIL NADU,CHENNAI,C77,IP DISPATCH CHENNAI BRANCH,4,Y
637407,CHENNAI,TAMIL NADU,CHENNAI,C77,IP DISPATCH CHENNAI BRANCH,4,Y
637410,CHENNAI,TAMIL NADU,CHENNAI,C77,IP DISPATCH CHENNAI BRANCH,4,Y
637411,CHENNAI,TAMIL NADU,CHENNAI,C77,IP DISPATCH CHENNAI BRANCH,4,Y
637412,CHENNAI,TAMIL NADU,CHENNAI,C77,IP DISPATCH CHENNAI BRANCH,4,Y
637415,CHENNAI,TAMIL NADU,CHENNAI,C77,IP DISPATCH CHENNAI BRANCH,4,Y
638060,CHENNAI,TAMIL NADU,CHENNAI,C77,IP DISPATCH CHENNAI BRANCH,4,Y
638152,CHENNAI,TAMIL NADU,CHENNAI,C77,IP DISPATCH CHENNAI BRANCH,4,Y
638153,CHENNAI,TAMIL NADU,CHENNAI,C77,IP DISPATCH CHENNAI BRANCH,4,Y
638504,CHENNAI,TAMIL NADU,CHENNAI,C77,IP DISPATCH CHENNAI BRANCH,4,Y
639102,CHENNAI,TAMIL NADU,CHENNAI,C77,IP DISPATCH CHENNAI BRANCH,4,Y
639105,CHENNAI,TAMIL NADU,CHENNAI,C77,IP DISPATCH CHENNAI BRANCH,4,Y
639109,CHENNAI,TAMIL NADU,CHENNAI,C77,IP DISPATCH CHENNAI BRANCH,4,Y
639111,CHENNAI,TAMIL NADU,CHENNAI,C77,IP DISPATCH CHENNAI BRANCH,4,Y
639118,CHENNAI,TAMIL NADU,CHENNAI,C77,IP DISPATCH CHENNAI BRANCH,4,Y
639119,CHENNAI,TAMIL NADU,CHENNAI,C77,IP DISPATCH CHENNAI BRANCH,4,Y
639120,CHENNAI,TAMIL NADU,CHENNAI,C77,IP DISPATCH CHENNAI BRANCH,4,Y
639201,CHENNAI,TAMIL NADU,CHENNAI,C77,IP DISPATCH CHENNAI BRANCH,4,Y
639206,CHENNAI,TAMIL NADU,CHENNAI,C77,IP DISPATCH CHENNAI BRANCH,4,Y
641051,CHENNAI,TAMIL NADU,CHENNAI,C77,IP DISPATCH CHENNAI BRANCH,4,Y
641063,CHENNAI,TAMIL NADU,CHENNAI,C77,IP DISPATCH CHENNAI BRANCH,4,Y
642133,CHENNAI,TAMIL NADU,CHENNAI,C77,IP DISPATCH CHENNAI BRANCH,4,Y
642134,CHENNAI,TAMIL NADU,CHENNAI,C77,IP DISPATCH CHENNAI BRANCH,4,Y
642207,CHENNAI,TAMIL NADU,CHENNAI,C77,IP DISPATCH CHENNAI BRANCH,4,Y
643203,CHENNAI,TAMIL NADU,CHENNAI,C77,IP DISPATCH CHENNAI BRANCH,4,Y
643204,CHENNAI,TAMIL NADU,CHENNAI,C77,IP DISPATCH CHENNAI BRANCH,4,Y
643205,CHENNAI,TAMIL NADU,CHENNAI,C77,IP DISPATCH CHENNAI BRANCH,4,Y
643207,CHENNAI,TAMIL NADU,CHENNAI,C77,IP DISPATCH CHENNAI BRANCH,4,Y
643209,CHENNAI,TAMIL NADU,CHENNAI,C77,IP DISPATCH CHENNAI BRANCH,4,Y
643216,CHENNAI,TAMIL NADU,CHENNAI,C77,IP DISPATCH CHENNAI BRANCH,4,Y
643220,CHENNAI,TAMIL NADU,CHENNAI,C77,IP DISPATCH CHENNAI BRANCH,4,Y
643221,CHENNAI,TAMIL NADU,CHENNAI,C77,IP DISPATCH CHENNAI BRANCH,4,Y
643223,CHENNAI,TAMIL NADU,CHENNAI,C77,IP DISPATCH CHENNAI BRANCH,4,Y
643224,CHENNAI,TAMIL NADU,CHENNAI,C77,IP DISPATCH CHENNAI BRANCH,4,Y
643225,CHENNAI,TAMIL NADU,CHENNAI,C77,IP DISPATCH CHENNAI BRANCH,4,Y
643226,CHENNAI,TAMIL NADU,CHENNAI,C77,IP DISPATCH CHENNAI BRANCH,4,Y
643233,CHENNAI,TAMIL NADU,CHENNAI,C77,IP DISPATCH CHENNAI BRANCH,4,Y
643236,CHENNAI,TAMIL NADU,CHENNAI,C77,IP DISPATCH CHENNAI BRANCH,4,Y
643238,CHENNAI,TAMIL NADU,CHENNAI,C77,IP DISPATCH CHENNAI BRANCH,4,Y
643239,CHENNAI,TAMIL NADU,CHENNAI,C77,IP DISPATCH CHENNAI BRANCH,4,Y
643240,CHENNAI,TAMIL NADU,CHENNAI,C77,IP DISPATCH CHENNAI BRANCH,4,Y
643241,CHENNAI,TAMIL NADU,CHENNAI,C77,IP DISPATCH CHENNAI BRANCH,4,Y
643242,CHENNAI,TAMIL NADU,CHENNAI,C77,IP DISPATCH CHENNAI BRANCH,4,Y
643253,CHENNAI,TAMIL NADU,CHENNAI,C77,IP DISPATCH CHENNAI BRANCH,4,Y
643270,CHENNAI,TAMIL NADU,CHENNAI,C77,IP DISPATCH CHENNAI BRANCH,4,Y
670051,COCHIN,KERALA,COCHIN,O96,IP DISPATCH COCHIN BRANCH,3,Y
670143,COCHIN,KERALA,COCHIN,O96,IP DISPATCH COCHIN BRANCH,3,Y
670302,COCHIN,KERALA,COCHIN,O96,IP DISPATCH COCHIN BRANCH,3,Y
670325,COCHIN,KERALA,COCHIN,O96,IP DISPATCH COCHIN BRANCH,3,Y
670334,COCHIN,KERALA,COCHIN,O96,IP DISPATCH COCHIN BRANCH,3,Y
670567,COCHIN,KERALA,COCHIN,O96,IP DISPATCH COCHIN BRANCH,3,Y
670662,COCHIN,KERALA,COCHIN,O96,IP DISPATCH COCHIN BRANCH,3,Y
670675,COCHIN,KERALA,COCHIN,O96,IP DISPATCH COCHIN BRANCH,3,Y
670676,COCHIN,KERALA,COCHIN,O96,IP DISPATCH COCHIN BRANCH,3,Y
670693,COCHIN,KERALA,COCHIN,O96,IP DISPATCH COCHIN BRANCH,3,Y
670704,COCHIN,KERALA,COCHIN,O96,IP DISPATCH COCHIN BRANCH,3,Y
670706,COCHIN,KERALA,COCHIN,O96,IP DISPATCH COCHIN BRANCH,3,Y
671325,COCHIN,KERALA,COCHIN,O96,IP DISPATCH COCHIN BRANCH,3,Y
671348,COCHIN,KERALA,COCHIN,O96,IP DISPATCH COCHIN BRANCH,3,Y
671534,COCHIN,KERALA,COCHIN,O96,IP DISPATCH COCHIN BRANCH,3,Y
671543,COCHIN,KERALA,COCHIN,O96,IP DISPATCH COCHIN BRANCH,3,Y
671552,COCHIN,KERALA,COCHIN,O96,IP DISPATCH COCHIN BRANCH,3,Y
673316,COCHIN,KERALA,COCHIN,O96,IP DISPATCH COCHIN BRANCH,3,Y
673503,COCHIN,KERALA,COCHIN,O96,IP DISPATCH COCHIN BRANCH,3,Y
673513,COCHIN,KERALA,COCHIN,O96,IP DISPATCH COCHIN BRANCH,3,Y
673526,COCHIN,KERALA,COCHIN,O96,IP DISPATCH COCHIN BRANCH,3,Y
673528,COCHIN,KERALA,COCHIN,O96,IP DISPATCH COCHIN BRANCH,3,Y
676522,COCHIN,KERALA,COCHIN,O96,IP DISPATCH COCHIN BRANCH,3,Y
676562,COCHIN,KERALA,COCHIN,O96,IP DISPATCH COCHIN BRANCH,3,Y
678051,COCHIN,KERALA,COCHIN,O96,IP DISPATCH COCHIN BRANCH,3,Y
678505,COCHIN,KERALA,COCHIN,O96,IP DISPATCH COCHIN BRANCH,3,Y
678510,COCHIN,KERALA,COCHIN,O96,IP DISPATCH COCHIN BRANCH,3,Y
678512,COCHIN,KERALA,COCHIN,O96,IP DISPATCH COCHIN BRANCH,3,Y
678532,COCHIN,KERALA,COCHIN,O96,IP DISPATCH COCHIN BRANCH,3,Y
678543,COCHIN,KERALA,COCHIN,O96,IP DISPATCH COCHIN BRANCH,3,Y
678544,COCHIN,KERALA,COCHIN,O96,IP DISPATCH COCHIN BRANCH,3,Y
678545,COCHIN,KERALA,COCHIN,O96,IP DISPATCH COCHIN BRANCH,3,Y
678546,COCHIN,KERALA,COCHIN,O96,IP DISPATCH COCHIN BRANCH,3,Y
678573,COCHIN,KERALA,COCHIN,O96,IP DISPATCH COCHIN BRANCH,3,Y
678595,COCHIN,KERALA,COCHIN,O96,IP DISPATCH COCHIN BRANCH,3,Y
678597,COCHIN,KERALA,COCHIN,O96,IP DISPATCH COCHIN BRANCH,3,Y
678632,COCHIN,KERALA,COCHIN,O96,IP DISPATCH COCHIN BRANCH,3,Y
678661,COCHIN,KERALA,COCHIN,O96,IP DISPATCH COCHIN BRANCH,4,Y
678681,COCHIN,KERALA,COCHIN,O96,IP DISPATCH COCHIN BRANCH,3,Y
678685,COCHIN,KERALA,COCHIN,O96,IP DISPATCH COCHIN BRANCH,3,Y
678686,COCHIN,KERALA,COCHIN,O96,IP DISPATCH COCHIN BRANCH,3,Y
678687,COCHIN,KERALA,COCHIN,O96,IP DISPATCH COCHIN BRANCH,3,Y
678688,COCHIN,KERALA,COCHIN,O96,IP DISPATCH COCHIN BRANCH,3,Y
678703,COCHIN,KERALA,COCHIN,O96,IP DISPATCH COCHIN BRANCH,3,Y
678704,COCHIN,KERALA,COCHIN,O96,IP DISPATCH COCHIN BRANCH,3,Y
678721,COCHIN,KERALA,COCHIN,O96,IP DISPATCH COCHIN BRANCH,3,Y
678722,COCHIN,KERALA,COCHIN,O96,IP DISPATCH COCHIN BRANCH,3,Y
679105,COCHIN,KERALA,COCHIN,O96,IP DISPATCH COCHIN BRANCH,3,Y
679106,COCHIN,KERALA,COCHIN,O96,IP DISPATCH COCHIN BRANCH,3,Y
679305,COCHIN,KERALA,COCHIN,O96,IP DISPATCH COCHIN BRANCH,3,Y
679340,COCHIN,KERALA,COCHIN,O96,IP DISPATCH COCHIN BRANCH,3,Y
679504,COCHIN,KERALA,COCHIN,O96,IP DISPATCH COCHIN BRANCH,3,Y
679505,COCHIN,KERALA,COCHIN,O96,IP DISPATCH COCHIN BRANCH,3,Y
679515,COCHIN,KERALA,COCHIN,O96,IP DISPATCH COCHIN BRANCH,3,Y
679516,COCHIN,KERALA,COCHIN,O96,IP DISPATCH COCHIN BRANCH,3,Y
679551,COCHIN,KERALA,COCHIN,O96,IP DISPATCH COCHIN BRANCH,3,Y
679553,COCHIN,KERALA,COCHIN,O96,IP DISPATCH COCHIN BRANCH,3,Y
679554,COCHIN,KERALA,COCHIN,O96,IP DISPATCH COCHIN BRANCH,3,Y
679564,COCHIN,KERALA,COCHIN,O96,IP DISPATCH COCHIN BRANCH,3,Y
679572,COCHIN,KERALA,COCHIN,O96,IP DISPATCH COCHIN BRANCH,3,Y
679574,COCHIN,KERALA,COCHIN,O96,IP DISPATCH COCHIN BRANCH,3,Y
679578,COCHIN,KERALA,COCHIN,O96,IP DISPATCH COCHIN BRANCH,3,Y
679583,COCHIN,KERALA,COCHIN,O96,IP DISPATCH COCHIN BRANCH,3,Y
679584,COCHIN,KERALA,COCHIN,O96,IP DISPATCH COCHIN BRANCH,3,Y
679587,COCHIN,KERALA,COCHIN,O96,IP DISPATCH COCHIN BRANCH,3,Y
679591,COCHIN,KERALA,COCHIN,O96,IP DISPATCH COCHIN BRANCH,3,Y
680051,COCHIN,KERALA,COCHIN,O96,IP DISPATCH COCHIN BRANCH,2,Y
680524,COCHIN,KERALA,COCHIN,O96,IP DISPATCH COCHIN BRANCH,2,Y
680544,COCHIN,KERALA,COCHIN,O96,IP DISPATCH COCHIN BRANCH,2,Y
680669,COCHIN,KERALA,COCHIN,O96,IP DISPATCH COCHIN BRANCH,2,Y
680691,COCHIN,KERALA,COCHIN,O96,IP DISPATCH COCHIN BRANCH,2,Y
682050,COCHIN,KERALA,COCHIN,O96,IP DISPATCH COCHIN BRANCH,2,Y
682051,COCHIN,KERALA,COCHIN,O96,IP DISPATCH COCHIN BRANCH,2,Y
682052,COCHIN,KERALA,COCHIN,O96,IP DISPATCH COCHIN BRANCH,2,Y
685535,COCHIN,KERALA,COCHIN,O96,IP DISPATCH COCHIN BRANCH,3,Y
685591,COCHIN,KERALA,COCHIN,O96,IP DISPATCH COCHIN BRANCH,2,Y
685601,COCHIN,KERALA,COCHIN,O96,IP DISPATCH COCHIN BRANCH,2,Y
685614,COCHIN,KERALA,COCHIN,O96,IP DISPATCH COCHIN BRANCH,2,Y
685615,COCHIN,KERALA,COCHIN,O96,IP DISPATCH COCHIN BRANCH,3,Y
685616,COCHIN,KERALA,COCHIN,O96,IP DISPATCH COCHIN BRANCH,3,Y
685620,COCHIN,KERALA,COCHIN,O96,IP DISPATCH COCHIN BRANCH,3,Y
686123,COCHIN,KERALA,COCHIN,O96,IP DISPATCH COCHIN BRANCH,2,Y
686505,COCHIN,KERALA,COCHIN,O96,IP DISPATCH COCHIN BRANCH,2,Y
686508,COCHIN,KERALA,COCHIN,O96,IP DISPATCH COCHIN BRANCH,2,Y
686517,COCHIN,KERALA,COCHIN,O96,IP DISPATCH COCHIN BRANCH,2,Y
686519,COCHIN,KERALA,COCHIN,O96,IP DISPATCH COCHIN BRANCH,2,Y
686520,COCHIN,KERALA,COCHIN,O96,IP DISPATCH COCHIN BRANCH,2,Y
686522,COCHIN,KERALA,COCHIN,O96,IP DISPATCH COCHIN BRANCH,2,Y
686543,COCHIN,KERALA,COCHIN,O96,IP DISPATCH COCHIN BRANCH,2,Y
686544,COCHIN,KERALA,COCHIN,O96,IP DISPATCH COCHIN BRANCH,2,Y
686545,COCHIN,KERALA,COCHIN,O96,IP DISPATCH COCHIN BRANCH,2,Y
686571,COCHIN,KERALA,COCHIN,O96,IP DISPATCH COCHIN BRANCH,2,Y
686579,COCHIN,KERALA,COCHIN,O96,IP DISPATCH COCHIN BRANCH,2,Y
686580,COCHIN,KERALA,COCHIN,O96,IP DISPATCH COCHIN BRANCH,2,Y
686581,COCHIN,KERALA,COCHIN,O96,IP DISPATCH COCHIN BRANCH,2,Y
686585,COCHIN,KERALA,COCHIN,O96,IP DISPATCH COCHIN BRANCH,2,Y
686586,COCHIN,KERALA,COCHIN,O96,IP DISPATCH COCHIN BRANCH,2,Y
686587,COCHIN,KERALA,COCHIN,O96,IP DISPATCH COCHIN BRANCH,2,Y
686616,COCHIN,KERALA,COCHIN,O96,IP DISPATCH COCHIN BRANCH,2,Y
686653,COCHIN,KERALA,COCHIN,O96,IP DISPATCH COCHIN BRANCH,2,Y
688501,COCHIN,KERALA,COCHIN,O96,IP DISPATCH COCHIN BRANCH,3,Y
688502,COCHIN,KERALA,COCHIN,O96,IP DISPATCH COCHIN BRANCH,2,Y
688504,COCHIN,KERALA,COCHIN,O96,IP DISPATCH COCHIN BRANCH,2,Y
688505,COCHIN,KERALA,COCHIN,O96,IP DISPATCH COCHIN BRANCH,2,Y
688506,COCHIN,KERALA,COCHIN,O96,IP DISPATCH COCHIN BRANCH,2,Y
688570,COCHIN,KERALA,COCHIN,O96,IP DISPATCH COCHIN BRANCH,2,Y
689508,COCHIN,KERALA,COCHIN,O96,IP DISPATCH COCHIN BRANCH,3,Y
689509,COCHIN,KERALA,COCHIN,O96,IP DISPATCH COCHIN BRANCH,3,Y
689512,COCHIN,KERALA,COCHIN,O96,IP DISPATCH COCHIN BRANCH,3,Y
689590,COCHIN,KERALA,COCHIN,O96,IP DISPATCH COCHIN BRANCH,3,Y
689592,COCHIN,KERALA,COCHIN,O96,IP DISPATCH COCHIN BRANCH,3,Y
689650,COCHIN,KERALA,COCHIN,O96,IP DISPATCH COCHIN BRANCH,3,Y
689652,COCHIN,KERALA,COCHIN,O96,IP DISPATCH COCHIN BRANCH,3,Y
689661,COCHIN,KERALA,COCHIN,O96,IP DISPATCH COCHIN BRANCH,3,Y
689664,COCHIN,KERALA,COCHIN,O96,IP DISPATCH COCHIN BRANCH,3,Y
689667,COCHIN,KERALA,COCHIN,O96,IP DISPATCH COCHIN BRANCH,3,Y
689674,COCHIN,KERALA,COCHIN,O96,IP DISPATCH COCHIN BRANCH,3,Y
689675,COCHIN,KERALA,COCHIN,O96,IP DISPATCH COCHIN BRANCH,3,Y
689677,COCHIN,KERALA,COCHIN,O96,IP DISPATCH COCHIN BRANCH,3,Y
689694,COCHIN,KERALA,COCHIN,O96,IP DISPATCH COCHIN BRANCH,3,Y
689699,COCHIN,KERALA,COCHIN,O96,IP DISPATCH COCHIN BRANCH,3,Y
690102,COCHIN,KERALA,COCHIN,O96,IP DISPATCH COCHIN BRANCH,3,Y
690108,COCHIN,KERALA,COCHIN,O96,IP DISPATCH COCHIN BRANCH,3,Y
690112,COCHIN,KERALA,COCHIN,O96,IP DISPATCH COCHIN BRANCH,3,Y
690510,COCHIN,KERALA,COCHIN,O96,IP DISPATCH COCHIN BRANCH,3,Y
690532,COCHIN,KERALA,COCHIN,O96,IP DISPATCH COCHIN BRANCH,3,Y
690538,COCHIN,KERALA,COCHIN,O96,IP DISPATCH COCHIN BRANCH,3,Y
690540,COCHIN,KERALA,COCHIN,O96,IP DISPATCH COCHIN BRANCH,3,Y
690571,COCHIN,KERALA,COCHIN,O96,IP DISPATCH COCHIN BRANCH,3,Y
691308,COCHIN,KERALA,COCHIN,O96,IP DISPATCH COCHIN BRANCH,3,Y
691309,COCHIN,KERALA,COCHIN,O96,IP DISPATCH COCHIN BRANCH,3,Y
691311,COCHIN,KERALA,COCHIN,O96,IP DISPATCH COCHIN BRANCH,3,Y
691319,COCHIN,KERALA,COCHIN,O96,IP DISPATCH COCHIN BRANCH,3,Y
691331,COCHIN,KERALA,COCHIN,O96,IP DISPATCH COCHIN BRANCH,3,Y
691332,COCHIN,KERALA,COCHIN,O96,IP DISPATCH COCHIN BRANCH,3,Y
691500,COCHIN,KERALA,COCHIN,O96,IP DISPATCH COCHIN BRANCH,3,Y
691527,COCHIN,KERALA,COCHIN,O96,IP DISPATCH COCHIN BRANCH,3,Y
691530,COCHIN,KERALA,COCHIN,O96,IP DISPATCH COCHIN BRANCH,3,Y
691543,COCHIN,KERALA,COCHIN,O96,IP DISPATCH COCHIN BRANCH,3,Y
695051,COCHIN,KERALA,COCHIN,O96,IP DISPATCH COCHIN BRANCH,3,Y
695124,COCHIN,KERALA,COCHIN,O96,IP DISPATCH COCHIN BRANCH,3,Y
695126,COCHIN,KERALA,COCHIN,O96,IP DISPATCH COCHIN BRANCH,3,Y
695132,COCHIN,KERALA,COCHIN,O96,IP DISPATCH COCHIN BRANCH,3,Y
695133,COCHIN,KERALA,COCHIN,O96,IP DISPATCH COCHIN BRANCH,3,Y
695134,COCHIN,KERALA,COCHIN,O96,IP DISPATCH COCHIN BRANCH,3,Y
695142,COCHIN,KERALA,COCHIN,O96,IP DISPATCH COCHIN BRANCH,3,Y
695144,COCHIN,KERALA,COCHIN,O96,IP DISPATCH COCHIN BRANCH,3,Y
695302,COCHIN,KERALA,COCHIN,O96,IP DISPATCH COCHIN BRANCH,3,Y
695307,COCHIN,KERALA,COCHIN,O96,IP DISPATCH COCHIN BRANCH,3,Y
695308,COCHIN,KERALA,COCHIN,O96,IP DISPATCH COCHIN BRANCH,3,Y
695309,COCHIN,KERALA,COCHIN,O96,IP DISPATCH COCHIN BRANCH,3,Y
695312,COCHIN,KERALA,COCHIN,O96,IP DISPATCH COCHIN BRANCH,3,Y
695313,COCHIN,KERALA,COCHIN,O96,IP DISPATCH COCHIN BRANCH,3,Y
695318,COCHIN,KERALA,COCHIN,O96,IP DISPATCH COCHIN BRANCH,3,Y
695503,COCHIN,KERALA,COCHIN,O96,IP DISPATCH COCHIN BRANCH,3,Y
695505,COCHIN,KERALA,COCHIN,O96,IP DISPATCH COCHIN BRANCH,3,Y
695507,COCHIN,KERALA,COCHIN,O96,IP DISPATCH COCHIN BRANCH,3,Y
695508,COCHIN,KERALA,COCHIN,O96,IP DISPATCH COCHIN BRANCH,3,Y
695512,COCHIN,KERALA,COCHIN,O96,IP DISPATCH COCHIN BRANCH,3,Y
695513,COCHIN,KERALA,COCHIN,O96,IP DISPATCH COCHIN BRANCH,3,Y
695525,COCHIN,KERALA,COCHIN,O96,IP DISPATCH COCHIN BRANCH,3,Y
695563,COCHIN,KERALA,COCHIN,O96,IP DISPATCH COCHIN BRANCH,3,Y
695568,COCHIN,KERALA,COCHIN,O96,IP DISPATCH COCHIN BRANCH,3,Y
695570,COCHIN,KERALA,COCHIN,O96,IP DISPATCH COCHIN BRANCH,3,Y
695574,COCHIN,KERALA,COCHIN,O96,IP DISPATCH COCHIN BRANCH,3,Y
695589,COCHIN,KERALA,COCHIN,O96,IP DISPATCH COCHIN BRANCH,3,Y
695609,COCHIN,KERALA,COCHIN,O96,IP DISPATCH COCHIN BRANCH,3,Y
695610,COCHIN,KERALA,COCHIN,O96,IP DISPATCH COCHIN BRANCH,3,Y
695611,COCHIN,KERALA,COCHIN,O96,IP DISPATCH COCHIN BRANCH,3,Y
695612,COCHIN,KERALA,COCHIN,O96,IP DISPATCH COCHIN BRANCH,3,Y
711206,KOLKATA,WEST BENGAL,KOLKATA,K137,IP DISPATCH KOLKATA BRANCH,2,Y
711225,KOLKATA,WEST BENGAL,KOLKATA,K137,IP DISPATCH KOLKATA BRANCH,2,Y
711226,KOLKATA,WEST BENGAL,KOLKATA,K137,IP DISPATCH KOLKATA BRANCH,2,Y
711301,KOLKATA,WEST BENGAL,KOLKATA,K137,IP DISPATCH KOLKATA BRANCH,2,Y
711305,KOLKATA,WEST BENGAL,KOLKATA,K137,IP DISPATCH KOLKATA BRANCH,2,Y
711307,KOLKATA,WEST BENGAL,KOLKATA,K137,IP DISPATCH KOLKATA BRANCH,2,Y
711308,KOLKATA,WEST BENGAL,KOLKATA,K137,IP DISPATCH KOLKATA BRANCH,2,Y
711309,KOLKATA,WEST BENGAL,KOLKATA,K137,IP DISPATCH KOLKATA BRANCH,2,Y
711312,KOLKATA,WEST BENGAL,KOLKATA,K137,IP DISPATCH KOLKATA BRANCH,2,Y
711314,KOLKATA,WEST BENGAL,KOLKATA,K137,IP DISPATCH KOLKATA BRANCH,2,Y
711317,KOLKATA,WEST BENGAL,KOLKATA,K137,IP DISPATCH KOLKATA BRANCH,2,Y
711331,KOLKATA,WEST BENGAL,KOLKATA,K137,IP DISPATCH KOLKATA BRANCH,2,Y
711410,KOLKATA,WEST BENGAL,KOLKATA,K137,IP DISPATCH KOLKATA BRANCH,2,Y
711412,KOLKATA,WEST BENGAL,KOLKATA,K137,IP DISPATCH KOLKATA BRANCH,2,Y
711413,KOLKATA,WEST BENGAL,KOLKATA,K137,IP DISPATCH KOLKATA BRANCH,2,Y
711414,KOLKATA,WEST BENGAL,KOLKATA,K137,IP DISPATCH KOLKATA BRANCH,2,Y
712122,KOLKATA,WEST BENGAL,KOLKATA,K137,IP DISPATCH KOLKATA BRANCH,3,Y
712134,KOLKATA,WEST BENGAL,KOLKATA,K137,IP DISPATCH KOLKATA BRANCH,2,Y
712135,KOLKATA,WEST BENGAL,KOLKATA,K137,IP DISPATCH KOLKATA BRANCH,2,Y
712146,KOLKATA,WEST BENGAL,KOLKATA,K137,IP DISPATCH KOLKATA BRANCH,2,Y
712147,KOLKATA,WEST BENGAL,KOLKATA,K137,IP DISPATCH KOLKATA BRANCH,2,Y
712152,KOLKATA,WEST BENGAL,KOLKATA,K137,IP DISPATCH KOLKATA BRANCH,2,Y
712308,KOLKATA,WEST BENGAL,KOLKATA,K137,IP DISPATCH KOLKATA BRANCH,2,Y
712406,KOLKATA,WEST BENGAL,KOLKATA,K137,IP DISPATCH KOLKATA BRANCH,2,Y
712408,KOLKATA,WEST BENGAL,KOLKATA,K137,IP DISPATCH KOLKATA BRANCH,2,Y
712412,KOLKATA,WEST BENGAL,KOLKATA,K137,IP DISPATCH KOLKATA BRANCH,2,Y
712414,KOLKATA,WEST BENGAL,KOLKATA,K137,IP DISPATCH KOLKATA BRANCH,2,Y
712415,KOLKATA,WEST BENGAL,KOLKATA,K137,IP DISPATCH KOLKATA BRANCH,2,Y
712416,KOLKATA,WEST BENGAL,KOLKATA,K137,IP DISPATCH KOLKATA BRANCH,2,Y
712417,KOLKATA,WEST BENGAL,KOLKATA,K137,IP DISPATCH KOLKATA BRANCH,2,Y
712513,KOLKATA,WEST BENGAL,KOLKATA,K137,IP DISPATCH KOLKATA BRANCH,2,Y
712602,KOLKATA,WEST BENGAL,KOLKATA,K137,IP DISPATCH KOLKATA BRANCH,2,Y
712613,KOLKATA,WEST BENGAL,KOLKATA,K137,IP DISPATCH KOLKATA BRANCH,2,Y
712615,KOLKATA,WEST BENGAL,KOLKATA,K137,IP DISPATCH KOLKATA BRANCH,2,Y
712616,KOLKATA,WEST BENGAL,KOLKATA,K137,IP DISPATCH KOLKATA BRANCH,2,Y
712617,KOLKATA,WEST BENGAL,KOLKATA,K137,IP DISPATCH KOLKATA BRANCH,2,Y
712706,KOLKATA,WEST BENGAL,KOLKATA,K137,IP DISPATCH KOLKATA BRANCH,2,Y
713121,KOLKATA,WEST BENGAL,KOLKATA,K137,IP DISPATCH KOLKATA BRANCH,2,Y
713122,KOLKATA,WEST BENGAL,KOLKATA,K137,IP DISPATCH KOLKATA BRANCH,2,Y
713123,KOLKATA,WEST BENGAL,KOLKATA,K137,IP DISPATCH KOLKATA BRANCH,2,Y
713126,KOLKATA,WEST BENGAL,KOLKATA,K137,IP DISPATCH KOLKATA BRANCH,2,Y
713127,KOLKATA,WEST BENGAL,KOLKATA,K137,IP DISPATCH KOLKATA BRANCH,2,Y
713129,KOLKATA,WEST BENGAL,KOLKATA,K137,IP DISPATCH KOLKATA BRANCH,2,Y
713131,KOLKATA,WEST BENGAL,KOLKATA,K137,IP DISPATCH KOLKATA BRANCH,2,Y
713132,KOLKATA,WEST BENGAL,KOLKATA,K137,IP DISPATCH KOLKATA BRANCH,2,Y
713141,KOLKATA,WEST BENGAL,KOLKATA,K137,IP DISPATCH KOLKATA BRANCH,2,Y
713142,KOLKATA,WEST BENGAL,KOLKATA,K137,IP DISPATCH KOLKATA BRANCH,2,Y
713152,KOLKATA,WEST BENGAL,KOLKATA,K137,IP DISPATCH KOLKATA BRANCH,2,Y
713153,KOLKATA,WEST BENGAL,KOLKATA,K137,IP DISPATCH KOLKATA BRANCH,2,Y
713154,KOLKATA,WEST BENGAL,KOLKATA,K137,IP DISPATCH KOLKATA BRANCH,2,Y
713166,KOLKATA,WEST BENGAL,KOLKATA,K137,IP DISPATCH KOLKATA BRANCH,2,Y
713217,KOLKATA,WEST BENGAL,KOLKATA,K137,IP DISPATCH KOLKATA BRANCH,2,Y
713322,KOLKATA,WEST BENGAL,KOLKATA,K137,IP DISPATCH KOLKATA BRANCH,2,Y
713323,KOLKATA,WEST BENGAL,KOLKATA,K137,IP DISPATCH KOLKATA BRANCH,2,Y
713330,KOLKATA,WEST BENGAL,KOLKATA,K137,IP DISPATCH KOLKATA BRANCH,2,Y
713332,KOLKATA,WEST BENGAL,KOLKATA,K137,IP DISPATCH KOLKATA BRANCH,2,Y
713337,KOLKATA,WEST BENGAL,KOLKATA,K137,IP DISPATCH KOLKATA BRANCH,2,Y
713338,KOLKATA,WEST BENGAL,KOLKATA,K137,IP DISPATCH KOLKATA BRANCH,2,Y
713342,KOLKATA,WEST BENGAL,KOLKATA,K137,IP DISPATCH KOLKATA BRANCH,2,Y
713344,KOLKATA,WEST BENGAL,KOLKATA,K137,IP DISPATCH KOLKATA BRANCH,2,Y
713361,KOLKATA,WEST BENGAL,KOLKATA,K137,IP DISPATCH KOLKATA BRANCH,2,Y
713362,KOLKATA,WEST BENGAL,KOLKATA,K137,IP DISPATCH KOLKATA BRANCH,2,Y
713369,KOLKATA,WEST BENGAL,KOLKATA,K137,IP DISPATCH KOLKATA BRANCH,2,Y
713370,KOLKATA,WEST BENGAL,KOLKATA,K137,IP DISPATCH KOLKATA BRANCH,2,Y
713371,KOLKATA,WEST BENGAL,KOLKATA,K137,IP DISPATCH KOLKATA BRANCH,2,Y
713373,KOLKATA,WEST BENGAL,KOLKATA,K137,IP DISPATCH KOLKATA BRANCH,2,Y
713376,KOLKATA,WEST BENGAL,KOLKATA,K137,IP DISPATCH KOLKATA BRANCH,2,Y
713384,KOLKATA,WEST BENGAL,KOLKATA,K137,IP DISPATCH KOLKATA BRANCH,2,Y
713401,KOLKATA,WEST BENGAL,KOLKATA,K137,IP DISPATCH KOLKATA BRANCH,2,Y
713407,KOLKATA,WEST BENGAL,KOLKATA,K137,IP DISPATCH KOLKATA BRANCH,2,Y
713421,KOLKATA,WEST BENGAL,KOLKATA,K137,IP DISPATCH KOLKATA BRANCH,2,Y
713427,KOLKATA,WEST BENGAL,KOLKATA,K137,IP DISPATCH KOLKATA BRANCH,2,Y
713428,KOLKATA,WEST BENGAL,KOLKATA,K137,IP DISPATCH KOLKATA BRANCH,2,Y
713514,KOLKATA,WEST BENGAL,KOLKATA,K137,IP DISPATCH KOLKATA BRANCH,2,Y
713515,KOLKATA,WEST BENGAL,KOLKATA,K137,IP DISPATCH KOLKATA BRANCH,2,Y
713520,KOLKATA,WEST BENGAL,KOLKATA,K137,IP DISPATCH KOLKATA BRANCH,2,Y
721125,KOLKATA,WEST BENGAL,KOLKATA,K137,IP DISPATCH KOLKATA BRANCH,3,Y
721128,KOLKATA,WEST BENGAL,KOLKATA,K137,IP DISPATCH KOLKATA BRANCH,3,Y
721135,KOLKATA,WEST BENGAL,KOLKATA,K137,IP DISPATCH KOLKATA BRANCH,3,Y
721136,KOLKATA,WEST BENGAL,KOLKATA,K137,IP DISPATCH KOLKATA BRANCH,3,Y
721140,KOLKATA,WEST BENGAL,KOLKATA,K137,IP DISPATCH KOLKATA BRANCH,3,Y
721143,KOLKATA,WEST BENGAL,KOLKATA,K137,IP DISPATCH KOLKATA BRANCH,3,Y
721144,KOLKATA,WEST BENGAL,KOLKATA,K137,IP DISPATCH KOLKATA BRANCH,3,Y
721148,KOLKATA,WEST BENGAL,KOLKATA,K137,IP DISPATCH KOLKATA BRANCH,3,Y
721153,KOLKATA,WEST BENGAL,KOLKATA,K137,IP DISPATCH KOLKATA BRANCH,3,Y
721155,KOLKATA,WEST BENGAL,KOLKATA,K137,IP DISPATCH KOLKATA BRANCH,3,Y
721156,KOLKATA,WEST BENGAL,KOLKATA,K137,IP DISPATCH KOLKATA BRANCH,3,Y
721158,KOLKATA,WEST BENGAL,KOLKATA,K137,IP DISPATCH KOLKATA BRANCH,3,Y
721159,KOLKATA,WEST BENGAL,KOLKATA,K137,IP DISPATCH KOLKATA BRANCH,3,Y
721161,KOLKATA,WEST BENGAL,KOLKATA,K137,IP DISPATCH KOLKATA BRANCH,3,Y
721222,KOLKATA,WEST BENGAL,KOLKATA,K137,IP DISPATCH KOLKATA BRANCH,3,Y
721260,KOLKATA,WEST BENGAL,KOLKATA,K137,IP DISPATCH KOLKATA BRANCH,3,Y
721402,KOLKATA,WEST BENGAL,KOLKATA,K137,IP DISPATCH KOLKATA BRANCH,3,Y
721403,KOLKATA,WEST BENGAL,KOLKATA,K137,IP DISPATCH KOLKATA BRANCH,3,Y
721404,KOLKATA,WEST BENGAL,KOLKATA,K137,IP DISPATCH KOLKATA BRANCH,3,Y
721405,KOLKATA,WEST BENGAL,KOLKATA,K137,IP DISPATCH KOLKATA BRANCH,3,Y
721406,KOLKATA,WEST BENGAL,KOLKATA,K137,IP DISPATCH KOLKATA BRANCH,3,Y
721420,KOLKATA,WEST BENGAL,KOLKATA,K137,IP DISPATCH KOLKATA BRANCH,3,Y
721422,KOLKATA,WEST BENGAL,KOLKATA,K137,IP DISPATCH KOLKATA BRANCH,3,Y
721427,KOLKATA,WEST BENGAL,KOLKATA,K137,IP DISPATCH KOLKATA BRANCH,3,Y
721432,KOLKATA,WEST BENGAL,KOLKATA,K137,IP DISPATCH KOLKATA BRANCH,3,Y
721434,KOLKATA,WEST BENGAL,KOLKATA,K137,IP DISPATCH KOLKATA BRANCH,3,Y
721435,KOLKATA,WEST BENGAL,KOLKATA,K137,IP DISPATCH KOLKATA BRANCH,3,Y
721438,KOLKATA,WEST BENGAL,KOLKATA,K137,IP DISPATCH KOLKATA BRANCH,3,Y
721440,KOLKATA,WEST BENGAL,KOLKATA,K137,IP DISPATCH KOLKATA BRANCH,3,Y
721442,KOLKATA,WEST BENGAL,KOLKATA,K137,IP DISPATCH KOLKATA BRANCH,3,Y
721445,KOLKATA,WEST BENGAL,KOLKATA,K137,IP DISPATCH KOLKATA BRANCH,3,Y
721447,KOLKATA,WEST BENGAL,KOLKATA,K137,IP DISPATCH KOLKATA BRANCH,3,Y
721449,KOLKATA,WEST BENGAL,KOLKATA,K137,IP DISPATCH KOLKATA BRANCH,3,Y
721450,KOLKATA,WEST BENGAL,KOLKATA,K137,IP DISPATCH KOLKATA BRANCH,3,Y
721454,KOLKATA,WEST BENGAL,KOLKATA,K137,IP DISPATCH KOLKATA BRANCH,3,Y
721456,KOLKATA,WEST BENGAL,KOLKATA,K137,IP DISPATCH KOLKATA BRANCH,3,Y
721457,KOLKATA,WEST BENGAL,KOLKATA,K137,IP DISPATCH KOLKATA BRANCH,3,Y
721458,KOLKATA,WEST BENGAL,KOLKATA,K137,IP DISPATCH KOLKATA BRANCH,3,Y
721467,KOLKATA,WEST BENGAL,KOLKATA,K137,IP DISPATCH KOLKATA BRANCH,3,Y
721501,KOLKATA,WEST BENGAL,KOLKATA,K137,IP DISPATCH KOLKATA BRANCH,3,Y
721503,KOLKATA,WEST BENGAL,KOLKATA,K137,IP DISPATCH KOLKATA BRANCH,3,Y
721504,KOLKATA,WEST BENGAL,KOLKATA,K137,IP DISPATCH KOLKATA BRANCH,3,Y
721505,KOLKATA,WEST BENGAL,KOLKATA,K137,IP DISPATCH KOLKATA BRANCH,3,Y
721513,KOLKATA,WEST BENGAL,KOLKATA,K137,IP DISPATCH KOLKATA BRANCH,3,Y
721515,KOLKATA,WEST BENGAL,KOLKATA,K137,IP DISPATCH KOLKATA BRANCH,3,Y
721516,KOLKATA,WEST BENGAL,KOLKATA,K137,IP DISPATCH KOLKATA BRANCH,3,Y
721517,KOLKATA,WEST BENGAL,KOLKATA,K137,IP DISPATCH KOLKATA BRANCH,3,Y
721624,KOLKATA,WEST BENGAL,KOLKATA,K137,IP DISPATCH KOLKATA BRANCH,3,Y
721637,KOLKATA,WEST BENGAL,KOLKATA,K137,IP DISPATCH KOLKATA BRANCH,3,Y
721642,KOLKATA,WEST BENGAL,KOLKATA,K137,IP DISPATCH KOLKATA BRANCH,3,Y
721643,KOLKATA,WEST BENGAL,KOLKATA,K137,IP DISPATCH KOLKATA BRANCH,3,Y
721644,KOLKATA,WEST BENGAL,KOLKATA,K137,IP DISPATCH KOLKATA BRANCH,3,Y
721647,KOLKATA,WEST BENGAL,KOLKATA,K137,IP DISPATCH KOLKATA BRANCH,3,Y
721650,KOLKATA,WEST BENGAL,KOLKATA,K137,IP DISPATCH KOLKATA BRANCH,3,Y
721651,KOLKATA,WEST BENGAL,KOLKATA,K137,IP DISPATCH KOLKATA BRANCH,3,Y
721652,KOLKATA,WEST BENGAL,KOLKATA,K137,IP DISPATCH KOLKATA BRANCH,3,Y
721656,KOLKATA,WEST BENGAL,KOLKATA,K137,IP DISPATCH KOLKATA BRANCH,3,Y
721658,KOLKATA,WEST BENGAL,KOLKATA,K137,IP DISPATCH KOLKATA BRANCH,3,Y
722121,KOLKATA,WEST BENGAL,KOLKATA,K137,IP DISPATCH KOLKATA BRANCH,3,Y
722135,KOLKATA,WEST BENGAL,KOLKATA,K137,IP DISPATCH KOLKATA BRANCH,3,Y
722149,KOLKATA,WEST BENGAL,KOLKATA,K137,IP DISPATCH KOLKATA BRANCH,3,Y
722153,KOLKATA,WEST BENGAL,KOLKATA,K137,IP DISPATCH KOLKATA BRANCH,3,Y
722155,KOLKATA,WEST BENGAL,KOLKATA,K137,IP DISPATCH KOLKATA BRANCH,3,Y
722157,KOLKATA,WEST BENGAL,KOLKATA,K137,IP DISPATCH KOLKATA BRANCH,3,Y
722164,KOLKATA,WEST BENGAL,KOLKATA,K137,IP DISPATCH KOLKATA BRANCH,3,Y
722173,KOLKATA,WEST BENGAL,KOLKATA,K137,IP DISPATCH KOLKATA BRANCH,3,Y
722176,KOLKATA,WEST BENGAL,KOLKATA,K137,IP DISPATCH KOLKATA BRANCH,3,Y
722201,KOLKATA,WEST BENGAL,KOLKATA,K137,IP DISPATCH KOLKATA BRANCH,3,Y
722208,KOLKATA,WEST BENGAL,KOLKATA,K137,IP DISPATCH KOLKATA BRANCH,3,Y
723104,KOLKATA,WEST BENGAL,KOLKATA,K137,IP DISPATCH KOLKATA BRANCH,3,Y
723128,KOLKATA,WEST BENGAL,KOLKATA,K137,IP DISPATCH KOLKATA BRANCH,3,Y
723134,KOLKATA,WEST BENGAL,KOLKATA,K137,IP DISPATCH KOLKATA BRANCH,3,Y
723142,KOLKATA,WEST BENGAL,KOLKATA,K137,IP DISPATCH KOLKATA BRANCH,3,Y
723145,KOLKATA,WEST BENGAL,KOLKATA,K137,IP DISPATCH KOLKATA BRANCH,3,Y
723147,KOLKATA,WEST BENGAL,KOLKATA,K137,IP DISPATCH KOLKATA BRANCH,3,Y
723148,KOLKATA,WEST BENGAL,KOLKATA,K137,IP DISPATCH KOLKATA BRANCH,3,Y
723153,KOLKATA,WEST BENGAL,KOLKATA,K137,IP DISPATCH KOLKATA BRANCH,3,Y
723154,KOLKATA,WEST BENGAL,KOLKATA,K137,IP DISPATCH KOLKATA BRANCH,3,Y
723155,KOLKATA,WEST BENGAL,KOLKATA,K137,IP DISPATCH KOLKATA BRANCH,3,Y
723156,KOLKATA,WEST BENGAL,KOLKATA,K137,IP DISPATCH KOLKATA BRANCH,3,Y
723212,KOLKATA,WEST BENGAL,KOLKATA,K137,IP DISPATCH KOLKATA BRANCH,3,Y
723215,KOLKATA,WEST BENGAL,KOLKATA,K137,IP DISPATCH KOLKATA BRANCH,3,Y
731124,KOLKATA,WEST BENGAL,KOLKATA,K137,IP DISPATCH KOLKATA BRANCH,2,Y
731126,KOLKATA,WEST BENGAL,KOLKATA,K137,IP DISPATCH KOLKATA BRANCH,2,Y
731129,KOLKATA,WEST BENGAL,KOLKATA,K137,IP DISPATCH KOLKATA BRANCH,2,Y
731132,KOLKATA,WEST BENGAL,KOLKATA,K137,IP DISPATCH KOLKATA BRANCH,2,Y
731133,KOLKATA,WEST BENGAL,KOLKATA,K137,IP DISPATCH KOLKATA BRANCH,2,Y
731218,KOLKATA,WEST BENGAL,KOLKATA,K137,IP DISPATCH KOLKATA BRANCH,2,Y
731221,KOLKATA,WEST BENGAL,KOLKATA,K137,IP DISPATCH KOLKATA BRANCH,3,Y
731222,KOLKATA,WEST BENGAL,KOLKATA,K137,IP DISPATCH KOLKATA BRANCH,3,Y
731223,KOLKATA,WEST BENGAL,KOLKATA,K137,IP DISPATCH KOLKATA BRANCH,2,Y
731238,KOLKATA,WEST BENGAL,KOLKATA,K137,IP DISPATCH KOLKATA BRANCH,2,Y
731240,KOLKATA,WEST BENGAL,KOLKATA,K137,IP DISPATCH KOLKATA BRANCH,2,Y
731241,KOLKATA,WEST BENGAL,KOLKATA,K137,IP DISPATCH KOLKATA BRANCH,2,Y
731242,KOLKATA,WEST BENGAL,KOLKATA,K137,IP DISPATCH KOLKATA BRANCH,2,Y
731245,KOLKATA,WEST BENGAL,KOLKATA,K137,IP DISPATCH KOLKATA BRANCH,2,Y
731304,KOLKATA,WEST BENGAL,KOLKATA,K137,IP DISPATCH KOLKATA BRANCH,2,Y
732122,KOLKATA,WEST BENGAL,KOLKATA,K137,IP DISPATCH KOLKATA BRANCH,3,Y
732204,KOLKATA,WEST BENGAL,KOLKATA,K137,IP DISPATCH KOLKATA BRANCH,3,Y
732208,KOLKATA,WEST BENGAL,KOLKATA,K137,IP DISPATCH KOLKATA BRANCH,3,Y
732216,KOLKATA,WEST BENGAL,KOLKATA,K137,IP DISPATCH KOLKATA BRANCH,3,Y
733145,KOLKATA,WEST BENGAL,KOLKATA,K137,IP DISPATCH KOLKATA BRANCH,3,Y
733156,KOLKATA,WEST BENGAL,KOLKATA,K137,IP DISPATCH KOLKATA BRANCH,3,Y
733208,KOLKATA,WEST BENGAL,KOLKATA,K137,IP DISPATCH KOLKATA BRANCH,3,Y
733209,KOLKATA,WEST BENGAL,KOLKATA,K137,IP DISPATCH KOLKATA BRANCH,3,Y
733210,KOLKATA,WEST BENGAL,KOLKATA,K137,IP DISPATCH KOLKATA BRANCH,3,Y
734104,KOLKATA,WEST BENGAL,KOLKATA,K137,IP DISPATCH KOLKATA BRANCH,3,Y
734105,KOLKATA,WEST BENGAL,KOLKATA,K137,IP DISPATCH KOLKATA BRANCH,3,Y
734209,KOLKATA,WEST BENGAL,KOLKATA,K137,IP DISPATCH KOLKATA BRANCH,3,Y
734213,KOLKATA,WEST BENGAL,KOLKATA,K137,IP DISPATCH KOLKATA BRANCH,3,Y
734215,KOLKATA,WEST BENGAL,KOLKATA,K137,IP DISPATCH KOLKATA BRANCH,3,Y
734216,KOLKATA,WEST BENGAL,KOLKATA,K137,IP DISPATCH KOLKATA BRANCH,3,Y
734217,KOLKATA,WEST BENGAL,KOLKATA,K137,IP DISPATCH KOLKATA BRANCH,3,Y
734218,KOLKATA,WEST BENGAL,KOLKATA,K137,IP DISPATCH KOLKATA BRANCH,3,Y
734220,KOLKATA,WEST BENGAL,KOLKATA,K137,IP DISPATCH KOLKATA BRANCH,3,Y
734221,KOLKATA,WEST BENGAL,KOLKATA,K137,IP DISPATCH KOLKATA BRANCH,3,Y
734222,KOLKATA,WEST BENGAL,KOLKATA,K137,IP DISPATCH KOLKATA BRANCH,3,Y
734223,KOLKATA,WEST BENGAL,KOLKATA,K137,IP DISPATCH KOLKATA BRANCH,3,Y
734224,KOLKATA,WEST BENGAL,KOLKATA,K137,IP DISPATCH KOLKATA BRANCH,3,Y
734226,KOLKATA,WEST BENGAL,KOLKATA,K137,IP DISPATCH KOLKATA BRANCH,3,Y
734311,KOLKATA,WEST BENGAL,KOLKATA,K137,IP DISPATCH KOLKATA BRANCH,3,Y
734312,KOLKATA,WEST BENGAL,KOLKATA,K137,IP DISPATCH KOLKATA BRANCH,3,Y
734313,KOLKATA,WEST BENGAL,KOLKATA,K137,IP DISPATCH KOLKATA BRANCH,3,Y
734314,KOLKATA,WEST BENGAL,KOLKATA,K137,IP DISPATCH KOLKATA BRANCH,3,Y
734315,KOLKATA,WEST BENGAL,KOLKATA,K137,IP DISPATCH KOLKATA BRANCH,3,Y
734316,KOLKATA,WEST BENGAL,KOLKATA,K137,IP DISPATCH KOLKATA BRANCH,3,Y
734423,KOLKATA,WEST BENGAL,KOLKATA,K137,IP DISPATCH KOLKATA BRANCH,3,Y
734424,KOLKATA,WEST BENGAL,KOLKATA,K137,IP DISPATCH KOLKATA BRANCH,3,Y
734425,KOLKATA,WEST BENGAL,KOLKATA,K137,IP DISPATCH KOLKATA BRANCH,3,Y
734427,KOLKATA,WEST BENGAL,KOLKATA,K137,IP DISPATCH KOLKATA BRANCH,3,Y
734434,KOLKATA,WEST BENGAL,KOLKATA,K137,IP DISPATCH KOLKATA BRANCH,3,Y
734501,KOLKATA,WEST BENGAL,KOLKATA,K137,IP DISPATCH KOLKATA BRANCH,3,Y
734503,KOLKATA,WEST BENGAL,KOLKATA,K137,IP DISPATCH KOLKATA BRANCH,3,Y
735121,KOLKATA,WEST BENGAL,KOLKATA,K137,IP DISPATCH KOLKATA BRANCH,3,Y
735132,KOLKATA,WEST BENGAL,KOLKATA,K137,IP DISPATCH KOLKATA BRANCH,3,Y
735205,KOLKATA,WEST BENGAL,KOLKATA,K137,IP DISPATCH KOLKATA BRANCH,3,Y
735206,KOLKATA,WEST BENGAL,KOLKATA,K137,IP DISPATCH KOLKATA BRANCH,3,Y
735208,KOLKATA,WEST BENGAL,KOLKATA,K137,IP DISPATCH KOLKATA BRANCH,3,Y
735209,KOLKATA,WEST BENGAL,KOLKATA,K137,IP DISPATCH KOLKATA BRANCH,3,Y
735214,KOLKATA,WEST BENGAL,KOLKATA,K137,IP DISPATCH KOLKATA BRANCH,3,Y
735217,KOLKATA,WEST BENGAL,KOLKATA,K137,IP DISPATCH KOLKATA BRANCH,3,Y
735218,KOLKATA,WEST BENGAL,KOLKATA,K137,IP DISPATCH KOLKATA BRANCH,3,Y
735219,KOLKATA,WEST BENGAL,KOLKATA,K137,IP DISPATCH KOLKATA BRANCH,3,Y
735222,KOLKATA,WEST BENGAL,KOLKATA,K137,IP DISPATCH KOLKATA BRANCH,3,Y
735223,KOLKATA,WEST BENGAL,KOLKATA,K137,IP DISPATCH KOLKATA BRANCH,3,Y
735225,KOLKATA,WEST BENGAL,KOLKATA,K137,IP DISPATCH KOLKATA BRANCH,3,Y
735226,KOLKATA,WEST BENGAL,KOLKATA,K137,IP DISPATCH KOLKATA BRANCH,3,Y
735227,KOLKATA,WEST BENGAL,KOLKATA,K137,IP DISPATCH KOLKATA BRANCH,3,Y
735228,KOLKATA,WEST BENGAL,KOLKATA,K137,IP DISPATCH KOLKATA BRANCH,3,Y
735229,KOLKATA,WEST BENGAL,KOLKATA,K137,IP DISPATCH KOLKATA BRANCH,3,Y
735230,KOLKATA,WEST BENGAL,KOLKATA,K137,IP DISPATCH KOLKATA BRANCH,3,Y
735232,KOLKATA,WEST BENGAL,KOLKATA,K137,IP DISPATCH KOLKATA BRANCH,3,Y
735233,KOLKATA,WEST BENGAL,KOLKATA,K137,IP DISPATCH KOLKATA BRANCH,3,Y
735234,KOLKATA,WEST BENGAL,KOLKATA,K137,IP DISPATCH KOLKATA BRANCH,3,Y
735302,KOLKATA,WEST BENGAL,KOLKATA,K137,IP DISPATCH KOLKATA BRANCH,3,Y
735303,KOLKATA,WEST BENGAL,KOLKATA,K137,IP DISPATCH KOLKATA BRANCH,3,Y
735304,KOLKATA,WEST BENGAL,KOLKATA,K137,IP DISPATCH KOLKATA BRANCH,3,Y
735305,KOLKATA,WEST BENGAL,KOLKATA,K137,IP DISPATCH KOLKATA BRANCH,3,Y
736134,KOLKATA,WEST BENGAL,KOLKATA,K137,IP DISPATCH KOLKATA BRANCH,3,Y
736145,KOLKATA,WEST BENGAL,KOLKATA,K137,IP DISPATCH KOLKATA BRANCH,3,Y
736158,KOLKATA,WEST BENGAL,KOLKATA,K137,IP DISPATCH KOLKATA BRANCH,3,Y
736160,KOLKATA,WEST BENGAL,KOLKATA,K137,IP DISPATCH KOLKATA BRANCH,3,Y
736168,KOLKATA,WEST BENGAL,KOLKATA,K137,IP DISPATCH KOLKATA BRANCH,3,Y
736169,KOLKATA,WEST BENGAL,KOLKATA,K137,IP DISPATCH KOLKATA BRANCH,3,Y
736171,KOLKATA,WEST BENGAL,KOLKATA,K137,IP DISPATCH KOLKATA BRANCH,3,Y
736172,KOLKATA,WEST BENGAL,KOLKATA,K137,IP DISPATCH KOLKATA BRANCH,3,Y
736176,KOLKATA,WEST BENGAL,KOLKATA,K137,IP DISPATCH KOLKATA BRANCH,3,Y
736201,KOLKATA,WEST BENGAL,KOLKATA,K137,IP DISPATCH KOLKATA BRANCH,3,Y
736204,KOLKATA,WEST BENGAL,KOLKATA,K137,IP DISPATCH KOLKATA BRANCH,3,Y
736205,KOLKATA,WEST BENGAL,KOLKATA,K137,IP DISPATCH KOLKATA BRANCH,3,Y
736206,KOLKATA,WEST BENGAL,KOLKATA,K137,IP DISPATCH KOLKATA BRANCH,3,Y
736208,KOLKATA,WEST BENGAL,KOLKATA,K137,IP DISPATCH KOLKATA BRANCH,3,Y
741122,KOLKATA,WEST BENGAL,KOLKATA,K137,IP DISPATCH KOLKATA BRANCH,3,Y
741125,KOLKATA,WEST BENGAL,KOLKATA,K137,IP DISPATCH KOLKATA BRANCH,3,Y
741138,KOLKATA,WEST BENGAL,KOLKATA,K137,IP DISPATCH KOLKATA BRANCH,3,Y
741140,KOLKATA,WEST BENGAL,KOLKATA,K137,IP DISPATCH KOLKATA BRANCH,3,Y
741150,KOLKATA,WEST BENGAL,KOLKATA,K137,IP DISPATCH KOLKATA BRANCH,3,Y
741151,KOLKATA,WEST BENGAL,KOLKATA,K137,IP DISPATCH KOLKATA BRANCH,3,Y
741153,KOLKATA,WEST BENGAL,KOLKATA,K137,IP DISPATCH KOLKATA BRANCH,3,Y
741157,KOLKATA,WEST BENGAL,KOLKATA,K137,IP DISPATCH KOLKATA BRANCH,3,Y
741158,KOLKATA,WEST BENGAL,KOLKATA,K137,IP DISPATCH KOLKATA BRANCH,3,Y
741161,KOLKATA,WEST BENGAL,KOLKATA,K137,IP DISPATCH KOLKATA BRANCH,3,Y
741162,KOLKATA,WEST BENGAL,KOLKATA,K137,IP DISPATCH KOLKATA BRANCH,3,Y
741164,KOLKATA,WEST BENGAL,KOLKATA,K137,IP DISPATCH KOLKATA BRANCH,3,Y
741181,KOLKATA,WEST BENGAL,KOLKATA,K137,IP DISPATCH KOLKATA BRANCH,3,Y
741238,KOLKATA,WEST BENGAL,KOLKATA,K137,IP DISPATCH KOLKATA BRANCH,3,Y
741253,KOLKATA,WEST BENGAL,KOLKATA,K137,IP DISPATCH KOLKATA BRANCH,3,Y
741254,KOLKATA,WEST BENGAL,KOLKATA,K137,IP DISPATCH KOLKATA BRANCH,3,Y
741317,KOLKATA,WEST BENGAL,KOLKATA,K137,IP DISPATCH KOLKATA BRANCH,3,Y
741319,KOLKATA,WEST BENGAL,KOLKATA,K137,IP DISPATCH KOLKATA BRANCH,2,Y
741503,KOLKATA,WEST BENGAL,KOLKATA,K137,IP DISPATCH KOLKATA BRANCH,3,Y
741508,KOLKATA,WEST BENGAL,KOLKATA,K137,IP DISPATCH KOLKATA BRANCH,3,Y
741509,KOLKATA,WEST BENGAL,KOLKATA,K137,IP DISPATCH KOLKATA BRANCH,3,Y
742113,KOLKATA,WEST BENGAL,KOLKATA,K137,IP DISPATCH KOLKATA BRANCH,3,Y
742132,KOLKATA,WEST BENGAL,KOLKATA,K137,IP DISPATCH KOLKATA BRANCH,3,Y
742138,KOLKATA,WEST BENGAL,KOLKATA,K137,IP DISPATCH KOLKATA BRANCH,3,Y
742140,KOLKATA,WEST BENGAL,KOLKATA,K137,IP DISPATCH KOLKATA BRANCH,3,Y
742147,KOLKATA,WEST BENGAL,KOLKATA,K137,IP DISPATCH KOLKATA BRANCH,3,Y
742151,KOLKATA,WEST BENGAL,KOLKATA,K137,IP DISPATCH KOLKATA BRANCH,3,Y
742159,KOLKATA,WEST BENGAL,KOLKATA,K137,IP DISPATCH KOLKATA BRANCH,3,Y
742160,KOLKATA,WEST BENGAL,KOLKATA,K137,IP DISPATCH KOLKATA BRANCH,3,Y
742161,KOLKATA,WEST BENGAL,KOLKATA,K137,IP DISPATCH KOLKATA BRANCH,3,Y
742168,KOLKATA,WEST BENGAL,KOLKATA,K137,IP DISPATCH KOLKATA BRANCH,3,Y
742174,KOLKATA,WEST BENGAL,KOLKATA,K137,IP DISPATCH KOLKATA BRANCH,3,Y
742175,KOLKATA,WEST BENGAL,KOLKATA,K137,IP DISPATCH KOLKATA BRANCH,3,Y
742223,KOLKATA,WEST BENGAL,KOLKATA,K137,IP DISPATCH KOLKATA BRANCH,3,Y
742224,KOLKATA,WEST BENGAL,KOLKATA,K137,IP DISPATCH KOLKATA BRANCH,3,Y
742226,KOLKATA,WEST BENGAL,KOLKATA,K137,IP DISPATCH KOLKATA BRANCH,3,Y
742301,KOLKATA,WEST BENGAL,KOLKATA,K137,IP DISPATCH KOLKATA BRANCH,3,Y
742402,KOLKATA,WEST BENGAL,KOLKATA,K137,IP DISPATCH KOLKATA BRANCH,3,Y
742404,KOLKATA,WEST BENGAL,KOLKATA,K137,IP DISPATCH KOLKATA BRANCH,3,Y
742405,KOLKATA,WEST BENGAL,KOLKATA,K137,IP DISPATCH KOLKATA BRANCH,3,Y
742410,KOLKATA,WEST BENGAL,KOLKATA,K137,IP DISPATCH KOLKATA BRANCH,3,Y
743194,KOLKATA,WEST BENGAL,KOLKATA,K137,IP DISPATCH KOLKATA BRANCH,3,Y
743234,KOLKATA,WEST BENGAL,KOLKATA,K137,IP DISPATCH KOLKATA BRANCH,3,Y
743270,KOLKATA,WEST BENGAL,KOLKATA,K137,IP DISPATCH KOLKATA BRANCH,3,Y
743338,KOLKATA,WEST BENGAL,KOLKATA,K137,IP DISPATCH KOLKATA BRANCH,3,Y
743345,KOLKATA,WEST BENGAL,KOLKATA,K137,IP DISPATCH KOLKATA BRANCH,3,Y
743348,KOLKATA,WEST BENGAL,KOLKATA,K137,IP DISPATCH KOLKATA BRANCH,3,Y
743356,KOLKATA,WEST BENGAL,KOLKATA,K137,IP DISPATCH KOLKATA BRANCH,3,Y
743363,KOLKATA,WEST BENGAL,KOLKATA,K137,IP DISPATCH KOLKATA BRANCH,3,Y
743370,KOLKATA,WEST BENGAL,KOLKATA,K137,IP DISPATCH KOLKATA BRANCH,3,Y
743374,KOLKATA,WEST BENGAL,KOLKATA,K137,IP DISPATCH KOLKATA BRANCH,3,Y
743375,KOLKATA,WEST BENGAL,KOLKATA,K137,IP DISPATCH KOLKATA BRANCH,3,Y
743376,KOLKATA,WEST BENGAL,KOLKATA,K137,IP DISPATCH KOLKATA BRANCH,3,Y
743378,KOLKATA,WEST BENGAL,KOLKATA,K137,IP DISPATCH KOLKATA BRANCH,3,Y
743383,KOLKATA,WEST BENGAL,KOLKATA,K137,IP DISPATCH KOLKATA BRANCH,3,Y
743387,KOLKATA,WEST BENGAL,KOLKATA,K137,IP DISPATCH KOLKATA BRANCH,3,Y
743395,KOLKATA,WEST BENGAL,KOLKATA,K137,IP DISPATCH KOLKATA BRANCH,3,Y
743399,KOLKATA,WEST BENGAL,KOLKATA,K137,IP DISPATCH KOLKATA BRANCH,3,Y
743435,KOLKATA,WEST BENGAL,KOLKATA,K137,IP DISPATCH KOLKATA BRANCH,3,Y
743439,KOLKATA,WEST BENGAL,KOLKATA,K137,IP DISPATCH KOLKATA BRANCH,3,Y
743446,KOLKATA,WEST BENGAL,KOLKATA,K137,IP DISPATCH KOLKATA BRANCH,3,Y
743609,KOLKATA,WEST BENGAL,KOLKATA,K137,IP DISPATCH KOLKATA BRANCH,3,Y
743611,KOLKATA,WEST BENGAL,KOLKATA,K137,IP DISPATCH KOLKATA BRANCH,3,Y
743613,KOLKATA,WEST BENGAL,KOLKATA,K137,IP DISPATCH KOLKATA BRANCH,3,Y
743701,KOLKATA,WEST BENGAL,KOLKATA,K137,IP DISPATCH KOLKATA BRANCH,3,Y
743702,KOLKATA,WEST BENGAL,KOLKATA,K137,IP DISPATCH KOLKATA BRANCH,3,Y
751008,CUTTACK,ORISSA,BHUBANESHWAR,W58,IP DISPATCH ODISHA BRANCH,3,Y
751026,CUTTACK,ORISSA,BHUBANESHWAR,W58,IP DISPATCH ODISHA BRANCH,3,Y
751028,CUTTACK,ORISSA,BHUBANESHWAR,W58,IP DISPATCH ODISHA BRANCH,3,Y
751032,CUTTACK,ORISSA,BHUBANESHWAR,W58,IP DISPATCH ODISHA BRANCH,3,Y
751033,CUTTACK,ORISSA,BHUBANESHWAR,W58,IP DISPATCH ODISHA BRANCH,3,Y
751034,CUTTACK,ORISSA,BHUBANESHWAR,W58,IP DISPATCH ODISHA BRANCH,3,Y
751035,CUTTACK,ORISSA,BHUBANESHWAR,W58,IP DISPATCH ODISHA BRANCH,3,Y
752004,CUTTACK,ORISSA,BHUBANESHWAR,W58,IP DISPATCH ODISHA BRANCH,3,Y
752010,CUTTACK,ORISSA,BHUBANESHWAR,W58,IP DISPATCH ODISHA BRANCH,3,Y
752015,CUTTACK,ORISSA,BHUBANESHWAR,W58,IP DISPATCH ODISHA BRANCH,3,Y
752016,CUTTACK,ORISSA,BHUBANESHWAR,W58,IP DISPATCH ODISHA BRANCH,3,Y
752018,CUTTACK,ORISSA,BHUBANESHWAR,W58,IP DISPATCH ODISHA BRANCH,3,Y
752025,CUTTACK,ORISSA,BHUBANESHWAR,W58,IP DISPATCH ODISHA BRANCH,3,Y
752045,CUTTACK,ORISSA,BHUBANESHWAR,W58,IP DISPATCH ODISHA BRANCH,3,Y
752046,CUTTACK,ORISSA,BHUBANESHWAR,W58,IP DISPATCH ODISHA BRANCH,3,Y
752061,CUTTACK,ORISSA,BHUBANESHWAR,W58,IP DISPATCH ODISHA BRANCH,3,Y
752063,CUTTACK,ORISSA,BHUBANESHWAR,W58,IP DISPATCH ODISHA BRANCH,3,Y
752064,CUTTACK,ORISSA,BHUBANESHWAR,W58,IP DISPATCH ODISHA BRANCH,3,Y
752066,CUTTACK,ORISSA,BHUBANESHWAR,W58,IP DISPATCH ODISHA BRANCH,3,Y
752079,CUTTACK,ORISSA,BHUBANESHWAR,W58,IP DISPATCH ODISHA BRANCH,3,Y
752080,CUTTACK,ORISSA,BHUBANESHWAR,W58,IP DISPATCH ODISHA BRANCH,3,Y
752085,CUTTACK,ORISSA,BHUBANESHWAR,W58,IP DISPATCH ODISHA BRANCH,3,Y
752089,CUTTACK,ORISSA,BHUBANESHWAR,W58,IP DISPATCH ODISHA BRANCH,3,Y
752090,CUTTACK,ORISSA,BHUBANESHWAR,W58,IP DISPATCH ODISHA BRANCH,3,Y
752091,CUTTACK,ORISSA,BHUBANESHWAR,W58,IP DISPATCH ODISHA BRANCH,3,Y
752092,CUTTACK,ORISSA,BHUBANESHWAR,W58,IP DISPATCH ODISHA BRANCH,3,Y
752093,CUTTACK,ORISSA,BHUBANESHWAR,W58,IP DISPATCH ODISHA BRANCH,3,Y
752103,CUTTACK,ORISSA,BHUBANESHWAR,W58,IP DISPATCH ODISHA BRANCH,4,Y
752105,CUTTACK,ORISSA,BHUBANESHWAR,W58,IP DISPATCH ODISHA BRANCH,4,Y
752107,CUTTACK,ORISSA,BHUBANESHWAR,W58,IP DISPATCH ODISHA BRANCH,4,Y
752113,CUTTACK,ORISSA,BHUBANESHWAR,W58,IP DISPATCH ODISHA BRANCH,4,Y
752114,CUTTACK,ORISSA,BHUBANESHWAR,W58,IP DISPATCH ODISHA BRANCH,4,Y
752115,CUTTACK,ORISSA,BHUBANESHWAR,W58,IP DISPATCH ODISHA BRANCH,3,Y
752116,CUTTACK,ORISSA,BHUBANESHWAR,W58,IP DISPATCH ODISHA BRANCH,4,Y
752118,CUTTACK,ORISSA,BHUBANESHWAR,W58,IP DISPATCH ODISHA BRANCH,4,Y
752119,CUTTACK,ORISSA,BHUBANESHWAR,W58,IP DISPATCH ODISHA BRANCH,4,Y
752120,CUTTACK,ORISSA,BHUBANESHWAR,W58,IP DISPATCH ODISHA BRANCH,3,Y
752121,CUTTACK,ORISSA,BHUBANESHWAR,W58,IP DISPATCH ODISHA BRANCH,4,Y
753006,CUTTACK,ORISSA,BHUBANESHWAR,W58,IP DISPATCH ODISHA BRANCH,3,Y
753016,CUTTACK,ORISSA,BHUBANESHWAR,W58,IP DISPATCH ODISHA BRANCH,3,Y
754002,CUTTACK,ORISSA,BHUBANESHWAR,W58,IP DISPATCH ODISHA BRANCH,3,Y
754003,CUTTACK,ORISSA,BHUBANESHWAR,W58,IP DISPATCH ODISHA BRANCH,3,Y
754007,CUTTACK,ORISSA,BHUBANESHWAR,W58,IP DISPATCH ODISHA BRANCH,3,Y
754010,CUTTACK,ORISSA,BHUBANESHWAR,W58,IP DISPATCH ODISHA BRANCH,3,Y
754011,CUTTACK,ORISSA,BHUBANESHWAR,W58,IP DISPATCH ODISHA BRANCH,3,Y
754012,CUTTACK,ORISSA,BHUBANESHWAR,W58,IP DISPATCH ODISHA BRANCH,3,Y
754013,CUTTACK,ORISSA,BHUBANESHWAR,W58,IP DISPATCH ODISHA BRANCH,3,Y
754018,CUTTACK,ORISSA,BHUBANESHWAR,W58,IP DISPATCH ODISHA BRANCH,3,Y
754023,CUTTACK,ORISSA,BHUBANESHWAR,W58,IP DISPATCH ODISHA BRANCH,3,Y
754026,CUTTACK,ORISSA,BHUBANESHWAR,W58,IP DISPATCH ODISHA BRANCH,3,Y
754027,CUTTACK,ORISSA,BHUBANESHWAR,W58,IP DISPATCH ODISHA BRANCH,3,Y
754028,CUTTACK,ORISSA,BHUBANESHWAR,W58,IP DISPATCH ODISHA BRANCH,3,Y
754031,CUTTACK,ORISSA,BHUBANESHWAR,W58,IP DISPATCH ODISHA BRANCH,3,Y
754037,CUTTACK,ORISSA,BHUBANESHWAR,W58,IP DISPATCH ODISHA BRANCH,3,Y
754082,CUTTACK,ORISSA,BHUBANESHWAR,W58,IP DISPATCH ODISHA BRANCH,3,Y
754100,CUTTACK,ORISSA,BHUBANESHWAR,W58,IP DISPATCH ODISHA BRANCH,3,Y
754104,CUTTACK,ORISSA,BHUBANESHWAR,W58,IP DISPATCH ODISHA BRANCH,3,Y
754105,CUTTACK,ORISSA,BHUBANESHWAR,W58,IP DISPATCH ODISHA BRANCH,3,Y
754106,CUTTACK,ORISSA,BHUBANESHWAR,W58,IP DISPATCH ODISHA BRANCH,3,Y
754107,CUTTACK,ORISSA,BHUBANESHWAR,W58,IP DISPATCH ODISHA BRANCH,3,Y
754108,CUTTACK,ORISSA,BHUBANESHWAR,W58,IP DISPATCH ODISHA BRANCH,3,Y
754109,CUTTACK,ORISSA,BHUBANESHWAR,W58,IP DISPATCH ODISHA BRANCH,3,Y
754110,CUTTACK,ORISSA,BHUBANESHWAR,W58,IP DISPATCH ODISHA BRANCH,3,Y
754111,CUTTACK,ORISSA,BHUBANESHWAR,W58,IP DISPATCH ODISHA BRANCH,3,Y
754112,CUTTACK,ORISSA,BHUBANESHWAR,W58,IP DISPATCH ODISHA BRANCH,3,Y
754113,CUTTACK,ORISSA,BHUBANESHWAR,W58,IP DISPATCH ODISHA BRANCH,3,Y
754114,CUTTACK,ORISSA,BHUBANESHWAR,W58,IP DISPATCH ODISHA BRANCH,3,Y
754119,CUTTACK,ORISSA,BHUBANESHWAR,W58,IP DISPATCH ODISHA BRANCH,3,Y
754130,CUTTACK,ORISSA,BHUBANESHWAR,W58,IP DISPATCH ODISHA BRANCH,3,Y
754131,CUTTACK,ORISSA,BHUBANESHWAR,W58,IP DISPATCH ODISHA BRANCH,3,Y
754133,CUTTACK,ORISSA,BHUBANESHWAR,W58,IP DISPATCH ODISHA BRANCH,3,Y
754135,CUTTACK,ORISSA,BHUBANESHWAR,W58,IP DISPATCH ODISHA BRANCH,3,Y
754137,CUTTACK,ORISSA,BHUBANESHWAR,W58,IP DISPATCH ODISHA BRANCH,3,Y
754138,CUTTACK,ORISSA,BHUBANESHWAR,W58,IP DISPATCH ODISHA BRANCH,3,Y
754139,CUTTACK,ORISSA,BHUBANESHWAR,W58,IP DISPATCH ODISHA BRANCH,3,Y
754153,CUTTACK,ORISSA,BHUBANESHWAR,W58,IP DISPATCH ODISHA BRANCH,3,Y
754160,CUTTACK,ORISSA,BHUBANESHWAR,W58,IP DISPATCH ODISHA BRANCH,3,Y
754162,CUTTACK,ORISSA,BHUBANESHWAR,W58,IP DISPATCH ODISHA BRANCH,3,Y
754203,CUTTACK,ORISSA,BHUBANESHWAR,W58,IP DISPATCH ODISHA BRANCH,3,Y
754204,CUTTACK,ORISSA,BHUBANESHWAR,W58,IP DISPATCH ODISHA BRANCH,3,Y
754205,CUTTACK,ORISSA,BHUBANESHWAR,W58,IP DISPATCH ODISHA BRANCH,3,Y
754206,CUTTACK,ORISSA,BHUBANESHWAR,W58,IP DISPATCH ODISHA BRANCH,3,Y
754208,CUTTACK,ORISSA,BHUBANESHWAR,W58,IP DISPATCH ODISHA BRANCH,3,Y
754209,CUTTACK,ORISSA,BHUBANESHWAR,W58,IP DISPATCH ODISHA BRANCH,3,Y
754210,CUTTACK,ORISSA,BHUBANESHWAR,W58,IP DISPATCH ODISHA BRANCH,3,Y
754214,CUTTACK,ORISSA,BHUBANESHWAR,W58,IP DISPATCH ODISHA BRANCH,3,Y
754216,CUTTACK,ORISSA,BHUBANESHWAR,W58,IP DISPATCH ODISHA BRANCH,3,Y
754217,CUTTACK,ORISSA,BHUBANESHWAR,W58,IP DISPATCH ODISHA BRANCH,3,Y
754218,CUTTACK,ORISSA,BHUBANESHWAR,W58,IP DISPATCH ODISHA BRANCH,3,Y
754219,CUTTACK,ORISSA,BHUBANESHWAR,W58,IP DISPATCH ODISHA BRANCH,3,Y
754220,CUTTACK,ORISSA,BHUBANESHWAR,W58,IP DISPATCH ODISHA BRANCH,3,Y
754221,CUTTACK,ORISSA,BHUBANESHWAR,W58,IP DISPATCH ODISHA BRANCH,3,Y
754222,CUTTACK,ORISSA,BHUBANESHWAR,W58,IP DISPATCH ODISHA BRANCH,3,Y
754223,CUTTACK,ORISSA,BHUBANESHWAR,W58,IP DISPATCH ODISHA BRANCH,3,Y
754224,CUTTACK,ORISSA,BHUBANESHWAR,W58,IP DISPATCH ODISHA BRANCH,3,Y
754225,CUTTACK,ORISSA,BHUBANESHWAR,W58,IP DISPATCH ODISHA BRANCH,3,Y
754227,CUTTACK,ORISSA,BHUBANESHWAR,W58,IP DISPATCH ODISHA BRANCH,3,Y
754228,CUTTACK,ORISSA,BHUBANESHWAR,W58,IP DISPATCH ODISHA BRANCH,3,Y
754231,CUTTACK,ORISSA,BHUBANESHWAR,W58,IP DISPATCH ODISHA BRANCH,3,Y
754239,CUTTACK,ORISSA,BHUBANESHWAR,W58,IP DISPATCH ODISHA BRANCH,3,Y
754240,CUTTACK,ORISSA,BHUBANESHWAR,W58,IP DISPATCH ODISHA BRANCH,3,Y
754244,CUTTACK,ORISSA,BHUBANESHWAR,W58,IP DISPATCH ODISHA BRANCH,3,Y
754245,CUTTACK,ORISSA,BHUBANESHWAR,W58,IP DISPATCH ODISHA BRANCH,3,Y
754246,CUTTACK,ORISSA,BHUBANESHWAR,W58,IP DISPATCH ODISHA BRANCH,3,Y
754248,CUTTACK,ORISSA,BHUBANESHWAR,W58,IP DISPATCH ODISHA BRANCH,3,Y
754253,CUTTACK,ORISSA,BHUBANESHWAR,W58,IP DISPATCH ODISHA BRANCH,3,Y
754290,CUTTACK,ORISSA,BHUBANESHWAR,W58,IP DISPATCH ODISHA BRANCH,3,Y
754292,CUTTACK,ORISSA,BHUBANESHWAR,W58,IP DISPATCH ODISHA BRANCH,3,Y
754293,CUTTACK,ORISSA,BHUBANESHWAR,W58,IP DISPATCH ODISHA BRANCH,3,Y
754294,CUTTACK,ORISSA,BHUBANESHWAR,W58,IP DISPATCH ODISHA BRANCH,3,Y
754296,CUTTACK,ORISSA,BHUBANESHWAR,W58,IP DISPATCH ODISHA BRANCH,3,Y
754297,CUTTACK,ORISSA,BHUBANESHWAR,W58,IP DISPATCH ODISHA BRANCH,3,Y
754298,CUTTACK,ORISSA,BHUBANESHWAR,W58,IP DISPATCH ODISHA BRANCH,3,Y
754299,CUTTACK,ORISSA,BHUBANESHWAR,W58,IP DISPATCH ODISHA BRANCH,3,Y
755005,CUTTACK,ORISSA,BHUBANESHWAR,W58,IP DISPATCH ODISHA BRANCH,4,Y
755006,CUTTACK,ORISSA,BHUBANESHWAR,W58,IP DISPATCH ODISHA BRANCH,4,Y
755009,CUTTACK,ORISSA,BHUBANESHWAR,W58,IP DISPATCH ODISHA BRANCH,4,Y
755010,CUTTACK,ORISSA,BHUBANESHWAR,W58,IP DISPATCH ODISHA BRANCH,4,Y
755012,CUTTACK,ORISSA,BHUBANESHWAR,W58,IP DISPATCH ODISHA BRANCH,4,Y
755013,CUTTACK,ORISSA,BHUBANESHWAR,W58,IP DISPATCH ODISHA BRANCH,4,Y
755014,CUTTACK,ORISSA,BHUBANESHWAR,W58,IP DISPATCH ODISHA BRANCH,4,Y
755015,CUTTACK,ORISSA,BHUBANESHWAR,W58,IP DISPATCH ODISHA BRANCH,4,Y
755017,CUTTACK,ORISSA,BHUBANESHWAR,W58,IP DISPATCH ODISHA BRANCH,4,Y
755022,CUTTACK,ORISSA,BHUBANESHWAR,W58,IP DISPATCH ODISHA BRANCH,4,Y
755023,CUTTACK,ORISSA,BHUBANESHWAR,W58,IP DISPATCH ODISHA BRANCH,4,Y
755024,CUTTACK,ORISSA,BHUBANESHWAR,W58,IP DISPATCH ODISHA BRANCH,4,Y
755025,CUTTACK,ORISSA,BHUBANESHWAR,W58,IP DISPATCH ODISHA BRANCH,4,Y
755027,CUTTACK,ORISSA,BHUBANESHWAR,W58,IP DISPATCH ODISHA BRANCH,4,Y
755036,CUTTACK,ORISSA,BHUBANESHWAR,W58,IP DISPATCH ODISHA BRANCH,4,Y
755049,CUTTACK,ORISSA,BHUBANESHWAR,W58,IP DISPATCH ODISHA BRANCH,4,Y
755050,CUTTACK,ORISSA,BHUBANESHWAR,W58,IP DISPATCH ODISHA BRANCH,4,Y
755061,CUTTACK,ORISSA,BHUBANESHWAR,W58,IP DISPATCH ODISHA BRANCH,4,Y
755062,CUTTACK,ORISSA,BHUBANESHWAR,W58,IP DISPATCH ODISHA BRANCH,4,Y
755063,CUTTACK,ORISSA,BHUBANESHWAR,W58,IP DISPATCH ODISHA BRANCH,4,Y
756021,CUTTACK,ORISSA,BHUBANESHWAR,W58,IP DISPATCH ODISHA BRANCH,4,Y
756022,CUTTACK,ORISSA,BHUBANESHWAR,W58,IP DISPATCH ODISHA BRANCH,4,Y
756024,CUTTACK,ORISSA,BHUBANESHWAR,W58,IP DISPATCH ODISHA BRANCH,4,Y
756030,CUTTACK,ORISSA,BHUBANESHWAR,W58,IP DISPATCH ODISHA BRANCH,4,Y
756034,CUTTACK,ORISSA,BHUBANESHWAR,W58,IP DISPATCH ODISHA BRANCH,4,Y
756035,CUTTACK,ORISSA,BHUBANESHWAR,W58,IP DISPATCH ODISHA BRANCH,4,Y
756037,CUTTACK,ORISSA,BHUBANESHWAR,W58,IP DISPATCH ODISHA BRANCH,4,Y
756039,CUTTACK,ORISSA,BHUBANESHWAR,W58,IP DISPATCH ODISHA BRANCH,4,Y
756041,CUTTACK,ORISSA,BHUBANESHWAR,W58,IP DISPATCH ODISHA BRANCH,4,Y
756042,CUTTACK,ORISSA,BHUBANESHWAR,W58,IP DISPATCH ODISHA BRANCH,4,Y
756043,CUTTACK,ORISSA,BHUBANESHWAR,W58,IP DISPATCH ODISHA BRANCH,4,Y
756046,CUTTACK,ORISSA,BHUBANESHWAR,W58,IP DISPATCH ODISHA BRANCH,4,Y
756047,CUTTACK,ORISSA,BHUBANESHWAR,W58,IP DISPATCH ODISHA BRANCH,4,Y
756049,CUTTACK,ORISSA,BHUBANESHWAR,W58,IP DISPATCH ODISHA BRANCH,4,Y
756051,CUTTACK,ORISSA,BHUBANESHWAR,W58,IP DISPATCH ODISHA BRANCH,4,Y
756055,CUTTACK,ORISSA,BHUBANESHWAR,W58,IP DISPATCH ODISHA BRANCH,4,Y
756058,CUTTACK,ORISSA,BHUBANESHWAR,W58,IP DISPATCH ODISHA BRANCH,4,Y
756059,CUTTACK,ORISSA,BHUBANESHWAR,W58,IP DISPATCH ODISHA BRANCH,4,Y
756060,CUTTACK,ORISSA,BHUBANESHWAR,W58,IP DISPATCH ODISHA BRANCH,4,Y
756079,CUTTACK,ORISSA,BHUBANESHWAR,W58,IP DISPATCH ODISHA BRANCH,4,Y
756081,CUTTACK,ORISSA,BHUBANESHWAR,W58,IP DISPATCH ODISHA BRANCH,4,Y
756083,CUTTACK,ORISSA,BHUBANESHWAR,W58,IP DISPATCH ODISHA BRANCH,4,Y
756084,CUTTACK,ORISSA,BHUBANESHWAR,W58,IP DISPATCH ODISHA BRANCH,4,Y
756087,CUTTACK,ORISSA,BHUBANESHWAR,W58,IP DISPATCH ODISHA BRANCH,4,Y
756088,CUTTACK,ORISSA,BHUBANESHWAR,W58,IP DISPATCH ODISHA BRANCH,4,Y
756089,CUTTACK,ORISSA,BHUBANESHWAR,W58,IP DISPATCH ODISHA BRANCH,4,Y
756113,CUTTACK,ORISSA,BHUBANESHWAR,W58,IP DISPATCH ODISHA BRANCH,4,Y
756116,CUTTACK,ORISSA,BHUBANESHWAR,W58,IP DISPATCH ODISHA BRANCH,4,Y
756118,CUTTACK,ORISSA,BHUBANESHWAR,W58,IP DISPATCH ODISHA BRANCH,4,Y
756120,CUTTACK,ORISSA,BHUBANESHWAR,W58,IP DISPATCH ODISHA BRANCH,4,Y
756121,CUTTACK,ORISSA,BHUBANESHWAR,W58,IP DISPATCH ODISHA BRANCH,4,Y
756122,CUTTACK,ORISSA,BHUBANESHWAR,W58,IP DISPATCH ODISHA BRANCH,4,Y
756123,CUTTACK,ORISSA,BHUBANESHWAR,W58,IP DISPATCH ODISHA BRANCH,4,Y
756124,CUTTACK,ORISSA,BHUBANESHWAR,W58,IP DISPATCH ODISHA BRANCH,4,Y
756127,CUTTACK,ORISSA,BHUBANESHWAR,W58,IP DISPATCH ODISHA BRANCH,4,Y
756128,CUTTACK,ORISSA,BHUBANESHWAR,W58,IP DISPATCH ODISHA BRANCH,4,Y
756131,CUTTACK,ORISSA,BHUBANESHWAR,W58,IP DISPATCH ODISHA BRANCH,4,Y
756132,CUTTACK,ORISSA,BHUBANESHWAR,W58,IP DISPATCH ODISHA BRANCH,4,Y
756134,CUTTACK,ORISSA,BHUBANESHWAR,W58,IP DISPATCH ODISHA BRANCH,4,Y
756135,CUTTACK,ORISSA,BHUBANESHWAR,W58,IP DISPATCH ODISHA BRANCH,4,Y
756137,CUTTACK,ORISSA,BHUBANESHWAR,W58,IP DISPATCH ODISHA BRANCH,4,Y
756138,CUTTACK,ORISSA,BHUBANESHWAR,W58,IP DISPATCH ODISHA BRANCH,4,Y
756139,CUTTACK,ORISSA,BHUBANESHWAR,W58,IP DISPATCH ODISHA BRANCH,4,Y
756144,CUTTACK,ORISSA,BHUBANESHWAR,W58,IP DISPATCH ODISHA BRANCH,5,Y
756163,CUTTACK,ORISSA,BHUBANESHWAR,W58,IP DISPATCH ODISHA BRANCH,4,Y
756165,CUTTACK,ORISSA,BHUBANESHWAR,W58,IP DISPATCH ODISHA BRANCH,5,Y
756166,CUTTACK,ORISSA,BHUBANESHWAR,W58,IP DISPATCH ODISHA BRANCH,4,Y
756167,CUTTACK,ORISSA,BHUBANESHWAR,W58,IP DISPATCH ODISHA BRANCH,4,Y
756168,CUTTACK,ORISSA,BHUBANESHWAR,W58,IP DISPATCH ODISHA BRANCH,4,Y
756181,CUTTACK,ORISSA,BHUBANESHWAR,W58,IP DISPATCH ODISHA BRANCH,4,Y
756182,CUTTACK,ORISSA,BHUBANESHWAR,W58,IP DISPATCH ODISHA BRANCH,5,Y
757014,CUTTACK,ORISSA,BHUBANESHWAR,W58,IP DISPATCH ODISHA BRANCH,4,Y
757016,CUTTACK,ORISSA,BHUBANESHWAR,W58,IP DISPATCH ODISHA BRANCH,4,Y
757017,CUTTACK,ORISSA,BHUBANESHWAR,W58,IP DISPATCH ODISHA BRANCH,4,Y
757018,CUTTACK,ORISSA,BHUBANESHWAR,W58,IP DISPATCH ODISHA BRANCH,4,Y
757019,CUTTACK,ORISSA,BHUBANESHWAR,W58,IP DISPATCH ODISHA BRANCH,4,Y
757020,CUTTACK,ORISSA,BHUBANESHWAR,W58,IP DISPATCH ODISHA BRANCH,4,Y
757021,CUTTACK,ORISSA,BHUBANESHWAR,W58,IP DISPATCH ODISHA BRANCH,4,Y
757022,CUTTACK,ORISSA,BHUBANESHWAR,W58,IP DISPATCH ODISHA BRANCH,4,Y
757023,CUTTACK,ORISSA,BHUBANESHWAR,W58,IP DISPATCH ODISHA BRANCH,4,Y
757024,CUTTACK,ORISSA,BHUBANESHWAR,W58,IP DISPATCH ODISHA BRANCH,4,Y
757026,CUTTACK,ORISSA,BHUBANESHWAR,W58,IP DISPATCH ODISHA BRANCH,4,Y
757027,CUTTACK,ORISSA,BHUBANESHWAR,W58,IP DISPATCH ODISHA BRANCH,4,Y
757029,CUTTACK,ORISSA,BHUBANESHWAR,W58,IP DISPATCH ODISHA BRANCH,4,Y
757030,CUTTACK,ORISSA,BHUBANESHWAR,W58,IP DISPATCH ODISHA BRANCH,4,Y
757031,CUTTACK,ORISSA,BHUBANESHWAR,W58,IP DISPATCH ODISHA BRANCH,4,Y
757032,CUTTACK,ORISSA,BHUBANESHWAR,W58,IP DISPATCH ODISHA BRANCH,4,Y
757033,CUTTACK,ORISSA,BHUBANESHWAR,W58,IP DISPATCH ODISHA BRANCH,4,Y
757034,CUTTACK,ORISSA,BHUBANESHWAR,W58,IP DISPATCH ODISHA BRANCH,4,Y
757035,CUTTACK,ORISSA,BHUBANESHWAR,W58,IP DISPATCH ODISHA BRANCH,4,Y
757036,CUTTACK,ORISSA,BHUBANESHWAR,W58,IP DISPATCH ODISHA BRANCH,4,Y
757038,CUTTACK,ORISSA,BHUBANESHWAR,W58,IP DISPATCH ODISHA BRANCH,4,Y
757039,CUTTACK,ORISSA,BHUBANESHWAR,W58,IP DISPATCH ODISHA BRANCH,4,Y
757040,CUTTACK,ORISSA,BHUBANESHWAR,W58,IP DISPATCH ODISHA BRANCH,4,Y
757042,CUTTACK,ORISSA,BHUBANESHWAR,W58,IP DISPATCH ODISHA BRANCH,4,Y
757045,CUTTACK,ORISSA,BHUBANESHWAR,W58,IP DISPATCH ODISHA BRANCH,4,Y
757046,CUTTACK,ORISSA,BHUBANESHWAR,W58,IP DISPATCH ODISHA BRANCH,4,Y
757047,CUTTACK,ORISSA,BHUBANESHWAR,W58,IP DISPATCH ODISHA BRANCH,4,Y
757048,CUTTACK,ORISSA,BHUBANESHWAR,W58,IP DISPATCH ODISHA BRANCH,4,Y
757049,CUTTACK,ORISSA,BHUBANESHWAR,W58,IP DISPATCH ODISHA BRANCH,4,Y
757050,CUTTACK,ORISSA,BHUBANESHWAR,W58,IP DISPATCH ODISHA BRANCH,4,Y
757051,CUTTACK,ORISSA,BHUBANESHWAR,W58,IP DISPATCH ODISHA BRANCH,4,Y
757052,CUTTACK,ORISSA,BHUBANESHWAR,W58,IP DISPATCH ODISHA BRANCH,4,Y
757053,CUTTACK,ORISSA,BHUBANESHWAR,W58,IP DISPATCH ODISHA BRANCH,4,Y
757054,CUTTACK,ORISSA,BHUBANESHWAR,W58,IP DISPATCH ODISHA BRANCH,4,Y
757055,CUTTACK,ORISSA,BHUBANESHWAR,W58,IP DISPATCH ODISHA BRANCH,4,Y
757056,CUTTACK,ORISSA,BHUBANESHWAR,W58,IP DISPATCH ODISHA BRANCH,4,Y
757073,CUTTACK,ORISSA,BHUBANESHWAR,W58,IP DISPATCH ODISHA BRANCH,4,Y
757074,CUTTACK,ORISSA,BHUBANESHWAR,W58,IP DISPATCH ODISHA BRANCH,4,Y
757075,CUTTACK,ORISSA,BHUBANESHWAR,W58,IP DISPATCH ODISHA BRANCH,4,Y
757077,CUTTACK,ORISSA,BHUBANESHWAR,W58,IP DISPATCH ODISHA BRANCH,4,Y
757079,CUTTACK,ORISSA,BHUBANESHWAR,W58,IP DISPATCH ODISHA BRANCH,4,Y
757081,CUTTACK,ORISSA,BHUBANESHWAR,W58,IP DISPATCH ODISHA BRANCH,4,Y
757082,CUTTACK,ORISSA,BHUBANESHWAR,W58,IP DISPATCH ODISHA BRANCH,4,Y
757083,CUTTACK,ORISSA,BHUBANESHWAR,W58,IP DISPATCH ODISHA BRANCH,4,Y
757084,CUTTACK,ORISSA,BHUBANESHWAR,W58,IP DISPATCH ODISHA BRANCH,4,Y
757085,CUTTACK,ORISSA,BHUBANESHWAR,W58,IP DISPATCH ODISHA BRANCH,4,Y
757087,CUTTACK,ORISSA,BHUBANESHWAR,W58,IP DISPATCH ODISHA BRANCH,4,Y
757092,CUTTACK,ORISSA,BHUBANESHWAR,W58,IP DISPATCH ODISHA BRANCH,4,Y
757093,CUTTACK,ORISSA,BHUBANESHWAR,W58,IP DISPATCH ODISHA BRANCH,4,Y
757101,CUTTACK,ORISSA,BHUBANESHWAR,W58,IP DISPATCH ODISHA BRANCH,4,Y
757102,CUTTACK,ORISSA,BHUBANESHWAR,W58,IP DISPATCH ODISHA BRANCH,4,Y
757103,CUTTACK,ORISSA,BHUBANESHWAR,W58,IP DISPATCH ODISHA BRANCH,4,Y
757104,CUTTACK,ORISSA,BHUBANESHWAR,W58,IP DISPATCH ODISHA BRANCH,4,Y
757105,CUTTACK,ORISSA,BHUBANESHWAR,W58,IP DISPATCH ODISHA BRANCH,4,Y
757106,CUTTACK,ORISSA,BHUBANESHWAR,W58,IP DISPATCH ODISHA BRANCH,4,Y
757107,CUTTACK,ORISSA,BHUBANESHWAR,W58,IP DISPATCH ODISHA BRANCH,4,Y
758013,CUTTACK,ORISSA,BHUBANESHWAR,W58,IP DISPATCH ODISHA BRANCH,5,Y
758014,CUTTACK,ORISSA,BHUBANESHWAR,W58,IP DISPATCH ODISHA BRANCH,3,Y
758016,CUTTACK,ORISSA,BHUBANESHWAR,W58,IP DISPATCH ODISHA BRANCH,5,Y
758017,CUTTACK,ORISSA,BHUBANESHWAR,W58,IP DISPATCH ODISHA BRANCH,5,Y
758018,CUTTACK,ORISSA,BHUBANESHWAR,W58,IP DISPATCH ODISHA BRANCH,5,Y
758019,CUTTACK,ORISSA,BHUBANESHWAR,W58,IP DISPATCH ODISHA BRANCH,5,Y
758020,CUTTACK,ORISSA,BHUBANESHWAR,W58,IP DISPATCH ODISHA BRANCH,3,Y
758022,CUTTACK,ORISSA,BHUBANESHWAR,W58,IP DISPATCH ODISHA BRANCH,3,Y
758026,CUTTACK,ORISSA,BHUBANESHWAR,W58,IP DISPATCH ODISHA BRANCH,5,Y
758027,CUTTACK,ORISSA,BHUBANESHWAR,W58,IP DISPATCH ODISHA BRANCH,3,Y
758029,CUTTACK,ORISSA,BHUBANESHWAR,W58,IP DISPATCH ODISHA BRANCH,3,Y
758030,CUTTACK,ORISSA,BHUBANESHWAR,W58,IP DISPATCH ODISHA BRANCH,5,Y
758031,CUTTACK,ORISSA,BHUBANESHWAR,W58,IP DISPATCH ODISHA BRANCH,5,Y
758032,CUTTACK,ORISSA,BHUBANESHWAR,W58,IP DISPATCH ODISHA BRANCH,5,Y
758036,CUTTACK,ORISSA,BHUBANESHWAR,W58,IP DISPATCH ODISHA BRANCH,5,Y
758037,CUTTACK,ORISSA,BHUBANESHWAR,W58,IP DISPATCH ODISHA BRANCH,5,Y
758040,CUTTACK,ORISSA,BHUBANESHWAR,W58,IP DISPATCH ODISHA BRANCH,6,Y
758043,CUTTACK,ORISSA,BHUBANESHWAR,W58,IP DISPATCH ODISHA BRANCH,3,Y
758044,CUTTACK,ORISSA,BHUBANESHWAR,W58,IP DISPATCH ODISHA BRANCH,5,Y
758045,CUTTACK,ORISSA,BHUBANESHWAR,W58,IP DISPATCH ODISHA BRANCH,5,Y
758046,CUTTACK,ORISSA,BHUBANESHWAR,W58,IP DISPATCH ODISHA BRANCH,5,Y
758047,CUTTACK,ORISSA,BHUBANESHWAR,W58,IP DISPATCH ODISHA BRANCH,5,Y
758076,CUTTACK,ORISSA,BHUBANESHWAR,W58,IP DISPATCH ODISHA BRANCH,5,Y
758079,CUTTACK,ORISSA,BHUBANESHWAR,W58,IP DISPATCH ODISHA BRANCH,4,Y
758080,CUTTACK,ORISSA,BHUBANESHWAR,W58,IP DISPATCH ODISHA BRANCH,3,Y
758081,CUTTACK,ORISSA,BHUBANESHWAR,W58,IP DISPATCH ODISHA BRANCH,5,Y
758082,CUTTACK,ORISSA,BHUBANESHWAR,W58,IP DISPATCH ODISHA BRANCH,5,Y
758084,CUTTACK,ORISSA,BHUBANESHWAR,W58,IP DISPATCH ODISHA BRANCH,5,Y
758085,CUTTACK,ORISSA,BHUBANESHWAR,W58,IP DISPATCH ODISHA BRANCH,5,Y
758086,CUTTACK,ORISSA,BHUBANESHWAR,W58,IP DISPATCH ODISHA BRANCH,5,Y
758087,CUTTACK,ORISSA,BHUBANESHWAR,W58,IP DISPATCH ODISHA BRANCH,5,Y
759014,CUTTACK,ORISSA,BHUBANESHWAR,W58,IP DISPATCH ODISHA BRANCH,4,Y
759015,CUTTACK,ORISSA,BHUBANESHWAR,W58,IP DISPATCH ODISHA BRANCH,4,Y
759016,CUTTACK,ORISSA,BHUBANESHWAR,W58,IP DISPATCH ODISHA BRANCH,4,Y
759019,CUTTACK,ORISSA,BHUBANESHWAR,W58,IP DISPATCH ODISHA BRANCH,4,Y
759021,CUTTACK,ORISSA,BHUBANESHWAR,W58,IP DISPATCH ODISHA BRANCH,4,Y
759022,CUTTACK,ORISSA,BHUBANESHWAR,W58,IP DISPATCH ODISHA BRANCH,4,Y
759023,CUTTACK,ORISSA,BHUBANESHWAR,W58,IP DISPATCH ODISHA BRANCH,4,Y
759024,CUTTACK,ORISSA,BHUBANESHWAR,W58,IP DISPATCH ODISHA BRANCH,4,Y
759025,CUTTACK,ORISSA,BHUBANESHWAR,W58,IP DISPATCH ODISHA BRANCH,4,Y
759026,CUTTACK,ORISSA,BHUBANESHWAR,W58,IP DISPATCH ODISHA BRANCH,4,Y
759027,CUTTACK,ORISSA,BHUBANESHWAR,W58,IP DISPATCH ODISHA BRANCH,4,Y
759028,CUTTACK,ORISSA,BHUBANESHWAR,W58,IP DISPATCH ODISHA BRANCH,4,Y
759029,CUTTACK,ORISSA,BHUBANESHWAR,W58,IP DISPATCH ODISHA BRANCH,4,Y
759039,CUTTACK,ORISSA,BHUBANESHWAR,W58,IP DISPATCH ODISHA BRANCH,4,Y
759040,CUTTACK,ORISSA,BHUBANESHWAR,W58,IP DISPATCH ODISHA BRANCH,4,Y
759102,CUTTACK,ORISSA,BHUBANESHWAR,W58,IP DISPATCH ODISHA BRANCH,4,Y
759118,CUTTACK,ORISSA,BHUBANESHWAR,W58,IP DISPATCH ODISHA BRANCH,4,Y
759120,CUTTACK,ORISSA,BHUBANESHWAR,W58,IP DISPATCH ODISHA BRANCH,4,Y
759130,CUTTACK,ORISSA,BHUBANESHWAR,W58,IP DISPATCH ODISHA BRANCH,4,Y
759146,CUTTACK,ORISSA,BHUBANESHWAR,W58,IP DISPATCH ODISHA BRANCH,4,Y
759149,CUTTACK,ORISSA,BHUBANESHWAR,W58,IP DISPATCH ODISHA BRANCH,4,Y
759150,CUTTACK,ORISSA,BHUBANESHWAR,W58,IP DISPATCH ODISHA BRANCH,4,Y
759151,CUTTACK,ORISSA,BHUBANESHWAR,W58,IP DISPATCH ODISHA BRANCH,4,Y
760007,CUTTACK,ORISSA,BHUBANESHWAR,W58,IP DISPATCH ODISHA BRANCH,3,Y
760011,CUTTACK,ORISSA,BHUBANESHWAR,W58,IP DISPATCH ODISHA BRANCH,3,Y
761001,CUTTACK,ORISSA,BHUBANESHWAR,W58,IP DISPATCH ODISHA BRANCH,3,Y
761003,CUTTACK,ORISSA,BHUBANESHWAR,W58,IP DISPATCH ODISHA BRANCH,3,Y
761005,CUTTACK,ORISSA,BHUBANESHWAR,W58,IP DISPATCH ODISHA BRANCH,3,Y
761006,CUTTACK,ORISSA,BHUBANESHWAR,W58,IP DISPATCH ODISHA BRANCH,3,Y
761009,CUTTACK,ORISSA,BHUBANESHWAR,W58,IP DISPATCH ODISHA BRANCH,3,Y
761011,CUTTACK,ORISSA,BHUBANESHWAR,W58,IP DISPATCH ODISHA BRANCH,3,Y
761014,CUTTACK,ORISSA,BHUBANESHWAR,W58,IP DISPATCH ODISHA BRANCH,3,Y
761016,CUTTACK,ORISSA,BHUBANESHWAR,W58,IP DISPATCH ODISHA BRANCH,4,Y
761017,CUTTACK,ORISSA,BHUBANESHWAR,W58,IP DISPATCH ODISHA BRANCH,4,Y
761025,CUTTACK,ORISSA,BHUBANESHWAR,W58,IP DISPATCH ODISHA BRANCH,3,Y
761026,CUTTACK,ORISSA,BHUBANESHWAR,W58,IP DISPATCH ODISHA BRANCH,3,Y
761028,CUTTACK,ORISSA,BHUBANESHWAR,W58,IP DISPATCH ODISHA BRANCH,3,Y
761037,CUTTACK,ORISSA,BHUBANESHWAR,W58,IP DISPATCH ODISHA BRANCH,3,Y
761052,CUTTACK,ORISSA,BHUBANESHWAR,W58,IP DISPATCH ODISHA BRANCH,3,Y
761055,CUTTACK,ORISSA,BHUBANESHWAR,W58,IP DISPATCH ODISHA BRANCH,3,Y
761107,CUTTACK,ORISSA,BHUBANESHWAR,W58,IP DISPATCH ODISHA BRANCH,3,Y
761108,CUTTACK,ORISSA,BHUBANESHWAR,W58,IP DISPATCH ODISHA BRANCH,3,Y
761109,CUTTACK,ORISSA,BHUBANESHWAR,W58,IP DISPATCH ODISHA BRANCH,3,Y
761111,CUTTACK,ORISSA,BHUBANESHWAR,W58,IP DISPATCH ODISHA BRANCH,3,Y
761114,CUTTACK,ORISSA,BHUBANESHWAR,W58,IP DISPATCH ODISHA BRANCH,3,Y
761115,CUTTACK,ORISSA,BHUBANESHWAR,W58,IP DISPATCH ODISHA BRANCH,3,Y
761119,CUTTACK,ORISSA,BHUBANESHWAR,W58,IP DISPATCH ODISHA BRANCH,3,Y
761120,CUTTACK,ORISSA,BHUBANESHWAR,W58,IP DISPATCH ODISHA BRANCH,3,Y
761122,CUTTACK,ORISSA,BHUBANESHWAR,W58,IP DISPATCH ODISHA BRANCH,3,Y
761123,CUTTACK,ORISSA,BHUBANESHWAR,W58,IP DISPATCH ODISHA BRANCH,3,Y
761124,CUTTACK,ORISSA,BHUBANESHWAR,W58,IP DISPATCH ODISHA BRANCH,3,Y
761125,CUTTACK,ORISSA,BHUBANESHWAR,W58,IP DISPATCH ODISHA BRANCH,3,Y
761131,CUTTACK,ORISSA,BHUBANESHWAR,W58,IP DISPATCH ODISHA BRANCH,3,Y
761132,CUTTACK,ORISSA,BHUBANESHWAR,W58,IP DISPATCH ODISHA BRANCH,3,Y
761133,CUTTACK,ORISSA,BHUBANESHWAR,W58,IP DISPATCH ODISHA BRANCH,3,Y
761140,CUTTACK,ORISSA,BHUBANESHWAR,W58,IP DISPATCH ODISHA BRANCH,3,Y
761141,CUTTACK,ORISSA,BHUBANESHWAR,W58,IP DISPATCH ODISHA BRANCH,3,Y
761151,CUTTACK,ORISSA,BHUBANESHWAR,W58,IP DISPATCH ODISHA BRANCH,4,Y
761201,CUTTACK,ORISSA,BHUBANESHWAR,W58,IP DISPATCH ODISHA BRANCH,3,Y
761206,CUTTACK,ORISSA,BHUBANESHWAR,W58,IP DISPATCH ODISHA BRANCH,4,Y
761207,CUTTACK,ORISSA,BHUBANESHWAR,W58,IP DISPATCH ODISHA BRANCH,3,Y
761208,CUTTACK,ORISSA,BHUBANESHWAR,W58,IP DISPATCH ODISHA BRANCH,3,Y
761209,CUTTACK,ORISSA,BHUBANESHWAR,W58,IP DISPATCH ODISHA BRANCH,3,Y
761210,CUTTACK,ORISSA,BHUBANESHWAR,W58,IP DISPATCH ODISHA BRANCH,3,Y
761212,CUTTACK,ORISSA,BHUBANESHWAR,W58,IP DISPATCH ODISHA BRANCH,4,Y
761213,CUTTACK,ORISSA,BHUBANESHWAR,W58,IP DISPATCH ODISHA BRANCH,4,Y
761214,CUTTACK,ORISSA,BHUBANESHWAR,W58,IP DISPATCH ODISHA BRANCH,4,Y
761215,CUTTACK,ORISSA,BHUBANESHWAR,W58,IP DISPATCH ODISHA BRANCH,3,Y
761217,CUTTACK,ORISSA,BHUBANESHWAR,W58,IP DISPATCH ODISHA BRANCH,4,Y
762002,CUTTACK,ORISSA,BHUBANESHWAR,W58,IP DISPATCH ODISHA BRANCH,4,Y
762010,CUTTACK,ORISSA,BHUBANESHWAR,W58,IP DISPATCH ODISHA BRANCH,4,Y
762011,CUTTACK,ORISSA,BHUBANESHWAR,W58,IP DISPATCH ODISHA BRANCH,4,Y
762012,CUTTACK,ORISSA,BHUBANESHWAR,W58,IP DISPATCH ODISHA BRANCH,4,Y
762013,CUTTACK,ORISSA,BHUBANESHWAR,W58,IP DISPATCH ODISHA BRANCH,4,Y
762015,CUTTACK,ORISSA,BHUBANESHWAR,W58,IP DISPATCH ODISHA BRANCH,4,Y
762016,CUTTACK,ORISSA,BHUBANESHWAR,W58,IP DISPATCH ODISHA BRANCH,4,Y
762017,CUTTACK,ORISSA,BHUBANESHWAR,W58,IP DISPATCH ODISHA BRANCH,4,Y
762018,CUTTACK,ORISSA,BHUBANESHWAR,W58,IP DISPATCH ODISHA BRANCH,4,Y
762019,CUTTACK,ORISSA,BHUBANESHWAR,W58,IP DISPATCH ODISHA BRANCH,4,Y
762020,CUTTACK,ORISSA,BHUBANESHWAR,W58,IP DISPATCH ODISHA BRANCH,4,Y
762021,CUTTACK,ORISSA,BHUBANESHWAR,W58,IP DISPATCH ODISHA BRANCH,4,Y
762022,CUTTACK,ORISSA,BHUBANESHWAR,W58,IP DISPATCH ODISHA BRANCH,4,Y
762024,CUTTACK,ORISSA,BHUBANESHWAR,W58,IP DISPATCH ODISHA BRANCH,4,Y
762026,CUTTACK,ORISSA,BHUBANESHWAR,W58,IP DISPATCH ODISHA BRANCH,4,Y
762027,CUTTACK,ORISSA,BHUBANESHWAR,W58,IP DISPATCH ODISHA BRANCH,4,Y
762028,CUTTACK,ORISSA,BHUBANESHWAR,W58,IP DISPATCH ODISHA BRANCH,4,Y
762029,CUTTACK,ORISSA,BHUBANESHWAR,W58,IP DISPATCH ODISHA BRANCH,4,Y
762030,CUTTACK,ORISSA,BHUBANESHWAR,W58,IP DISPATCH ODISHA BRANCH,4,Y
762100,CUTTACK,ORISSA,BHUBANESHWAR,W58,IP DISPATCH ODISHA BRANCH,4,Y
762101,CUTTACK,ORISSA,BHUBANESHWAR,W58,IP DISPATCH ODISHA BRANCH,4,Y
762102,CUTTACK,ORISSA,BHUBANESHWAR,W58,IP DISPATCH ODISHA BRANCH,4,Y
762103,CUTTACK,ORISSA,BHUBANESHWAR,W58,IP DISPATCH ODISHA BRANCH,4,Y
762104,CUTTACK,ORISSA,BHUBANESHWAR,W58,IP DISPATCH ODISHA BRANCH,4,Y
762105,CUTTACK,ORISSA,BHUBANESHWAR,W58,IP DISPATCH ODISHA BRANCH,4,Y
762106,CUTTACK,ORISSA,BHUBANESHWAR,W58,IP DISPATCH ODISHA BRANCH,4,Y
762107,CUTTACK,ORISSA,BHUBANESHWAR,W58,IP DISPATCH ODISHA BRANCH,4,Y
762109,CUTTACK,ORISSA,BHUBANESHWAR,W58,IP DISPATCH ODISHA BRANCH,4,Y
762110,CUTTACK,ORISSA,BHUBANESHWAR,W58,IP DISPATCH ODISHA BRANCH,4,Y
762112,CUTTACK,ORISSA,BHUBANESHWAR,W58,IP DISPATCH ODISHA BRANCH,4,Y
763004,CUTTACK,ORISSA,BHUBANESHWAR,W58,IP DISPATCH ODISHA BRANCH,4,Y
764002,CUTTACK,ORISSA,BHUBANESHWAR,W58,IP DISPATCH ODISHA BRANCH,4,Y
764004,CUTTACK,ORISSA,BHUBANESHWAR,W58,IP DISPATCH ODISHA BRANCH,4,Y
764005,CUTTACK,ORISSA,BHUBANESHWAR,W58,IP DISPATCH ODISHA BRANCH,4,Y
764006,CUTTACK,ORISSA,BHUBANESHWAR,W58,IP DISPATCH ODISHA BRANCH,4,Y
764011,CUTTACK,ORISSA,BHUBANESHWAR,W58,IP DISPATCH ODISHA BRANCH,4,Y
764014,CUTTACK,ORISSA,BHUBANESHWAR,W58,IP DISPATCH ODISHA BRANCH,4,Y
764027,CUTTACK,ORISSA,BHUBANESHWAR,W58,IP DISPATCH ODISHA BRANCH,4,Y
764028,CUTTACK,ORISSA,BHUBANESHWAR,W58,IP DISPATCH ODISHA BRANCH,4,Y
764038,CUTTACK,ORISSA,BHUBANESHWAR,W58,IP DISPATCH ODISHA BRANCH,4,Y
764040,CUTTACK,ORISSA,BHUBANESHWAR,W58,IP DISPATCH ODISHA BRANCH,4,Y
764041,CUTTACK,ORISSA,BHUBANESHWAR,W58,IP DISPATCH ODISHA BRANCH,5,Y
764042,CUTTACK,ORISSA,BHUBANESHWAR,W58,IP DISPATCH ODISHA BRANCH,4,Y
764043,CUTTACK,ORISSA,BHUBANESHWAR,W58,IP DISPATCH ODISHA BRANCH,4,Y
764044,CUTTACK,ORISSA,BHUBANESHWAR,W58,IP DISPATCH ODISHA BRANCH,5,Y
764046,CUTTACK,ORISSA,BHUBANESHWAR,W58,IP DISPATCH ODISHA BRANCH,4,Y
764051,CUTTACK,ORISSA,BHUBANESHWAR,W58,IP DISPATCH ODISHA BRANCH,4,Y
764052,CUTTACK,ORISSA,BHUBANESHWAR,W58,IP DISPATCH ODISHA BRANCH,4,Y
764055,CUTTACK,ORISSA,BHUBANESHWAR,W58,IP DISPATCH ODISHA BRANCH,4,Y
764057,CUTTACK,ORISSA,BHUBANESHWAR,W58,IP DISPATCH ODISHA BRANCH,4,Y
764062,CUTTACK,ORISSA,BHUBANESHWAR,W58,IP DISPATCH ODISHA BRANCH,5,Y
764063,CUTTACK,ORISSA,BHUBANESHWAR,W58,IP DISPATCH ODISHA BRANCH,5,Y
764072,CUTTACK,ORISSA,BHUBANESHWAR,W58,IP DISPATCH ODISHA BRANCH,4,Y
764075,CUTTACK,ORISSA,BHUBANESHWAR,W58,IP DISPATCH ODISHA BRANCH,5,Y
764077,CUTTACK,ORISSA,BHUBANESHWAR,W58,IP DISPATCH ODISHA BRANCH,4,Y
764081,CUTTACK,ORISSA,BHUBANESHWAR,W58,IP DISPATCH ODISHA BRANCH,5,Y
764085,CUTTACK,ORISSA,BHUBANESHWAR,W58,IP DISPATCH ODISHA BRANCH,5,Y
764088,CUTTACK,ORISSA,BHUBANESHWAR,W58,IP DISPATCH ODISHA BRANCH,5,Y
765010,CUTTACK,ORISSA,BHUBANESHWAR,W58,IP DISPATCH ODISHA BRANCH,5,Y
765011,CUTTACK,ORISSA,BHUBANESHWAR,W58,IP DISPATCH ODISHA BRANCH,5,Y
765013,CUTTACK,ORISSA,BHUBANESHWAR,W58,IP DISPATCH ODISHA BRANCH,4,Y
765016,CUTTACK,ORISSA,BHUBANESHWAR,W58,IP DISPATCH ODISHA BRANCH,5,Y
765021,CUTTACK,ORISSA,BHUBANESHWAR,W58,IP DISPATCH ODISHA BRANCH,5,Y
765023,CUTTACK,ORISSA,BHUBANESHWAR,W58,IP DISPATCH ODISHA BRANCH,5,Y
765024,CUTTACK,ORISSA,BHUBANESHWAR,W58,IP DISPATCH ODISHA BRANCH,5,Y
765025,CUTTACK,ORISSA,BHUBANESHWAR,W58,IP DISPATCH ODISHA BRANCH,5,Y
765026,CUTTACK,ORISSA,BHUBANESHWAR,W58,IP DISPATCH ODISHA BRANCH,5,Y
765029,CUTTACK,ORISSA,BHUBANESHWAR,W58,IP DISPATCH ODISHA BRANCH,5,Y
765033,CUTTACK,ORISSA,BHUBANESHWAR,W58,IP DISPATCH ODISHA BRANCH,5,Y
765034,CUTTACK,ORISSA,BHUBANESHWAR,W58,IP DISPATCH ODISHA BRANCH,5,Y
766002,CUTTACK,ORISSA,BHUBANESHWAR,W58,IP DISPATCH ODISHA BRANCH,4,Y
766003,CUTTACK,ORISSA,BHUBANESHWAR,W58,IP DISPATCH ODISHA BRANCH,4,Y
766011,CUTTACK,ORISSA,BHUBANESHWAR,W58,IP DISPATCH ODISHA BRANCH,4,Y
766016,CUTTACK,ORISSA,BHUBANESHWAR,W58,IP DISPATCH ODISHA BRANCH,4,Y
766018,CUTTACK,ORISSA,BHUBANESHWAR,W58,IP DISPATCH ODISHA BRANCH,4,Y
766020,CUTTACK,ORISSA,BHUBANESHWAR,W58,IP DISPATCH ODISHA BRANCH,4,Y
766023,CUTTACK,ORISSA,BHUBANESHWAR,W58,IP DISPATCH ODISHA BRANCH,4,Y
766026,CUTTACK,ORISSA,BHUBANESHWAR,W58,IP DISPATCH ODISHA BRANCH,4,Y
766029,CUTTACK,ORISSA,BHUBANESHWAR,W58,IP DISPATCH ODISHA BRANCH,4,Y
766031,CUTTACK,ORISSA,BHUBANESHWAR,W58,IP DISPATCH ODISHA BRANCH,4,Y
766032,CUTTACK,ORISSA,BHUBANESHWAR,W58,IP DISPATCH ODISHA BRANCH,4,Y
766036,CUTTACK,ORISSA,BHUBANESHWAR,W58,IP DISPATCH ODISHA BRANCH,4,Y
766037,CUTTACK,ORISSA,BHUBANESHWAR,W58,IP DISPATCH ODISHA BRANCH,4,Y
766100,CUTTACK,ORISSA,BHUBANESHWAR,W58,IP DISPATCH ODISHA BRANCH,4,Y
766101,CUTTACK,ORISSA,BHUBANESHWAR,W58,IP DISPATCH ODISHA BRANCH,4,Y
766102,CUTTACK,ORISSA,BHUBANESHWAR,W58,IP DISPATCH ODISHA BRANCH,4,Y
766104,CUTTACK,ORISSA,BHUBANESHWAR,W58,IP DISPATCH ODISHA BRANCH,4,Y
766106,CUTTACK,ORISSA,BHUBANESHWAR,W58,IP DISPATCH ODISHA BRANCH,4,Y
766108,CUTTACK,ORISSA,BHUBANESHWAR,W58,IP DISPATCH ODISHA BRANCH,4,Y
766110,CUTTACK,ORISSA,BHUBANESHWAR,W58,IP DISPATCH ODISHA BRANCH,4,Y
766111,CUTTACK,ORISSA,BHUBANESHWAR,W58,IP DISPATCH ODISHA BRANCH,4,Y
766118,CUTTACK,ORISSA,BHUBANESHWAR,W58,IP DISPATCH ODISHA BRANCH,4,Y
767016,CUTTACK,ORISSA,BHUBANESHWAR,W58,IP DISPATCH ODISHA BRANCH,4,Y
767020,CUTTACK,ORISSA,BHUBANESHWAR,W58,IP DISPATCH ODISHA BRANCH,4,Y
767021,CUTTACK,ORISSA,BHUBANESHWAR,W58,IP DISPATCH ODISHA BRANCH,3,Y
767022,CUTTACK,ORISSA,BHUBANESHWAR,W58,IP DISPATCH ODISHA BRANCH,4,Y
767023,CUTTACK,ORISSA,BHUBANESHWAR,W58,IP DISPATCH ODISHA BRANCH,4,Y
767024,CUTTACK,ORISSA,BHUBANESHWAR,W58,IP DISPATCH ODISHA BRANCH,3,Y
767027,CUTTACK,ORISSA,BHUBANESHWAR,W58,IP DISPATCH ODISHA BRANCH,4,Y
767028,CUTTACK,ORISSA,BHUBANESHWAR,W58,IP DISPATCH ODISHA BRANCH,4,Y
767029,CUTTACK,ORISSA,BHUBANESHWAR,W58,IP DISPATCH ODISHA BRANCH,4,Y
767037,CUTTACK,ORISSA,BHUBANESHWAR,W58,IP DISPATCH ODISHA BRANCH,4,Y
767038,CUTTACK,ORISSA,BHUBANESHWAR,W58,IP DISPATCH ODISHA BRANCH,4,Y
767040,CUTTACK,ORISSA,BHUBANESHWAR,W58,IP DISPATCH ODISHA BRANCH,4,Y
767041,CUTTACK,ORISSA,BHUBANESHWAR,W58,IP DISPATCH ODISHA BRANCH,4,Y
767045,CUTTACK,ORISSA,BHUBANESHWAR,W58,IP DISPATCH ODISHA BRANCH,4,Y
767046,CUTTACK,ORISSA,BHUBANESHWAR,W58,IP DISPATCH ODISHA BRANCH,3,Y
767048,CUTTACK,ORISSA,BHUBANESHWAR,W58,IP DISPATCH ODISHA BRANCH,3,Y
767060,CUTTACK,ORISSA,BHUBANESHWAR,W58,IP DISPATCH ODISHA BRANCH,4,Y
767061,CUTTACK,ORISSA,BHUBANESHWAR,W58,IP DISPATCH ODISHA BRANCH,4,Y
767062,CUTTACK,ORISSA,BHUBANESHWAR,W58,IP DISPATCH ODISHA BRANCH,4,Y
767065,CUTTACK,ORISSA,BHUBANESHWAR,W58,IP DISPATCH ODISHA BRANCH,3,Y
767067,CUTTACK,ORISSA,BHUBANESHWAR,W58,IP DISPATCH ODISHA BRANCH,4,Y
767068,CUTTACK,ORISSA,BHUBANESHWAR,W58,IP DISPATCH ODISHA BRANCH,4,Y
767071,CUTTACK,ORISSA,BHUBANESHWAR,W58,IP DISPATCH ODISHA BRANCH,4,Y
768006,CUTTACK,ORISSA,BHUBANESHWAR,W58,IP DISPATCH ODISHA BRANCH,3,Y
768007,CUTTACK,ORISSA,BHUBANESHWAR,W58,IP DISPATCH ODISHA BRANCH,3,Y
768024,CUTTACK,ORISSA,BHUBANESHWAR,W58,IP DISPATCH ODISHA BRANCH,3,Y
768031,CUTTACK,ORISSA,BHUBANESHWAR,W58,IP DISPATCH ODISHA BRANCH,3,Y
768032,CUTTACK,ORISSA,BHUBANESHWAR,W58,IP DISPATCH ODISHA BRANCH,4,Y
768034,CUTTACK,ORISSA,BHUBANESHWAR,W58,IP DISPATCH ODISHA BRANCH,4,Y
768035,CUTTACK,ORISSA,BHUBANESHWAR,W58,IP DISPATCH ODISHA BRANCH,4,Y
768037,CUTTACK,ORISSA,BHUBANESHWAR,W58,IP DISPATCH ODISHA BRANCH,4,Y
768039,CUTTACK,ORISSA,BHUBANESHWAR,W58,IP DISPATCH ODISHA BRANCH,4,Y
768040,CUTTACK,ORISSA,BHUBANESHWAR,W58,IP DISPATCH ODISHA BRANCH,4,Y
768042,CUTTACK,ORISSA,BHUBANESHWAR,W58,IP DISPATCH ODISHA BRANCH,4,Y
768045,CUTTACK,ORISSA,BHUBANESHWAR,W58,IP DISPATCH ODISHA BRANCH,4,Y
768048,CUTTACK,ORISSA,BHUBANESHWAR,W58,IP DISPATCH ODISHA BRANCH,4,Y
768049,CUTTACK,ORISSA,BHUBANESHWAR,W58,IP DISPATCH ODISHA BRANCH,4,Y
768050,CUTTACK,ORISSA,BHUBANESHWAR,W58,IP DISPATCH ODISHA BRANCH,3,Y
768052,CUTTACK,ORISSA,BHUBANESHWAR,W58,IP DISPATCH ODISHA BRANCH,4,Y
768053,CUTTACK,ORISSA,BHUBANESHWAR,W58,IP DISPATCH ODISHA BRANCH,3,Y
768102,CUTTACK,ORISSA,BHUBANESHWAR,W58,IP DISPATCH ODISHA BRANCH,3,Y
768103,CUTTACK,ORISSA,BHUBANESHWAR,W58,IP DISPATCH ODISHA BRANCH,4,Y
768104,CUTTACK,ORISSA,BHUBANESHWAR,W58,IP DISPATCH ODISHA BRANCH,4,Y
768105,CUTTACK,ORISSA,BHUBANESHWAR,W58,IP DISPATCH ODISHA BRANCH,4,Y
768107,CUTTACK,ORISSA,BHUBANESHWAR,W58,IP DISPATCH ODISHA BRANCH,4,Y
768109,CUTTACK,ORISSA,BHUBANESHWAR,W58,IP DISPATCH ODISHA BRANCH,3,Y
768110,CUTTACK,ORISSA,BHUBANESHWAR,W58,IP DISPATCH ODISHA BRANCH,4,Y
768111,CUTTACK,ORISSA,BHUBANESHWAR,W58,IP DISPATCH ODISHA BRANCH,3,Y
768112,CUTTACK,ORISSA,BHUBANESHWAR,W58,IP DISPATCH ODISHA BRANCH,3,Y
768113,CUTTACK,ORISSA,BHUBANESHWAR,W58,IP DISPATCH ODISHA BRANCH,3,Y
768115,CUTTACK,ORISSA,BHUBANESHWAR,W58,IP DISPATCH ODISHA BRANCH,3,Y
768118,CUTTACK,ORISSA,BHUBANESHWAR,W58,IP DISPATCH ODISHA BRANCH,3,Y
768119,CUTTACK,ORISSA,BHUBANESHWAR,W58,IP DISPATCH ODISHA BRANCH,4,Y
768121,CUTTACK,ORISSA,BHUBANESHWAR,W58,IP DISPATCH ODISHA BRANCH,4,Y
768200,CUTTACK,ORISSA,BHUBANESHWAR,W58,IP DISPATCH ODISHA BRANCH,3,Y
768210,CUTTACK,ORISSA,BHUBANESHWAR,W58,IP DISPATCH ODISHA BRANCH,3,Y
768213,CUTTACK,ORISSA,BHUBANESHWAR,W58,IP DISPATCH ODISHA BRANCH,3,Y
768214,CUTTACK,ORISSA,BHUBANESHWAR,W58,IP DISPATCH ODISHA BRANCH,3,Y
768215,CUTTACK,ORISSA,BHUBANESHWAR,W58,IP DISPATCH ODISHA BRANCH,3,Y
768219,CUTTACK,ORISSA,BHUBANESHWAR,W58,IP DISPATCH ODISHA BRANCH,4,Y
768220,CUTTACK,ORISSA,BHUBANESHWAR,W58,IP DISPATCH ODISHA BRANCH,3,Y
768225,CUTTACK,ORISSA,BHUBANESHWAR,W58,IP DISPATCH ODISHA BRANCH,3,Y
768226,CUTTACK,ORISSA,BHUBANESHWAR,W58,IP DISPATCH ODISHA BRANCH,4,Y
768227,CUTTACK,ORISSA,BHUBANESHWAR,W58,IP DISPATCH ODISHA BRANCH,3,Y
768233,CUTTACK,ORISSA,BHUBANESHWAR,W58,IP DISPATCH ODISHA BRANCH,3,Y
770011,CUTTACK,ORISSA,BHUBANESHWAR,W58,IP DISPATCH ODISHA BRANCH,3,Y
770012,CUTTACK,ORISSA,BHUBANESHWAR,W58,IP DISPATCH ODISHA BRANCH,3,Y
770013,CUTTACK,ORISSA,BHUBANESHWAR,W58,IP DISPATCH ODISHA BRANCH,4,Y
770014,CUTTACK,ORISSA,BHUBANESHWAR,W58,IP DISPATCH ODISHA BRANCH,3,Y
770015,CUTTACK,ORISSA,BHUBANESHWAR,W58,IP DISPATCH ODISHA BRANCH,4,Y
770019,CUTTACK,ORISSA,BHUBANESHWAR,W58,IP DISPATCH ODISHA BRANCH,3,Y
770020,CUTTACK,ORISSA,BHUBANESHWAR,W58,IP DISPATCH ODISHA BRANCH,3,Y
770021,CUTTACK,ORISSA,BHUBANESHWAR,W58,IP DISPATCH ODISHA BRANCH,4,Y
770024,CUTTACK,ORISSA,BHUBANESHWAR,W58,IP DISPATCH ODISHA BRANCH,4,Y
770025,CUTTACK,ORISSA,BHUBANESHWAR,W58,IP DISPATCH ODISHA BRANCH,4,Y
770036,CUTTACK,ORISSA,BHUBANESHWAR,W58,IP DISPATCH ODISHA BRANCH,3,Y
770037,CUTTACK,ORISSA,BHUBANESHWAR,W58,IP DISPATCH ODISHA BRANCH,3,Y
770040,CUTTACK,ORISSA,BHUBANESHWAR,W58,IP DISPATCH ODISHA BRANCH,3,Y
770041,CUTTACK,ORISSA,BHUBANESHWAR,W58,IP DISPATCH ODISHA BRANCH,4,Y
770042,CUTTACK,ORISSA,BHUBANESHWAR,W58,IP DISPATCH ODISHA BRANCH,4,Y
770043,CUTTACK,ORISSA,BHUBANESHWAR,W58,IP DISPATCH ODISHA BRANCH,4,Y
770044,CUTTACK,ORISSA,BHUBANESHWAR,W58,IP DISPATCH ODISHA BRANCH,4,Y
770048,CUTTACK,ORISSA,BHUBANESHWAR,W58,IP DISPATCH ODISHA BRANCH,3,Y
770051,CUTTACK,ORISSA,BHUBANESHWAR,W58,IP DISPATCH ODISHA BRANCH,4,Y
770052,CUTTACK,ORISSA,BHUBANESHWAR,W58,IP DISPATCH ODISHA BRANCH,4,Y
770073,CUTTACK,ORISSA,BHUBANESHWAR,W58,IP DISPATCH ODISHA BRANCH,3,Y
770074,CUTTACK,ORISSA,BHUBANESHWAR,W58,IP DISPATCH ODISHA BRANCH,4,Y
770075,CUTTACK,ORISSA,BHUBANESHWAR,W58,IP DISPATCH ODISHA BRANCH,4,Y
770076,CUTTACK,ORISSA,BHUBANESHWAR,W58,IP DISPATCH ODISHA BRANCH,4,Y
781320,GUWAHATI,ASSAM,GUWAHATI SUPER FRANCHISEE,X46,IP DISPATCH GUWAHATI BRANCH,5,Y
781321,GUWAHATI,ASSAM,GUWAHATI SUPER FRANCHISEE,X46,IP DISPATCH GUWAHATI BRANCH,5,Y
781327,GUWAHATI,ASSAM,GUWAHATI SUPER FRANCHISEE,X46,IP DISPATCH GUWAHATI BRANCH,5,Y
781329,GUWAHATI,ASSAM,GUWAHATI SUPER FRANCHISEE,X46,IP DISPATCH GUWAHATI BRANCH,5,Y
781330,GUWAHATI,ASSAM,GUWAHATI SUPER FRANCHISEE,X46,IP DISPATCH GUWAHATI BRANCH,5,Y
781344,GUWAHATI,ASSAM,GUWAHATI SUPER FRANCHISEE,X46,IP DISPATCH GUWAHATI BRANCH,5,Y
781364,GUWAHATI,ASSAM,GUWAHATI SUPER FRANCHISEE,X46,IP DISPATCH GUWAHATI BRANCH,5,Y
781377,GUWAHATI,ASSAM,GUWAHATI SUPER FRANCHISEE,X46,IP DISPATCH GUWAHATI BRANCH,5,Y
783132,GUWAHATI,ASSAM,GUWAHATI SUPER FRANCHISEE,X46,IP DISPATCH GUWAHATI BRANCH,5,Y
783330,GUWAHATI,ASSAM,GUWAHATI SUPER FRANCHISEE,X46,IP DISPATCH GUWAHATI BRANCH,5,Y
783333,GUWAHATI,ASSAM,GUWAHATI SUPER FRANCHISEE,X46,IP DISPATCH GUWAHATI BRANCH,6,Y
783350,GUWAHATI,ASSAM,GUWAHATI SUPER FRANCHISEE,X46,IP DISPATCH GUWAHATI BRANCH,5,Y
783375,GUWAHATI,ASSAM,GUWAHATI SUPER FRANCHISEE,X46,IP DISPATCH GUWAHATI BRANCH,6,Y
783389,GUWAHATI,ASSAM,GUWAHATI SUPER FRANCHISEE,X46,IP DISPATCH GUWAHATI BRANCH,5,Y
783393,GUWAHATI,ASSAM,GUWAHATI SUPER FRANCHISEE,X46,IP DISPATCH GUWAHATI BRANCH,5,Y
783394,GUWAHATI,ASSAM,GUWAHATI SUPER FRANCHISEE,X46,IP DISPATCH GUWAHATI BRANCH,5,Y
785111,GUWAHATI,ASSAM,GUWAHATI SUPER FRANCHISEE,X46,IP DISPATCH GUWAHATI BRANCH,5,Y
785603,GUWAHATI,ASSAM,GUWAHATI SUPER FRANCHISEE,X46,IP DISPATCH GUWAHATI BRANCH,5,Y
785609,GUWAHATI,ASSAM,GUWAHATI SUPER FRANCHISEE,X46,IP DISPATCH GUWAHATI BRANCH,5,Y
785613,GUWAHATI,ASSAM,GUWAHATI SUPER FRANCHISEE,X46,IP DISPATCH GUWAHATI BRANCH,5,Y
785618,GUWAHATI,ASSAM,GUWAHATI SUPER FRANCHISEE,X46,IP DISPATCH GUWAHATI BRANCH,5,Y
785625,GUWAHATI,ASSAM,GUWAHATI SUPER FRANCHISEE,X46,IP DISPATCH GUWAHATI BRANCH,5,Y
785626,GUWAHATI,ASSAM,GUWAHATI SUPER FRANCHISEE,X46,IP DISPATCH GUWAHATI BRANCH,5,Y
785631,GUWAHATI,ASSAM,GUWAHATI SUPER FRANCHISEE,X46,IP DISPATCH GUWAHATI BRANCH,5,Y
785632,GUWAHATI,ASSAM,GUWAHATI SUPER FRANCHISEE,X46,IP DISPATCH GUWAHATI BRANCH,5,Y
785633,GUWAHATI,ASSAM,GUWAHATI SUPER FRANCHISEE,X46,IP DISPATCH GUWAHATI BRANCH,5,Y
785635,GUWAHATI,ASSAM,GUWAHATI SUPER FRANCHISEE,X46,IP DISPATCH GUWAHATI BRANCH,5,Y
785636,GUWAHATI,ASSAM,GUWAHATI SUPER FRANCHISEE,X46,IP DISPATCH GUWAHATI BRANCH,5,Y
785669,GUWAHATI,ASSAM,GUWAHATI SUPER FRANCHISEE,X46,IP DISPATCH GUWAHATI BRANCH,5,Y
785688,GUWAHATI,ASSAM,GUWAHATI SUPER FRANCHISEE,X46,IP DISPATCH GUWAHATI BRANCH,5,Y
785689,GUWAHATI,ASSAM,GUWAHATI SUPER FRANCHISEE,X46,IP DISPATCH GUWAHATI BRANCH,5,Y
785691,GUWAHATI,ASSAM,GUWAHATI SUPER FRANCHISEE,X46,IP DISPATCH GUWAHATI BRANCH,5,Y
785698,GUWAHATI,ASSAM,GUWAHATI SUPER FRANCHISEE,X46,IP DISPATCH GUWAHATI BRANCH,5,Y
785703,GUWAHATI,ASSAM,GUWAHATI SUPER FRANCHISEE,X46,IP DISPATCH GUWAHATI BRANCH,5,Y
785705,GUWAHATI,ASSAM,GUWAHATI SUPER FRANCHISEE,X46,IP DISPATCH GUWAHATI BRANCH,5,Y
800031,PATNA,BIHAR,PATNA,T92,IP DISPATCH PATNA BRANCH,2,Y
800032,PATNA,BIHAR,PATNA,T92,IP DISPATCH PATNA BRANCH,2,Y
800034,PATNA,BIHAR,PATNA,T92,IP DISPATCH PATNA BRANCH,2,Y
801102,PATNA,BIHAR,PATNA,T92,IP DISPATCH PATNA BRANCH,2,Y
801104,PATNA,BIHAR,PATNA,T92,IP DISPATCH PATNA BRANCH,2,Y
801105,PATNA,BIHAR,PATNA,T92,IP DISPATCH PATNA BRANCH,2,Y
801106,PATNA,BIHAR,PATNA,T92,IP DISPATCH PATNA BRANCH,2,Y
801107,PATNA,BIHAR,PATNA,T92,IP DISPATCH PATNA BRANCH,2,Y
801109,PATNA,BIHAR,PATNA,T92,IP DISPATCH PATNA BRANCH,2,Y
801110,PATNA,BIHAR,PATNA,T92,IP DISPATCH PATNA BRANCH,2,Y
801111,PATNA,BIHAR,PATNA,T92,IP DISPATCH PATNA BRANCH,2,Y
801112,PATNA,BIHAR,PATNA,T92,IP DISPATCH PATNA BRANCH,2,Y
801113,PATNA,BIHAR,PATNA,T92,IP DISPATCH PATNA BRANCH,2,Y
801301,PATNA,BIHAR,PATNA,T92,IP DISPATCH PATNA BRANCH,2,Y
801304,PATNA,BIHAR,PATNA,T92,IP DISPATCH PATNA BRANCH,2,Y
801305,PATNA,BIHAR,PATNA,T92,IP DISPATCH PATNA BRANCH,2,Y
801306,PATNA,BIHAR,PATNA,T92,IP DISPATCH PATNA BRANCH,2,Y
801307,PATNA,BIHAR,PATNA,T92,IP DISPATCH PATNA BRANCH,2,Y
801507,PATNA,BIHAR,PATNA,T92,IP DISPATCH PATNA BRANCH,2,Y
802102,PATNA,BIHAR,PATNA,T92,IP DISPATCH PATNA BRANCH,2,Y
802103,PATNA,BIHAR,PATNA,T92,IP DISPATCH PATNA BRANCH,2,Y
802111,PATNA,BIHAR,PATNA,T92,IP DISPATCH PATNA BRANCH,2,Y
802112,PATNA,BIHAR,PATNA,T92,IP DISPATCH PATNA BRANCH,2,Y
802113,PATNA,BIHAR,PATNA,T92,IP DISPATCH PATNA BRANCH,2,Y
802114,PATNA,BIHAR,PATNA,T92,IP DISPATCH PATNA BRANCH,2,Y
802115,PATNA,BIHAR,PATNA,T92,IP DISPATCH PATNA BRANCH,2,Y
802116,PATNA,BIHAR,PATNA,T92,IP DISPATCH PATNA BRANCH,2,Y
802117,PATNA,BIHAR,PATNA,T92,IP DISPATCH PATNA BRANCH,2,Y
802118,PATNA,BIHAR,PATNA,T92,IP DISPATCH PATNA BRANCH,2,Y
802120,PATNA,BIHAR,PATNA,T92,IP DISPATCH PATNA BRANCH,2,Y
802122,PATNA,BIHAR,PATNA,T92,IP DISPATCH PATNA BRANCH,2,Y
802123,PATNA,BIHAR,PATNA,T92,IP DISPATCH PATNA BRANCH,2,Y
802125,PATNA,BIHAR,PATNA,T92,IP DISPATCH PATNA BRANCH,2,Y
802126,PATNA,BIHAR,PATNA,T92,IP DISPATCH PATNA BRANCH,2,Y
802127,PATNA,BIHAR,PATNA,T92,IP DISPATCH PATNA BRANCH,2,Y
802128,PATNA,BIHAR,PATNA,T92,IP DISPATCH PATNA BRANCH,2,Y
802129,PATNA,BIHAR,PATNA,T92,IP DISPATCH PATNA BRANCH,2,Y
802130,PATNA,BIHAR,PATNA,T92,IP DISPATCH PATNA BRANCH,2,Y
802131,PATNA,BIHAR,PATNA,T92,IP DISPATCH PATNA BRANCH,2,Y
802132,PATNA,BIHAR,PATNA,T92,IP DISPATCH PATNA BRANCH,4,Y
802133,PATNA,BIHAR,PATNA,T92,IP DISPATCH PATNA BRANCH,2,Y
802134,PATNA,BIHAR,PATNA,T92,IP DISPATCH PATNA BRANCH,2,Y
802135,PATNA,BIHAR,PATNA,T92,IP DISPATCH PATNA BRANCH,2,Y
802136,PATNA,BIHAR,PATNA,T92,IP DISPATCH PATNA BRANCH,2,Y
802154,PATNA,BIHAR,PATNA,T92,IP DISPATCH PATNA BRANCH,2,Y
802155,PATNA,BIHAR,PATNA,T92,IP DISPATCH PATNA BRANCH,2,Y
802156,PATNA,BIHAR,PATNA,T92,IP DISPATCH PATNA BRANCH,2,Y
802157,PATNA,BIHAR,PATNA,T92,IP DISPATCH PATNA BRANCH,2,Y
802158,PATNA,BIHAR,PATNA,T92,IP DISPATCH PATNA BRANCH,2,Y
802159,PATNA,BIHAR,PATNA,T92,IP DISPATCH PATNA BRANCH,2,Y
802160,PATNA,BIHAR,PATNA,T92,IP DISPATCH PATNA BRANCH,2,Y
802161,PATNA,BIHAR,PATNA,T92,IP DISPATCH PATNA BRANCH,2,Y
802162,PATNA,BIHAR,PATNA,T92,IP DISPATCH PATNA BRANCH,2,Y
802163,PATNA,BIHAR,PATNA,T92,IP DISPATCH PATNA BRANCH,2,Y
802164,PATNA,BIHAR,PATNA,T92,IP DISPATCH PATNA BRANCH,2,Y
802165,PATNA,BIHAR,PATNA,T92,IP DISPATCH PATNA BRANCH,2,Y
802166,PATNA,BIHAR,PATNA,T92,IP DISPATCH PATNA BRANCH,2,Y
802183,PATNA,BIHAR,PATNA,T92,IP DISPATCH PATNA BRANCH,2,Y
802201,PATNA,BIHAR,PATNA,T92,IP DISPATCH PATNA BRANCH,2,Y
802202,PATNA,BIHAR,PATNA,T92,IP DISPATCH PATNA BRANCH,2,Y
802203,PATNA,BIHAR,PATNA,T92,IP DISPATCH PATNA BRANCH,2,Y
802204,PATNA,BIHAR,PATNA,T92,IP DISPATCH PATNA BRANCH,2,Y
802205,PATNA,BIHAR,PATNA,T92,IP DISPATCH PATNA BRANCH,2,Y
802206,PATNA,BIHAR,PATNA,T92,IP DISPATCH PATNA BRANCH,2,Y
802207,PATNA,BIHAR,PATNA,T92,IP DISPATCH PATNA BRANCH,2,Y
802208,PATNA,BIHAR,PATNA,T92,IP DISPATCH PATNA BRANCH,2,Y
802209,PATNA,BIHAR,PATNA,T92,IP DISPATCH PATNA BRANCH,2,Y
802210,PATNA,BIHAR,PATNA,T92,IP DISPATCH PATNA BRANCH,2,Y
802211,PATNA,BIHAR,PATNA,T92,IP DISPATCH PATNA BRANCH,3,Y
802213,PATNA,BIHAR,PATNA,T92,IP DISPATCH PATNA BRANCH,4,Y
802214,PATNA,BIHAR,PATNA,T92,IP DISPATCH PATNA BRANCH,4,Y
802215,PATNA,BIHAR,PATNA,T92,IP DISPATCH PATNA BRANCH,4,Y
802216,PATNA,BIHAR,PATNA,T92,IP DISPATCH PATNA BRANCH,3,Y
802217,PATNA,BIHAR,PATNA,T92,IP DISPATCH PATNA BRANCH,4,Y
802218,PATNA,BIHAR,PATNA,T92,IP DISPATCH PATNA BRANCH,4,Y
802219,PATNA,BIHAR,PATNA,T92,IP DISPATCH PATNA BRANCH,4,Y
802220,PATNA,BIHAR,PATNA,T92,IP DISPATCH PATNA BRANCH,3,Y
802221,PATNA,BIHAR,PATNA,T92,IP DISPATCH PATNA BRANCH,3,Y
802222,PATNA,BIHAR,PATNA,T92,IP DISPATCH PATNA BRANCH,2,Y
802223,PATNA,BIHAR,PATNA,T92,IP DISPATCH PATNA BRANCH,2,Y
802224,PATNA,BIHAR,PATNA,T92,IP DISPATCH PATNA BRANCH,2,Y
802226,PATNA,BIHAR,PATNA,T92,IP DISPATCH PATNA BRANCH,3,Y
802302,PATNA,BIHAR,PATNA,T92,IP DISPATCH PATNA BRANCH,2,Y
802311,PATNA,BIHAR,PATNA,T92,IP DISPATCH PATNA BRANCH,2,Y
802313,PATNA,BIHAR,PATNA,T92,IP DISPATCH PATNA BRANCH,2,Y
802314,PATNA,BIHAR,PATNA,T92,IP DISPATCH PATNA BRANCH,2,Y
802316,PATNA,BIHAR,PATNA,T92,IP DISPATCH PATNA BRANCH,2,Y
802351,PATNA,BIHAR,PATNA,T92,IP DISPATCH PATNA BRANCH,2,Y
802352,PATNA,BIHAR,PATNA,T92,IP DISPATCH PATNA BRANCH,2,Y
803107,PATNA,BIHAR,PATNA,T92,IP DISPATCH PATNA BRANCH,2,Y
803109,PATNA,BIHAR,PATNA,T92,IP DISPATCH PATNA BRANCH,2,Y
803110,PATNA,BIHAR,PATNA,T92,IP DISPATCH PATNA BRANCH,2,Y
803113,PATNA,BIHAR,PATNA,T92,IP DISPATCH PATNA BRANCH,2,Y
803114,PATNA,BIHAR,PATNA,T92,IP DISPATCH PATNA BRANCH,2,Y
803117,PATNA,BIHAR,PATNA,T92,IP DISPATCH PATNA BRANCH,2,Y
803119,PATNA,BIHAR,PATNA,T92,IP DISPATCH PATNA BRANCH,2,Y
803120,PATNA,BIHAR,PATNA,T92,IP DISPATCH PATNA BRANCH,2,Y
803121,PATNA,BIHAR,PATNA,T92,IP DISPATCH PATNA BRANCH,2,Y
803203,PATNA,BIHAR,PATNA,T92,IP DISPATCH PATNA BRANCH,2,Y
803211,PATNA,BIHAR,PATNA,T92,IP DISPATCH PATNA BRANCH,2,Y
803215,PATNA,BIHAR,PATNA,T92,IP DISPATCH PATNA BRANCH,2,Y
803216,PATNA,BIHAR,PATNA,T92,IP DISPATCH PATNA BRANCH,2,Y
803221,PATNA,BIHAR,PATNA,T92,IP DISPATCH PATNA BRANCH,2,Y
803301,PATNA,BIHAR,PATNA,T92,IP DISPATCH PATNA BRANCH,2,Y
803302,PATNA,BIHAR,PATNA,T92,IP DISPATCH PATNA BRANCH,2,Y
803303,PATNA,BIHAR,PATNA,T92,IP DISPATCH PATNA BRANCH,2,Y
803306,PATNA,BIHAR,PATNA,T92,IP DISPATCH PATNA BRANCH,2,Y
803307,PATNA,BIHAR,PATNA,T92,IP DISPATCH PATNA BRANCH,2,Y
804402,PATNA,BIHAR,PATNA,T92,IP DISPATCH PATNA BRANCH,3,Y
804403,PATNA,BIHAR,PATNA,T92,IP DISPATCH PATNA BRANCH,3,Y
804404,PATNA,BIHAR,PATNA,T92,IP DISPATCH PATNA BRANCH,3,Y
804405,PATNA,BIHAR,PATNA,T92,IP DISPATCH PATNA BRANCH,2,Y
804406,PATNA,BIHAR,PATNA,T92,IP DISPATCH PATNA BRANCH,3,Y
804407,PATNA,BIHAR,PATNA,T92,IP DISPATCH PATNA BRANCH,3,Y
804409,PATNA,BIHAR,PATNA,T92,IP DISPATCH PATNA BRANCH,3,Y
804417,PATNA,BIHAR,PATNA,T92,IP DISPATCH PATNA BRANCH,3,Y
804418,PATNA,BIHAR,PATNA,T92,IP DISPATCH PATNA BRANCH,3,Y
804419,PATNA,BIHAR,PATNA,T92,IP DISPATCH PATNA BRANCH,3,Y
804420,PATNA,BIHAR,PATNA,T92,IP DISPATCH PATNA BRANCH,3,Y
804421,PATNA,BIHAR,PATNA,T92,IP DISPATCH PATNA BRANCH,3,Y
804422,PATNA,BIHAR,PATNA,T92,IP DISPATCH PATNA BRANCH,3,Y
804423,PATNA,BIHAR,PATNA,T92,IP DISPATCH PATNA BRANCH,3,Y
804424,PATNA,BIHAR,PATNA,T92,IP DISPATCH PATNA BRANCH,3,Y
804425,PATNA,BIHAR,PATNA,T92,IP DISPATCH PATNA BRANCH,3,Y
804426,PATNA,BIHAR,PATNA,T92,IP DISPATCH PATNA BRANCH,3,Y
804427,PATNA,BIHAR,PATNA,T92,IP DISPATCH PATNA BRANCH,3,Y
804428,PATNA,BIHAR,PATNA,T92,IP DISPATCH PATNA BRANCH,3,Y
804429,PATNA,BIHAR,PATNA,T92,IP DISPATCH PATNA BRANCH,3,Y
804432,PATNA,BIHAR,PATNA,T92,IP DISPATCH PATNA BRANCH,2,Y
804435,PATNA,BIHAR,PATNA,T92,IP DISPATCH PATNA BRANCH,2,Y
804451,PATNA,BIHAR,PATNA,T92,IP DISPATCH PATNA BRANCH,2,Y
804452,PATNA,BIHAR,PATNA,T92,IP DISPATCH PATNA BRANCH,2,Y
805101,PATNA,BIHAR,PATNA,T92,IP DISPATCH PATNA BRANCH,2,Y
805102,PATNA,BIHAR,PATNA,T92,IP DISPATCH PATNA BRANCH,2,Y
805104,PATNA,BIHAR,PATNA,T92,IP DISPATCH PATNA BRANCH,2,Y
805105,PATNA,BIHAR,PATNA,T92,IP DISPATCH PATNA BRANCH,2,Y
805106,PATNA,BIHAR,PATNA,T92,IP DISPATCH PATNA BRANCH,2,Y
805107,PATNA,BIHAR,PATNA,T92,IP DISPATCH PATNA BRANCH,2,Y
805109,PATNA,BIHAR,PATNA,T92,IP DISPATCH PATNA BRANCH,2,Y
805111,PATNA,BIHAR,PATNA,T92,IP DISPATCH PATNA BRANCH,2,Y
805112,PATNA,BIHAR,PATNA,T92,IP DISPATCH PATNA BRANCH,2,Y
805113,PATNA,BIHAR,PATNA,T92,IP DISPATCH PATNA BRANCH,2,Y
805114,PATNA,BIHAR,PATNA,T92,IP DISPATCH PATNA BRANCH,2,Y
805121,PATNA,BIHAR,PATNA,T92,IP DISPATCH PATNA BRANCH,2,Y
805122,PATNA,BIHAR,PATNA,T92,IP DISPATCH PATNA BRANCH,2,Y
805123,PATNA,BIHAR,PATNA,T92,IP DISPATCH PATNA BRANCH,2,Y
805125,PATNA,BIHAR,PATNA,T92,IP DISPATCH PATNA BRANCH,2,Y
805126,PATNA,BIHAR,PATNA,T92,IP DISPATCH PATNA BRANCH,2,Y
805127,PATNA,BIHAR,PATNA,T92,IP DISPATCH PATNA BRANCH,2,Y
805128,PATNA,BIHAR,PATNA,T92,IP DISPATCH PATNA BRANCH,2,Y
805129,PATNA,BIHAR,PATNA,T92,IP DISPATCH PATNA BRANCH,2,Y
805130,PATNA,BIHAR,PATNA,T92,IP DISPATCH PATNA BRANCH,2,Y
805131,PATNA,BIHAR,PATNA,T92,IP DISPATCH PATNA BRANCH,2,Y
805132,PATNA,BIHAR,PATNA,T92,IP DISPATCH PATNA BRANCH,2,Y
805141,PATNA,BIHAR,PATNA,T92,IP DISPATCH PATNA BRANCH,2,Y
811102,PATNA,BIHAR,PATNA,T92,IP DISPATCH PATNA BRANCH,2,Y
811103,PATNA,BIHAR,PATNA,T92,IP DISPATCH PATNA BRANCH,2,Y
811104,PATNA,BIHAR,PATNA,T92,IP DISPATCH PATNA BRANCH,2,Y
811106,PATNA,BIHAR,PATNA,T92,IP DISPATCH PATNA BRANCH,2,Y
811107,PATNA,BIHAR,PATNA,T92,IP DISPATCH PATNA BRANCH,2,Y
811112,PATNA,BIHAR,PATNA,T92,IP DISPATCH PATNA BRANCH,2,Y
811211,PATNA,BIHAR,PATNA,T92,IP DISPATCH PATNA BRANCH,2,Y
811212,PATNA,BIHAR,PATNA,T92,IP DISPATCH PATNA BRANCH,2,Y
811301,PATNA,BIHAR,PATNA,T92,IP DISPATCH PATNA BRANCH,3,Y
811302,PATNA,BIHAR,PATNA,T92,IP DISPATCH PATNA BRANCH,2,Y
811303,PATNA,BIHAR,PATNA,T92,IP DISPATCH PATNA BRANCH,3,Y
811304,PATNA,BIHAR,PATNA,T92,IP DISPATCH PATNA BRANCH,2,Y
811305,PATNA,BIHAR,PATNA,T92,IP DISPATCH PATNA BRANCH,3,Y
811306,PATNA,BIHAR,PATNA,T92,IP DISPATCH PATNA BRANCH,2,Y
811309,PATNA,BIHAR,PATNA,T92,IP DISPATCH PATNA BRANCH,2,Y
811310,PATNA,BIHAR,PATNA,T92,IP DISPATCH PATNA BRANCH,2,Y
811312,PATNA,BIHAR,PATNA,T92,IP DISPATCH PATNA BRANCH,3,Y
811313,PATNA,BIHAR,PATNA,T92,IP DISPATCH PATNA BRANCH,3,Y
811314,PATNA,BIHAR,PATNA,T92,IP DISPATCH PATNA BRANCH,3,Y
811316,PATNA,BIHAR,PATNA,T92,IP DISPATCH PATNA BRANCH,3,Y
811317,PATNA,BIHAR,PATNA,T92,IP DISPATCH PATNA BRANCH,3,Y
813101,PATNA,BIHAR,PATNA,T92,IP DISPATCH PATNA BRANCH,3,Y
813103,PATNA,BIHAR,PATNA,T92,IP DISPATCH PATNA BRANCH,3,Y
813104,PATNA,BIHAR,PATNA,T92,IP DISPATCH PATNA BRANCH,3,Y
813105,PATNA,BIHAR,PATNA,T92,IP DISPATCH PATNA BRANCH,3,Y
813106,PATNA,BIHAR,PATNA,T92,IP DISPATCH PATNA BRANCH,3,Y
813107,PATNA,BIHAR,PATNA,T92,IP DISPATCH PATNA BRANCH,3,Y
813108,PATNA,BIHAR,PATNA,T92,IP DISPATCH PATNA BRANCH,3,Y
813109,PATNA,BIHAR,PATNA,T92,IP DISPATCH PATNA BRANCH,3,Y
813110,PATNA,BIHAR,PATNA,T92,IP DISPATCH PATNA BRANCH,3,Y
813201,PATNA,BIHAR,PATNA,T92,IP DISPATCH PATNA BRANCH,3,Y
813202,PATNA,BIHAR,PATNA,T92,IP DISPATCH PATNA BRANCH,3,Y
813204,PATNA,BIHAR,PATNA,T92,IP DISPATCH PATNA BRANCH,3,Y
813205,PATNA,BIHAR,PATNA,T92,IP DISPATCH PATNA BRANCH,3,Y
813206,PATNA,BIHAR,PATNA,T92,IP DISPATCH PATNA BRANCH,3,Y
813207,PATNA,BIHAR,PATNA,T92,IP DISPATCH PATNA BRANCH,3,Y
813208,RANCHI,JHARKHAND,PATNA,T95,IP DISPATCH RANCHI BRANCH,2,Y
813209,PATNA,BIHAR,PATNA,T92,IP DISPATCH PATNA BRANCH,3,Y
813211,PATNA,BIHAR,PATNA,T92,IP DISPATCH PATNA BRANCH,3,Y
813212,PATNA,BIHAR,PATNA,T92,IP DISPATCH PATNA BRANCH,3,Y
813214,PATNA,BIHAR,PATNA,T92,IP DISPATCH PATNA BRANCH,3,Y
813222,PATNA,BIHAR,PATNA,T92,IP DISPATCH PATNA BRANCH,3,Y
814102,RANCHI,JHARKHAND,PATNA,T95,IP DISPATCH RANCHI BRANCH,2,Y
814103,RANCHI,JHARKHAND,PATNA,T95,IP DISPATCH RANCHI BRANCH,1,Y
814110,RANCHI,JHARKHAND,PATNA,T95,IP DISPATCH RANCHI BRANCH,1,Y
814111,RANCHI,JHARKHAND,PATNA,T95,IP DISPATCH RANCHI BRANCH,2,Y
814114,RANCHI,JHARKHAND,PATNA,T95,IP DISPATCH RANCHI BRANCH,1,Y
814115,RANCHI,JHARKHAND,PATNA,T95,IP DISPATCH RANCHI BRANCH,1,Y
814116,RANCHI,JHARKHAND,PATNA,T95,IP DISPATCH RANCHI BRANCH,1,Y
814118,RANCHI,JHARKHAND,PATNA,T95,IP DISPATCH RANCHI BRANCH,1,Y
814119,RANCHI,JHARKHAND,PATNA,T95,IP DISPATCH RANCHI BRANCH,1,Y
814120,RANCHI,JHARKHAND,PATNA,T95,IP DISPATCH RANCHI BRANCH,1,Y
814131,PATNA,BIHAR,PATNA,T92,IP DISPATCH PATNA BRANCH,3,Y
814141,RANCHI,JHARKHAND,PATNA,T95,IP DISPATCH RANCHI BRANCH,1,Y
814143,RANCHI,JHARKHAND,PATNA,T95,IP DISPATCH RANCHI BRANCH,1,Y
814144,RANCHI,JHARKHAND,PATNA,T95,IP DISPATCH RANCHI BRANCH,2,Y
814145,RANCHI,JHARKHAND,PATNA,T95,IP DISPATCH RANCHI BRANCH,2,Y
814146,RANCHI,JHARKHAND,PATNA,T95,IP DISPATCH RANCHI BRANCH,1,Y
814147,RANCHI,JHARKHAND,PATNA,T95,IP DISPATCH RANCHI BRANCH,1,Y
814148,RANCHI,JHARKHAND,PATNA,T95,IP DISPATCH RANCHI BRANCH,2,Y
814149,RANCHI,JHARKHAND,PATNA,T95,IP DISPATCH RANCHI BRANCH,1,Y
814150,RANCHI,JHARKHAND,PATNA,T95,IP DISPATCH RANCHI BRANCH,1,Y
814151,RANCHI,JHARKHAND,PATNA,T95,IP DISPATCH RANCHI BRANCH,1,Y
814153,RANCHI,JHARKHAND,PATNA,T95,IP DISPATCH RANCHI BRANCH,1,Y
814155,RANCHI,JHARKHAND,PATNA,T95,IP DISPATCH RANCHI BRANCH,1,Y
814156,RANCHI,JHARKHAND,PATNA,T95,IP DISPATCH RANCHI BRANCH,2,Y
814157,RANCHI,JHARKHAND,PATNA,T95,IP DISPATCH RANCHI BRANCH,1,Y
814158,RANCHI,JHARKHAND,PATNA,T95,IP DISPATCH RANCHI BRANCH,1,Y
814160,RANCHI,JHARKHAND,PATNA,T95,IP DISPATCH RANCHI BRANCH,1,Y
814165,RANCHI,JHARKHAND,PATNA,T95,IP DISPATCH RANCHI BRANCH,1,Y
814166,RANCHI,JHARKHAND,PATNA,T95,IP DISPATCH RANCHI BRANCH,1,Y
814167,RANCHI,JHARKHAND,PATNA,T95,IP DISPATCH RANCHI BRANCH,2,Y
815311,RANCHI,JHARKHAND,PATNA,T95,IP DISPATCH RANCHI BRANCH,4,Y
815312,RANCHI,JHARKHAND,PATNA,T95,IP DISPATCH RANCHI BRANCH,4,Y
815313,RANCHI,JHARKHAND,PATNA,T95,IP DISPATCH RANCHI BRANCH,4,Y
815314,RANCHI,JHARKHAND,PATNA,T95,IP DISPATCH RANCHI BRANCH,4,Y
815315,RANCHI,JHARKHAND,PATNA,T95,IP DISPATCH RANCHI BRANCH,4,Y
815317,RANCHI,JHARKHAND,PATNA,T95,IP DISPATCH RANCHI BRANCH,4,Y
815318,RANCHI,JHARKHAND,PATNA,T95,IP DISPATCH RANCHI BRANCH,4,Y
815352,RANCHI,JHARKHAND,PATNA,T95,IP DISPATCH RANCHI BRANCH,1,Y
815355,RANCHI,JHARKHAND,PATNA,T95,IP DISPATCH RANCHI BRANCH,1,Y
815357,RANCHI,JHARKHAND,PATNA,T95,IP DISPATCH RANCHI BRANCH,1,Y
815359,RANCHI,JHARKHAND,PATNA,T95,IP DISPATCH RANCHI BRANCH,1,Y
816102,RANCHI,JHARKHAND,PATNA,T95,IP DISPATCH RANCHI BRANCH,2,Y
816103,RANCHI,JHARKHAND,PATNA,T95,IP DISPATCH RANCHI BRANCH,2,Y
816104,RANCHI,JHARKHAND,PATNA,T95,IP DISPATCH RANCHI BRANCH,2,Y
816105,RANCHI,JHARKHAND,PATNA,T95,IP DISPATCH RANCHI BRANCH,2,Y
816106,RANCHI,JHARKHAND,PATNA,T95,IP DISPATCH RANCHI BRANCH,2,Y
816108,RANCHI,JHARKHAND,PATNA,T95,IP DISPATCH RANCHI BRANCH,2,Y
816110,RANCHI,JHARKHAND,PATNA,T95,IP DISPATCH RANCHI BRANCH,2,Y
816115,RANCHI,JHARKHAND,PATNA,T95,IP DISPATCH RANCHI BRANCH,2,Y
816116,RANCHI,JHARKHAND,PATNA,T95,IP DISPATCH RANCHI BRANCH,2,Y
816117,RANCHI,JHARKHAND,PATNA,T95,IP DISPATCH RANCHI BRANCH,2,Y
816118,RANCHI,JHARKHAND,PATNA,T95,IP DISPATCH RANCHI BRANCH,2,Y
816120,RANCHI,JHARKHAND,PATNA,T95,IP DISPATCH RANCHI BRANCH,2,Y
816129,RANCHI,JHARKHAND,PATNA,T95,IP DISPATCH RANCHI BRANCH,2,Y
818142,RANCHI,JHARKHAND,PATNA,T95,IP DISPATCH RANCHI BRANCH,1,Y
821015,PATNA,BIHAR,PATNA,T92,IP DISPATCH PATNA BRANCH,4,Y
821102,PATNA,BIHAR,PATNA,T92,IP DISPATCH PATNA BRANCH,3,Y
821104,PATNA,BIHAR,PATNA,T92,IP DISPATCH PATNA BRANCH,4,Y
821105,PATNA,BIHAR,PATNA,T92,IP DISPATCH PATNA BRANCH,4,Y
821106,PATNA,BIHAR,PATNA,T92,IP DISPATCH PATNA BRANCH,4,Y
821107,PATNA,BIHAR,PATNA,T92,IP DISPATCH PATNA BRANCH,4,Y
821110,PATNA,BIHAR,PATNA,T92,IP DISPATCH PATNA BRANCH,4,Y
821111,PATNA,BIHAR,PATNA,T92,IP DISPATCH PATNA BRANCH,4,Y
821112,PATNA,BIHAR,PATNA,T92,IP DISPATCH PATNA BRANCH,4,Y
821113,PATNA,BIHAR,PATNA,T92,IP DISPATCH PATNA BRANCH,4,Y
821114,PATNA,BIHAR,PATNA,T92,IP DISPATCH PATNA BRANCH,3,Y
821301,PATNA,BIHAR,PATNA,T92,IP DISPATCH PATNA BRANCH,3,Y
821302,PATNA,BIHAR,PATNA,T92,IP DISPATCH PATNA BRANCH,3,Y
821303,PATNA,BIHAR,PATNA,T92,IP DISPATCH PATNA BRANCH,3,Y
821304,PATNA,BIHAR,PATNA,T92,IP DISPATCH PATNA BRANCH,3,Y
821308,PATNA,BIHAR,PATNA,T92,IP DISPATCH PATNA BRANCH,4,Y
821309,PATNA,BIHAR,PATNA,T92,IP DISPATCH PATNA BRANCH,4,Y
821310,PATNA,BIHAR,PATNA,T92,IP DISPATCH PATNA BRANCH,4,Y
821311,PATNA,BIHAR,PATNA,T92,IP DISPATCH PATNA BRANCH,4,Y
821312,PATNA,BIHAR,PATNA,T92,IP DISPATCH PATNA BRANCH,4,Y
822110,RANCHI,JHARKHAND,PATNA,T95,IP DISPATCH RANCHI BRANCH,1,Y
822111,RANCHI,JHARKHAND,PATNA,T95,IP DISPATCH RANCHI BRANCH,1,Y
822112,RANCHI,JHARKHAND,PATNA,T95,IP DISPATCH RANCHI BRANCH,1,Y
822113,RANCHI,JHARKHAND,PATNA,T95,IP DISPATCH RANCHI BRANCH,1,Y
822115,RANCHI,JHARKHAND,PATNA,T95,IP DISPATCH RANCHI BRANCH,1,Y
822117,RANCHI,JHARKHAND,PATNA,T95,IP DISPATCH RANCHI BRANCH,1,Y
822118,RANCHI,JHARKHAND,PATNA,T95,IP DISPATCH RANCHI BRANCH,1,Y
822119,RANCHI,JHARKHAND,PATNA,T95,IP DISPATCH RANCHI BRANCH,1,Y
822120,RANCHI,JHARKHAND,PATNA,T95,IP DISPATCH RANCHI BRANCH,1,Y
822121,RANCHI,JHARKHAND,PATNA,T95,IP DISPATCH RANCHI BRANCH,1,Y
822122,RANCHI,JHARKHAND,PATNA,T95,IP DISPATCH RANCHI BRANCH,1,Y
822123,RANCHI,JHARKHAND,PATNA,T95,IP DISPATCH RANCHI BRANCH,1,Y
822124,RANCHI,JHARKHAND,PATNA,T95,IP DISPATCH RANCHI BRANCH,1,Y
822125,RANCHI,JHARKHAND,PATNA,T95,IP DISPATCH RANCHI BRANCH,1,Y
822126,RANCHI,JHARKHAND,PATNA,T95,IP DISPATCH RANCHI BRANCH,1,Y
822128,RANCHI,JHARKHAND,PATNA,T95,IP DISPATCH RANCHI BRANCH,1,Y
822129,RANCHI,JHARKHAND,PATNA,T95,IP DISPATCH RANCHI BRANCH,1,Y
822131,RANCHI,JHARKHAND,PATNA,T95,IP DISPATCH RANCHI BRANCH,1,Y
822132,RANCHI,JHARKHAND,PATNA,T95,IP DISPATCH RANCHI BRANCH,1,Y
822133,RANCHI,JHARKHAND,PATNA,T95,IP DISPATCH RANCHI BRANCH,1,Y
822134,RANCHI,JHARKHAND,PATNA,T95,IP DISPATCH RANCHI BRANCH,1,Y
823004,PATNA,BIHAR,PATNA,T92,IP DISPATCH PATNA BRANCH,2,Y
823005,PATNA,BIHAR,PATNA,T92,IP DISPATCH PATNA BRANCH,2,Y
823311,PATNA,BIHAR,PATNA,T92,IP DISPATCH PATNA BRANCH,3,Y
824102,PATNA,BIHAR,PATNA,T92,IP DISPATCH PATNA BRANCH,3,Y
824103,PATNA,BIHAR,PATNA,T92,IP DISPATCH PATNA BRANCH,3,Y
824111,PATNA,BIHAR,PATNA,T92,IP DISPATCH PATNA BRANCH,3,Y
824112,PATNA,BIHAR,PATNA,T92,IP DISPATCH PATNA BRANCH,3,Y
824114,PATNA,BIHAR,PATNA,T92,IP DISPATCH PATNA BRANCH,3,Y
824115,PATNA,BIHAR,PATNA,T92,IP DISPATCH PATNA BRANCH,3,Y
824116,PATNA,BIHAR,PATNA,T92,IP DISPATCH PATNA BRANCH,2,Y
824118,PATNA,BIHAR,PATNA,T92,IP DISPATCH PATNA BRANCH,3,Y
824120,PATNA,BIHAR,PATNA,T92,IP DISPATCH PATNA BRANCH,3,Y
824121,PATNA,BIHAR,PATNA,T92,IP DISPATCH PATNA BRANCH,3,Y
824122,PATNA,BIHAR,PATNA,T92,IP DISPATCH PATNA BRANCH,3,Y
824123,PATNA,BIHAR,PATNA,T92,IP DISPATCH PATNA BRANCH,3,Y
824124,PATNA,BIHAR,PATNA,T92,IP DISPATCH PATNA BRANCH,3,Y
824125,PATNA,BIHAR,PATNA,T92,IP DISPATCH PATNA BRANCH,3,Y
824126,PATNA,BIHAR,PATNA,T92,IP DISPATCH PATNA BRANCH,3,Y
824127,PATNA,BIHAR,PATNA,T92,IP DISPATCH PATNA BRANCH,3,Y
824129,PATNA,BIHAR,PATNA,T92,IP DISPATCH PATNA BRANCH,3,Y
824143,PATNA,BIHAR,PATNA,T92,IP DISPATCH PATNA BRANCH,3,Y
824201,PATNA,BIHAR,PATNA,T92,IP DISPATCH PATNA BRANCH,2,Y
824202,PATNA,BIHAR,PATNA,T92,IP DISPATCH PATNA BRANCH,3,Y
824203,PATNA,BIHAR,PATNA,T92,IP DISPATCH PATNA BRANCH,3,Y
824205,PATNA,BIHAR,PATNA,T92,IP DISPATCH PATNA BRANCH,2,Y
824206,PATNA,BIHAR,PATNA,T92,IP DISPATCH PATNA BRANCH,2,Y
824207,PATNA,BIHAR,PATNA,T92,IP DISPATCH PATNA BRANCH,2,Y
824208,PATNA,BIHAR,PATNA,T92,IP DISPATCH PATNA BRANCH,3,Y
824210,PATNA,BIHAR,PATNA,T92,IP DISPATCH PATNA BRANCH,2,Y
824217,PATNA,BIHAR,PATNA,T92,IP DISPATCH PATNA BRANCH,2,Y
824219,PATNA,BIHAR,PATNA,T92,IP DISPATCH PATNA BRANCH,3,Y
824221,PATNA,BIHAR,PATNA,T92,IP DISPATCH PATNA BRANCH,2,Y
824232,PATNA,BIHAR,PATNA,T92,IP DISPATCH PATNA BRANCH,3,Y
824233,PATNA,BIHAR,PATNA,T92,IP DISPATCH PATNA BRANCH,3,Y
824234,PATNA,BIHAR,PATNA,T92,IP DISPATCH PATNA BRANCH,2,Y
824235,PATNA,BIHAR,PATNA,T92,IP DISPATCH PATNA BRANCH,3,Y
824237,PATNA,BIHAR,PATNA,T92,IP DISPATCH PATNA BRANCH,3,Y
824301,PATNA,BIHAR,PATNA,T92,IP DISPATCH PATNA BRANCH,3,Y
824302,PATNA,BIHAR,PATNA,T92,IP DISPATCH PATNA BRANCH,3,Y
824303,PATNA,BIHAR,PATNA,T92,IP DISPATCH PATNA BRANCH,3,Y
824304,PATNA,BIHAR,PATNA,T92,IP DISPATCH PATNA BRANCH,3,Y
825101,RANCHI,JHARKHAND,PATNA,T95,IP DISPATCH RANCHI BRANCH,1,Y
825102,RANCHI,JHARKHAND,PATNA,T95,IP DISPATCH RANCHI BRANCH,4,Y
825103,RANCHI,JHARKHAND,PATNA,T95,IP DISPATCH RANCHI BRANCH,1,Y
825106,RANCHI,JHARKHAND,PATNA,T95,IP DISPATCH RANCHI BRANCH,4,Y
825108,RANCHI,JHARKHAND,PATNA,T95,IP DISPATCH RANCHI BRANCH,4,Y
825109,RANCHI,JHARKHAND,PATNA,T95,IP DISPATCH RANCHI BRANCH,1,Y
825132,RANCHI,JHARKHAND,PATNA,T95,IP DISPATCH RANCHI BRANCH,1,Y
825167,RANCHI,JHARKHAND,PATNA,T95,IP DISPATCH RANCHI BRANCH,4,Y
825302,RANCHI,JHARKHAND,PATNA,T95,IP DISPATCH RANCHI BRANCH,1,Y
825303,RANCHI,JHARKHAND,PATNA,T95,IP DISPATCH RANCHI BRANCH,1,Y
825312,RANCHI,JHARKHAND,PATNA,T95,IP DISPATCH RANCHI BRANCH,1,Y
825313,RANCHI,JHARKHAND,PATNA,T95,IP DISPATCH RANCHI BRANCH,1,Y
825315,RANCHI,JHARKHAND,PATNA,T95,IP DISPATCH RANCHI BRANCH,4,Y
825316,RANCHI,JHARKHAND,PATNA,T95,IP DISPATCH RANCHI BRANCH,1,Y
825317,RANCHI,JHARKHAND,PATNA,T95,IP DISPATCH RANCHI BRANCH,1,Y
825318,RANCHI,JHARKHAND,PATNA,T95,IP DISPATCH RANCHI BRANCH,1,Y
825319,RANCHI,JHARKHAND,PATNA,T95,IP DISPATCH RANCHI BRANCH,1,Y
825323,RANCHI,JHARKHAND,PATNA,T95,IP DISPATCH RANCHI BRANCH,1,Y
825324,RANCHI,JHARKHAND,PATNA,T95,IP DISPATCH RANCHI BRANCH,4,Y
825325,RANCHI,JHARKHAND,PATNA,T95,IP DISPATCH RANCHI BRANCH,1,Y
825326,RANCHI,JHARKHAND,PATNA,T95,IP DISPATCH RANCHI BRANCH,1,Y
825329,RANCHI,JHARKHAND,PATNA,T95,IP DISPATCH RANCHI BRANCH,4,Y
825330,RANCHI,JHARKHAND,PATNA,T95,IP DISPATCH RANCHI BRANCH,1,Y
825402,RANCHI,JHARKHAND,PATNA,T95,IP DISPATCH RANCHI BRANCH,1,Y
825403,RANCHI,JHARKHAND,PATNA,T95,IP DISPATCH RANCHI BRANCH,1,Y
825404,RANCHI,JHARKHAND,PATNA,T95,IP DISPATCH RANCHI BRANCH,1,Y
825407,RANCHI,JHARKHAND,PATNA,T95,IP DISPATCH RANCHI BRANCH,1,Y
825410,RANCHI,JHARKHAND,PATNA,T95,IP DISPATCH RANCHI BRANCH,1,Y
825411,RANCHI,JHARKHAND,PATNA,T95,IP DISPATCH RANCHI BRANCH,1,Y
825413,RANCHI,JHARKHAND,PATNA,T95,IP DISPATCH RANCHI BRANCH,1,Y
825414,RANCHI,JHARKHAND,PATNA,T95,IP DISPATCH RANCHI BRANCH,1,Y
825415,RANCHI,JHARKHAND,PATNA,T95,IP DISPATCH RANCHI BRANCH,1,Y
825421,RANCHI,JHARKHAND,PATNA,T95,IP DISPATCH RANCHI BRANCH,1,Y
826007,RANCHI,JHARKHAND,PATNA,T95,IP DISPATCH RANCHI BRANCH,1,Y
826008,RANCHI,JHARKHAND,PATNA,T95,IP DISPATCH RANCHI BRANCH,1,Y
826009,RANCHI,JHARKHAND,PATNA,T95,IP DISPATCH RANCHI BRANCH,1,Y
826010,RANCHI,JHARKHAND,PATNA,T95,IP DISPATCH RANCHI BRANCH,1,Y
826011,RANCHI,JHARKHAND,PATNA,T95,IP DISPATCH RANCHI BRANCH,1,Y
826012,RANCHI,JHARKHAND,PATNA,T95,IP DISPATCH RANCHI BRANCH,1,Y
826013,RANCHI,JHARKHAND,PATNA,T95,IP DISPATCH RANCHI BRANCH,1,Y
827015,RANCHI,JHARKHAND,PATNA,T95,IP DISPATCH RANCHI BRANCH,1,Y
827016,RANCHI,JHARKHAND,PATNA,T95,IP DISPATCH RANCHI BRANCH,1,Y
827302,RANCHI,JHARKHAND,PATNA,T95,IP DISPATCH RANCHI BRANCH,1,Y
828101,RANCHI,JHARKHAND,PATNA,T95,IP DISPATCH RANCHI BRANCH,1,Y
828103,RANCHI,JHARKHAND,PATNA,T95,IP DISPATCH RANCHI BRANCH,1,Y
828105,RANCHI,JHARKHAND,PATNA,T95,IP DISPATCH RANCHI BRANCH,1,Y
828107,RANCHI,JHARKHAND,PATNA,T95,IP DISPATCH RANCHI BRANCH,1,Y
828112,RANCHI,JHARKHAND,PATNA,T95,IP DISPATCH RANCHI BRANCH,1,Y
828115,RANCHI,JHARKHAND,PATNA,T95,IP DISPATCH RANCHI BRANCH,1,Y
828116,RANCHI,JHARKHAND,PATNA,T95,IP DISPATCH RANCHI BRANCH,1,Y
828117,RANCHI,JHARKHAND,PATNA,T95,IP DISPATCH RANCHI BRANCH,1,Y
828125,RANCHI,JHARKHAND,PATNA,T95,IP DISPATCH RANCHI BRANCH,1,Y
828126,RANCHI,JHARKHAND,PATNA,T95,IP DISPATCH RANCHI BRANCH,1,Y
828128,RANCHI,JHARKHAND,PATNA,T95,IP DISPATCH RANCHI BRANCH,1,Y
828129,RANCHI,JHARKHAND,PATNA,T95,IP DISPATCH RANCHI BRANCH,1,Y
828131,RANCHI,JHARKHAND,PATNA,T95,IP DISPATCH RANCHI BRANCH,1,Y
828132,RANCHI,JHARKHAND,PATNA,T95,IP DISPATCH RANCHI BRANCH,1,Y
828133,RANCHI,JHARKHAND,PATNA,T95,IP DISPATCH RANCHI BRANCH,1,Y
828134,RANCHI,JHARKHAND,PATNA,T95,IP DISPATCH RANCHI BRANCH,1,Y
828135,RANCHI,JHARKHAND,PATNA,T95,IP DISPATCH RANCHI BRANCH,1,Y
828142,RANCHI,JHARKHAND,PATNA,T95,IP DISPATCH RANCHI BRANCH,1,Y
828201,RANCHI,JHARKHAND,PATNA,T95,IP DISPATCH RANCHI BRANCH,1,Y
828206,RANCHI,JHARKHAND,PATNA,T95,IP DISPATCH RANCHI BRANCH,1,Y
828302,RANCHI,JHARKHAND,PATNA,T95,IP DISPATCH RANCHI BRANCH,1,Y
828303,RANCHI,JHARKHAND,PATNA,T95,IP DISPATCH RANCHI BRANCH,1,Y
828305,RANCHI,JHARKHAND,PATNA,T95,IP DISPATCH RANCHI BRANCH,1,Y
828306,RANCHI,JHARKHAND,PATNA,T95,IP DISPATCH RANCHI BRANCH,1,Y
828307,RANCHI,JHARKHAND,PATNA,T95,IP DISPATCH RANCHI BRANCH,1,Y
828401,RANCHI,JHARKHAND,PATNA,T95,IP DISPATCH RANCHI BRANCH,1,Y
828402,RANCHI,JHARKHAND,PATNA,T95,IP DISPATCH RANCHI BRANCH,1,Y
829101,RANCHI,JHARKHAND,PATNA,T95,IP DISPATCH RANCHI BRANCH,1,Y
829103,RANCHI,JHARKHAND,PATNA,T95,IP DISPATCH RANCHI BRANCH,1,Y
829104,RANCHI,JHARKHAND,PATNA,T95,IP DISPATCH RANCHI BRANCH,4,Y
829105,RANCHI,JHARKHAND,PATNA,T95,IP DISPATCH RANCHI BRANCH,1,Y
829106,RANCHI,JHARKHAND,PATNA,T95,IP DISPATCH RANCHI BRANCH,1,Y
829108,RANCHI,JHARKHAND,PATNA,T95,IP DISPATCH RANCHI BRANCH,1,Y
829109,RANCHI,JHARKHAND,PATNA,T95,IP DISPATCH RANCHI BRANCH,1,Y
829114,RANCHI,JHARKHAND,PATNA,T95,IP DISPATCH RANCHI BRANCH,4,Y
829121,RANCHI,JHARKHAND,PATNA,T95,IP DISPATCH RANCHI BRANCH,4,Y
829123,RANCHI,JHARKHAND,PATNA,T95,IP DISPATCH RANCHI BRANCH,4,Y
829125,RANCHI,JHARKHAND,PATNA,T95,IP DISPATCH RANCHI BRANCH,1,Y
829126,RANCHI,JHARKHAND,PATNA,T95,IP DISPATCH RANCHI BRANCH,1,Y
829127,RANCHI,JHARKHAND,PATNA,T95,IP DISPATCH RANCHI BRANCH,4,Y
829128,RANCHI,JHARKHAND,PATNA,T95,IP DISPATCH RANCHI BRANCH,4,Y
829129,RANCHI,JHARKHAND,PATNA,T95,IP DISPATCH RANCHI BRANCH,4,Y
829130,RANCHI,JHARKHAND,PATNA,T95,IP DISPATCH RANCHI BRANCH,1,Y
829131,RANCHI,JHARKHAND,PATNA,T95,IP DISPATCH RANCHI BRANCH,1,Y
829133,RANCHI,JHARKHAND,PATNA,T95,IP DISPATCH RANCHI BRANCH,1,Y
829134,RANCHI,JHARKHAND,PATNA,T95,IP DISPATCH RANCHI BRANCH,1,Y
829135,RANCHI,JHARKHAND,PATNA,T95,IP DISPATCH RANCHI BRANCH,1,Y
829143,RANCHI,JHARKHAND,PATNA,T95,IP DISPATCH RANCHI BRANCH,1,Y
829149,RANCHI,JHARKHAND,PATNA,T95,IP DISPATCH RANCHI BRANCH,4,Y
829150,RANCHI,JHARKHAND,PATNA,T95,IP DISPATCH RANCHI BRANCH,1,Y
829204,RANCHI,JHARKHAND,PATNA,T95,IP DISPATCH RANCHI BRANCH,1,Y
829205,RANCHI,JHARKHAND,PATNA,T95,IP DISPATCH RANCHI BRANCH,2,Y
829207,RANCHI,JHARKHAND,PATNA,T95,IP DISPATCH RANCHI BRANCH,2,Y
829208,RANCHI,JHARKHAND,PATNA,T95,IP DISPATCH RANCHI BRANCH,2,Y
831014,RANCHI,JHARKHAND,PATNA,T95,IP DISPATCH RANCHI BRANCH,1,Y
831020,RANCHI,JHARKHAND,PATNA,T95,IP DISPATCH RANCHI BRANCH,2,Y
831021,RANCHI,JHARKHAND,PATNA,T95,IP DISPATCH RANCHI BRANCH,2,Y
832103,RANCHI,JHARKHAND,PATNA,T95,IP DISPATCH RANCHI BRANCH,2,Y
832105,RANCHI,JHARKHAND,PATNA,T95,IP DISPATCH RANCHI BRANCH,2,Y
832106,RANCHI,JHARKHAND,PATNA,T95,IP DISPATCH RANCHI BRANCH,2,Y
832111,RANCHI,JHARKHAND,PATNA,T95,IP DISPATCH RANCHI BRANCH,2,Y
832112,RANCHI,JHARKHAND,PATNA,T95,IP DISPATCH RANCHI BRANCH,2,Y
832113,RANCHI,JHARKHAND,PATNA,T95,IP DISPATCH RANCHI BRANCH,1,Y
832302,RANCHI,JHARKHAND,PATNA,T95,IP DISPATCH RANCHI BRANCH,2,Y
832304,RANCHI,JHARKHAND,PATNA,T95,IP DISPATCH RANCHI BRANCH,1,Y
832403,RANCHI,JHARKHAND,PATNA,T95,IP DISPATCH RANCHI BRANCH,2,Y
832404,RANCHI,JHARKHAND,PATNA,T95,IP DISPATCH RANCHI BRANCH,2,Y
833101,RANCHI,JHARKHAND,PATNA,T95,IP DISPATCH RANCHI BRANCH,2,Y
833103,RANCHI,JHARKHAND,PATNA,T95,IP DISPATCH RANCHI BRANCH,2,Y
833104,RANCHI,JHARKHAND,PATNA,T95,IP DISPATCH RANCHI BRANCH,2,Y
833105,RANCHI,JHARKHAND,PATNA,T95,IP DISPATCH RANCHI BRANCH,2,Y
833106,RANCHI,JHARKHAND,PATNA,T95,IP DISPATCH RANCHI BRANCH,2,Y
833202,RANCHI,JHARKHAND,PATNA,T95,IP DISPATCH RANCHI BRANCH,2,Y
833203,RANCHI,JHARKHAND,PATNA,T95,IP DISPATCH RANCHI BRANCH,2,Y
833204,RANCHI,JHARKHAND,PATNA,T95,IP DISPATCH RANCHI BRANCH,2,Y
833212,RANCHI,JHARKHAND,PATNA,T95,IP DISPATCH RANCHI BRANCH,2,Y
833213,RANCHI,JHARKHAND,PATNA,T95,IP DISPATCH RANCHI BRANCH,2,Y
833214,RANCHI,JHARKHAND,PATNA,T95,IP DISPATCH RANCHI BRANCH,2,Y
833216,RANCHI,JHARKHAND,PATNA,T95,IP DISPATCH RANCHI BRANCH,2,Y
833220,RANCHI,JHARKHAND,PATNA,T95,IP DISPATCH RANCHI BRANCH,2,Y
833221,RANCHI,JHARKHAND,PATNA,T95,IP DISPATCH RANCHI BRANCH,2,Y
833222,RANCHI,JHARKHAND,PATNA,T95,IP DISPATCH RANCHI BRANCH,2,Y
833223,RANCHI,JHARKHAND,PATNA,T95,IP DISPATCH RANCHI BRANCH,2,Y
834011,RANCHI,JHARKHAND,PATNA,T95,IP DISPATCH RANCHI BRANCH,2,Y
834013,RANCHI,JHARKHAND,PATNA,T95,IP DISPATCH RANCHI BRANCH,2,Y
834014,RANCHI,JHARKHAND,PATNA,T95,IP DISPATCH RANCHI BRANCH,2,Y
835101,RANCHI,JHARKHAND,PATNA,T95,IP DISPATCH RANCHI BRANCH,2,Y
835102,RANCHI,JHARKHAND,PATNA,T95,IP DISPATCH RANCHI BRANCH,2,Y
835201,RANCHI,JHARKHAND,PATNA,T95,IP DISPATCH RANCHI BRANCH,5,Y
835202,RANCHI,JHARKHAND,PATNA,T95,IP DISPATCH RANCHI BRANCH,2,Y
835203,RANCHI,JHARKHAND,PATNA,T95,IP DISPATCH RANCHI BRANCH,2,Y
835205,RANCHI,JHARKHAND,PATNA,T95,IP DISPATCH RANCHI BRANCH,2,Y
835206,RANCHI,JHARKHAND,PATNA,T95,IP DISPATCH RANCHI BRANCH,2,Y
835208,RANCHI,JHARKHAND,PATNA,T95,IP DISPATCH RANCHI BRANCH,3,Y
835209,RANCHI,JHARKHAND,PATNA,T95,IP DISPATCH RANCHI BRANCH,3,Y
835211,RANCHI,JHARKHAND,PATNA,T95,IP DISPATCH RANCHI BRANCH,3,Y
835212,RANCHI,JHARKHAND,PATNA,T95,IP DISPATCH RANCHI BRANCH,2,Y
835213,RANCHI,JHARKHAND,PATNA,T95,IP DISPATCH RANCHI BRANCH,2,Y
835216,RANCHI,JHARKHAND,PATNA,T95,IP DISPATCH RANCHI BRANCH,3,Y
835218,RANCHI,JHARKHAND,PATNA,T95,IP DISPATCH RANCHI BRANCH,3,Y
835220,RANCHI,JHARKHAND,PATNA,T95,IP DISPATCH RANCHI BRANCH,2,Y
835221,RANCHI,JHARKHAND,PATNA,T95,IP DISPATCH RANCHI BRANCH,2,Y
835224,RANCHI,JHARKHAND,PATNA,T95,IP DISPATCH RANCHI BRANCH,2,Y
835225,RANCHI,JHARKHAND,PATNA,T95,IP DISPATCH RANCHI BRANCH,2,Y
835226,RANCHI,JHARKHAND,PATNA,T95,IP DISPATCH RANCHI BRANCH,3,Y
835227,RANCHI,JHARKHAND,PATNA,T95,IP DISPATCH RANCHI BRANCH,3,Y
835228,RANCHI,JHARKHAND,PATNA,T95,IP DISPATCH RANCHI BRANCH,3,Y
835229,RANCHI,JHARKHAND,PATNA,T95,IP DISPATCH RANCHI BRANCH,3,Y
835230,RANCHI,JHARKHAND,PATNA,T95,IP DISPATCH RANCHI BRANCH,3,Y
835231,RANCHI,JHARKHAND,PATNA,T95,IP DISPATCH RANCHI BRANCH,3,Y
835232,RANCHI,JHARKHAND,PATNA,T95,IP DISPATCH RANCHI BRANCH,2,Y
835233,RANCHI,JHARKHAND,PATNA,T95,IP DISPATCH RANCHI BRANCH,2,Y
835234,RANCHI,JHARKHAND,PATNA,T95,IP DISPATCH RANCHI BRANCH,2,Y
835235,RANCHI,JHARKHAND,PATNA,T95,IP DISPATCH RANCHI BRANCH,3,Y
835301,RANCHI,JHARKHAND,PATNA,T95,IP DISPATCH RANCHI BRANCH,3,Y
835325,RANCHI,JHARKHAND,PATNA,T95,IP DISPATCH RANCHI BRANCH,2,Y
841101,PATNA,BIHAR,PATNA,T92,IP DISPATCH PATNA BRANCH,3,Y
841201,PATNA,BIHAR,PATNA,T92,IP DISPATCH PATNA BRANCH,2,Y
841202,PATNA,BIHAR,PATNA,T92,IP DISPATCH PATNA BRANCH,3,Y
841203,PATNA,BIHAR,PATNA,T92,IP DISPATCH PATNA BRANCH,3,Y
841204,PATNA,BIHAR,PATNA,T92,IP DISPATCH PATNA BRANCH,3,Y
841205,PATNA,BIHAR,PATNA,T92,IP DISPATCH PATNA BRANCH,3,Y
841206,PATNA,BIHAR,PATNA,T92,IP DISPATCH PATNA BRANCH,3,Y
841208,PATNA,BIHAR,PATNA,T92,IP DISPATCH PATNA BRANCH,3,Y
841209,PATNA,BIHAR,PATNA,T92,IP DISPATCH PATNA BRANCH,3,Y
841210,PATNA,BIHAR,PATNA,T92,IP DISPATCH PATNA BRANCH,3,Y
841211,PATNA,BIHAR,PATNA,T92,IP DISPATCH PATNA BRANCH,3,Y
841212,PATNA,BIHAR,PATNA,T92,IP DISPATCH PATNA BRANCH,3,Y
841214,PATNA,BIHAR,PATNA,T92,IP DISPATCH PATNA BRANCH,3,Y
841215,PATNA,BIHAR,PATNA,T92,IP DISPATCH PATNA BRANCH,3,Y
841216,PATNA,BIHAR,PATNA,T92,IP DISPATCH PATNA BRANCH,3,Y
841217,PATNA,BIHAR,PATNA,T92,IP DISPATCH PATNA BRANCH,3,Y
841218,PATNA,BIHAR,PATNA,T92,IP DISPATCH PATNA BRANCH,3,Y
841220,PATNA,BIHAR,PATNA,T92,IP DISPATCH PATNA BRANCH,3,Y
841221,PATNA,BIHAR,PATNA,T92,IP DISPATCH PATNA BRANCH,3,Y
841222,PATNA,BIHAR,PATNA,T92,IP DISPATCH PATNA BRANCH,3,Y
841223,PATNA,BIHAR,PATNA,T92,IP DISPATCH PATNA BRANCH,3,Y
841224,PATNA,BIHAR,PATNA,T92,IP DISPATCH PATNA BRANCH,3,Y
841225,PATNA,BIHAR,PATNA,T92,IP DISPATCH PATNA BRANCH,2,Y
841227,PATNA,BIHAR,PATNA,T92,IP DISPATCH PATNA BRANCH,3,Y
841228,PATNA,BIHAR,PATNA,T92,IP DISPATCH PATNA BRANCH,3,Y
841231,PATNA,BIHAR,PATNA,T92,IP DISPATCH PATNA BRANCH,3,Y
841232,PATNA,BIHAR,PATNA,T92,IP DISPATCH PATNA BRANCH,3,Y
841233,PATNA,BIHAR,PATNA,T92,IP DISPATCH PATNA BRANCH,3,Y
841234,PATNA,BIHAR,PATNA,T92,IP DISPATCH PATNA BRANCH,3,Y
841235,PATNA,BIHAR,PATNA,T92,IP DISPATCH PATNA BRANCH,3,Y
841236,PATNA,BIHAR,PATNA,T92,IP DISPATCH PATNA BRANCH,3,Y
841237,PATNA,BIHAR,PATNA,T92,IP DISPATCH PATNA BRANCH,3,Y
841240,PATNA,BIHAR,PATNA,T92,IP DISPATCH PATNA BRANCH,3,Y
841241,PATNA,BIHAR,PATNA,T92,IP DISPATCH PATNA BRANCH,3,Y
841242,PATNA,BIHAR,PATNA,T92,IP DISPATCH PATNA BRANCH,3,Y
841243,PATNA,BIHAR,PATNA,T92,IP DISPATCH PATNA BRANCH,3,Y
841244,PATNA,BIHAR,PATNA,T92,IP DISPATCH PATNA BRANCH,3,Y
841245,PATNA,BIHAR,PATNA,T92,IP DISPATCH PATNA BRANCH,3,Y
841286,PATNA,BIHAR,PATNA,T92,IP DISPATCH PATNA BRANCH,3,Y
841287,PATNA,BIHAR,PATNA,T92,IP DISPATCH PATNA BRANCH,3,Y
841302,PATNA,BIHAR,PATNA,T92,IP DISPATCH PATNA BRANCH,3,Y
841305,PATNA,BIHAR,PATNA,T92,IP DISPATCH PATNA BRANCH,3,Y
841312,PATNA,BIHAR,PATNA,T92,IP DISPATCH PATNA BRANCH,3,Y
841313,PATNA,BIHAR,PATNA,T92,IP DISPATCH PATNA BRANCH,3,Y
841316,PATNA,BIHAR,PATNA,T92,IP DISPATCH PATNA BRANCH,3,Y
841401,PATNA,BIHAR,PATNA,T92,IP DISPATCH PATNA BRANCH,3,Y
841402,PATNA,BIHAR,PATNA,T92,IP DISPATCH PATNA BRANCH,3,Y
841403,PATNA,BIHAR,PATNA,T92,IP DISPATCH PATNA BRANCH,3,Y
841404,PATNA,BIHAR,PATNA,T92,IP DISPATCH PATNA BRANCH,3,Y
841407,PATNA,BIHAR,PATNA,T92,IP DISPATCH PATNA BRANCH,3,Y
841408,PATNA,BIHAR,PATNA,T92,IP DISPATCH PATNA BRANCH,3,Y
841409,PATNA,BIHAR,PATNA,T92,IP DISPATCH PATNA BRANCH,3,Y
841410,PATNA,BIHAR,PATNA,T92,IP DISPATCH PATNA BRANCH,3,Y
841411,PATNA,BIHAR,PATNA,T92,IP DISPATCH PATNA BRANCH,3,Y
841412,PATNA,BIHAR,PATNA,T92,IP DISPATCH PATNA BRANCH,3,Y
841413,PATNA,BIHAR,PATNA,T92,IP DISPATCH PATNA BRANCH,3,Y
841414,PATNA,BIHAR,PATNA,T92,IP DISPATCH PATNA BRANCH,3,Y
841415,PATNA,BIHAR,PATNA,T92,IP DISPATCH PATNA BRANCH,3,Y
841416,PATNA,BIHAR,PATNA,T92,IP DISPATCH PATNA BRANCH,3,Y
841418,PATNA,BIHAR,PATNA,T92,IP DISPATCH PATNA BRANCH,3,Y
841419,PATNA,BIHAR,PATNA,T92,IP DISPATCH PATNA BRANCH,3,Y
841420,PATNA,BIHAR,PATNA,T92,IP DISPATCH PATNA BRANCH,3,Y
841421,PATNA,BIHAR,PATNA,T92,IP DISPATCH PATNA BRANCH,3,Y
841422,PATNA,BIHAR,PATNA,T92,IP DISPATCH PATNA BRANCH,3,Y
841423,PATNA,BIHAR,PATNA,T92,IP DISPATCH PATNA BRANCH,3,Y
841434,PATNA,BIHAR,PATNA,T92,IP DISPATCH PATNA BRANCH,3,Y
841435,PATNA,BIHAR,PATNA,T92,IP DISPATCH PATNA BRANCH,3,Y
841436,PATNA,BIHAR,PATNA,T92,IP DISPATCH PATNA BRANCH,3,Y
841437,PATNA,BIHAR,PATNA,T92,IP DISPATCH PATNA BRANCH,3,Y
841439,PATNA,BIHAR,PATNA,T92,IP DISPATCH PATNA BRANCH,3,Y
841440,PATNA,BIHAR,PATNA,T92,IP DISPATCH PATNA BRANCH,3,Y
841441,PATNA,BIHAR,PATNA,T92,IP DISPATCH PATNA BRANCH,3,Y
841443,PATNA,BIHAR,PATNA,T92,IP DISPATCH PATNA BRANCH,3,Y
841446,PATNA,BIHAR,PATNA,T92,IP DISPATCH PATNA BRANCH,3,Y
841447,PATNA,BIHAR,PATNA,T92,IP DISPATCH PATNA BRANCH,3,Y
841460,PATNA,BIHAR,PATNA,T92,IP DISPATCH PATNA BRANCH,3,Y
841502,PATNA,BIHAR,PATNA,T92,IP DISPATCH PATNA BRANCH,3,Y
841503,PATNA,BIHAR,PATNA,T92,IP DISPATCH PATNA BRANCH,3,Y
841504,PATNA,BIHAR,PATNA,T92,IP DISPATCH PATNA BRANCH,3,Y
841506,PATNA,BIHAR,PATNA,T92,IP DISPATCH PATNA BRANCH,3,Y
841507,PATNA,BIHAR,PATNA,T92,IP DISPATCH PATNA BRANCH,3,Y
841508,PATNA,BIHAR,PATNA,T92,IP DISPATCH PATNA BRANCH,3,Y
841509,PATNA,BIHAR,PATNA,T92,IP DISPATCH PATNA BRANCH,3,Y
842005,PATNA,BIHAR,PATNA,T92,IP DISPATCH PATNA BRANCH,3,Y
842006,PATNA,BIHAR,PATNA,T92,IP DISPATCH PATNA BRANCH,3,Y
843101,PATNA,BIHAR,PATNA,T92,IP DISPATCH PATNA BRANCH,3,Y
843102,PATNA,BIHAR,PATNA,T92,IP DISPATCH PATNA BRANCH,3,Y
843103,PATNA,BIHAR,PATNA,T92,IP DISPATCH PATNA BRANCH,3,Y
843104,PATNA,BIHAR,PATNA,T92,IP DISPATCH PATNA BRANCH,3,Y
843106,PATNA,BIHAR,PATNA,T92,IP DISPATCH PATNA BRANCH,3,Y
843107,PATNA,BIHAR,PATNA,T92,IP DISPATCH PATNA BRANCH,3,Y
843110,PATNA,BIHAR,PATNA,T92,IP DISPATCH PATNA BRANCH,2,Y
843112,PATNA,BIHAR,PATNA,T92,IP DISPATCH PATNA BRANCH,3,Y
843114,PATNA,BIHAR,PATNA,T92,IP DISPATCH PATNA BRANCH,2,Y
843115,PATNA,BIHAR,PATNA,T92,IP DISPATCH PATNA BRANCH,3,Y
843116,PATNA,BIHAR,PATNA,T92,IP DISPATCH PATNA BRANCH,3,Y
843117,PATNA,BIHAR,PATNA,T92,IP DISPATCH PATNA BRANCH,3,Y
843121,PATNA,BIHAR,PATNA,T92,IP DISPATCH PATNA BRANCH,3,Y
843122,PATNA,BIHAR,PATNA,T92,IP DISPATCH PATNA BRANCH,3,Y
843123,PATNA,BIHAR,PATNA,T92,IP DISPATCH PATNA BRANCH,3,Y
843124,PATNA,BIHAR,PATNA,T92,IP DISPATCH PATNA BRANCH,3,Y
843125,PATNA,BIHAR,PATNA,T92,IP DISPATCH PATNA BRANCH,3,Y
843126,PATNA,BIHAR,PATNA,T92,IP DISPATCH PATNA BRANCH,3,Y
843127,PATNA,BIHAR,PATNA,T92,IP DISPATCH PATNA BRANCH,3,Y
843128,PATNA,BIHAR,PATNA,T92,IP DISPATCH PATNA BRANCH,3,Y
843129,PATNA,BIHAR,PATNA,T92,IP DISPATCH PATNA BRANCH,3,Y
843130,PATNA,BIHAR,PATNA,T92,IP DISPATCH PATNA BRANCH,3,Y
843131,PATNA,BIHAR,PATNA,T92,IP DISPATCH PATNA BRANCH,3,Y
843132,PATNA,BIHAR,PATNA,T92,IP DISPATCH PATNA BRANCH,3,Y
843311,PATNA,BIHAR,PATNA,T92,IP DISPATCH PATNA BRANCH,2,Y
843312,PATNA,BIHAR,PATNA,T92,IP DISPATCH PATNA BRANCH,3,Y
843313,PATNA,BIHAR,PATNA,T92,IP DISPATCH PATNA BRANCH,2,Y
843315,PATNA,BIHAR,PATNA,T92,IP DISPATCH PATNA BRANCH,3,Y
843316,PATNA,BIHAR,PATNA,T92,IP DISPATCH PATNA BRANCH,2,Y
843317,PATNA,BIHAR,PATNA,T92,IP DISPATCH PATNA BRANCH,2,Y
843318,PATNA,BIHAR,PATNA,T92,IP DISPATCH PATNA BRANCH,2,Y
843319,PATNA,BIHAR,PATNA,T92,IP DISPATCH PATNA BRANCH,3,Y
843320,PATNA,BIHAR,PATNA,T92,IP DISPATCH PATNA BRANCH,2,Y
843321,PATNA,BIHAR,PATNA,T92,IP DISPATCH PATNA BRANCH,3,Y
843322,PATNA,BIHAR,PATNA,T92,IP DISPATCH PATNA BRANCH,2,Y
843323,PATNA,BIHAR,PATNA,T92,IP DISPATCH PATNA BRANCH,2,Y
843324,PATNA,BIHAR,PATNA,T92,IP DISPATCH PATNA BRANCH,2,Y
843325,PATNA,BIHAR,PATNA,T92,IP DISPATCH PATNA BRANCH,2,Y
843326,PATNA,BIHAR,PATNA,T92,IP DISPATCH PATNA BRANCH,2,Y
843327,PATNA,BIHAR,PATNA,T92,IP DISPATCH PATNA BRANCH,2,Y
843328,PATNA,BIHAR,PATNA,T92,IP DISPATCH PATNA BRANCH,2,Y
843329,PATNA,BIHAR,PATNA,T92,IP DISPATCH PATNA BRANCH,2,Y
843330,PATNA,BIHAR,PATNA,T92,IP DISPATCH PATNA BRANCH,3,Y
843331,PATNA,BIHAR,PATNA,T92,IP DISPATCH PATNA BRANCH,3,Y
843332,PATNA,BIHAR,PATNA,T92,IP DISPATCH PATNA BRANCH,2,Y
843333,PATNA,BIHAR,PATNA,T92,IP DISPATCH PATNA BRANCH,2,Y
843334,PATNA,BIHAR,PATNA,T92,IP DISPATCH PATNA BRANCH,2,Y
843335,PATNA,BIHAR,PATNA,T92,IP DISPATCH PATNA BRANCH,3,Y
843360,PATNA,BIHAR,PATNA,T92,IP DISPATCH PATNA BRANCH,3,Y
844103,PATNA,BIHAR,PATNA,T92,IP DISPATCH PATNA BRANCH,2,Y
844111,PATNA,BIHAR,PATNA,T92,IP DISPATCH PATNA BRANCH,2,Y
844112,PATNA,BIHAR,PATNA,T92,IP DISPATCH PATNA BRANCH,3,Y
844113,PATNA,BIHAR,PATNA,T92,IP DISPATCH PATNA BRANCH,2,Y
844115,PATNA,BIHAR,PATNA,T92,IP DISPATCH PATNA BRANCH,2,Y
844116,PATNA,BIHAR,PATNA,T92,IP DISPATCH PATNA BRANCH,2,Y
844117,PATNA,BIHAR,PATNA,T92,IP DISPATCH PATNA BRANCH,2,Y
844119,PATNA,BIHAR,PATNA,T92,IP DISPATCH PATNA BRANCH,2,Y
844120,PATNA,BIHAR,PATNA,T92,IP DISPATCH PATNA BRANCH,3,Y
844123,PATNA,BIHAR,PATNA,T92,IP DISPATCH PATNA BRANCH,2,Y
844124,PATNA,BIHAR,PATNA,T92,IP DISPATCH PATNA BRANCH,2,Y
844125,PATNA,BIHAR,PATNA,T92,IP DISPATCH PATNA BRANCH,2,Y
844126,PATNA,BIHAR,PATNA,T92,IP DISPATCH PATNA BRANCH,2,Y
844127,PATNA,BIHAR,PATNA,T92,IP DISPATCH PATNA BRANCH,3,Y
844128,PATNA,BIHAR,PATNA,T92,IP DISPATCH PATNA BRANCH,2,Y
844501,PATNA,BIHAR,PATNA,T92,IP DISPATCH PATNA BRANCH,2,Y
844503,PATNA,BIHAR,PATNA,T92,IP DISPATCH PATNA BRANCH,2,Y
844504,PATNA,BIHAR,PATNA,T92,IP DISPATCH PATNA BRANCH,2,Y
844507,PATNA,BIHAR,PATNA,T92,IP DISPATCH PATNA BRANCH,2,Y
844508,PATNA,BIHAR,PATNA,T92,IP DISPATCH PATNA BRANCH,2,Y
844509,PATNA,BIHAR,PATNA,T92,IP DISPATCH PATNA BRANCH,2,Y
845103,PATNA,BIHAR,PATNA,T92,IP DISPATCH PATNA BRANCH,3,Y
845104,PATNA,BIHAR,PATNA,T92,IP DISPATCH PATNA BRANCH,3,Y
845105,PATNA,BIHAR,PATNA,T92,IP DISPATCH PATNA BRANCH,3,Y
845107,PATNA,BIHAR,PATNA,T92,IP DISPATCH PATNA BRANCH,3,Y
845301,PATNA,BIHAR,PATNA,T92,IP DISPATCH PATNA BRANCH,3,Y
845304,PATNA,BIHAR,PATNA,T92,IP DISPATCH PATNA BRANCH,3,Y
845306,PATNA,BIHAR,PATNA,T92,IP DISPATCH PATNA BRANCH,3,Y
845307,PATNA,BIHAR,PATNA,T92,IP DISPATCH PATNA BRANCH,3,Y
845315,PATNA,BIHAR,PATNA,T92,IP DISPATCH PATNA BRANCH,3,Y
845402,PATNA,BIHAR,PATNA,T92,IP DISPATCH PATNA BRANCH,3,Y
845404,PATNA,BIHAR,PATNA,T92,IP DISPATCH PATNA BRANCH,3,Y
845405,PATNA,BIHAR,PATNA,T92,IP DISPATCH PATNA BRANCH,3,Y
845406,PATNA,BIHAR,PATNA,T92,IP DISPATCH PATNA BRANCH,3,Y
845413,PATNA,BIHAR,PATNA,T92,IP DISPATCH PATNA BRANCH,3,Y
845414,PATNA,BIHAR,PATNA,T92,IP DISPATCH PATNA BRANCH,3,Y
845415,PATNA,BIHAR,PATNA,T92,IP DISPATCH PATNA BRANCH,3,Y
845416,PATNA,BIHAR,PATNA,T92,IP DISPATCH PATNA BRANCH,3,Y
845417,PATNA,BIHAR,PATNA,T92,IP DISPATCH PATNA BRANCH,3,Y
845419,PATNA,BIHAR,PATNA,T92,IP DISPATCH PATNA BRANCH,3,Y
845420,PATNA,BIHAR,PATNA,T92,IP DISPATCH PATNA BRANCH,3,Y
845422,PATNA,BIHAR,PATNA,T92,IP DISPATCH PATNA BRANCH,3,Y
845423,PATNA,BIHAR,PATNA,T92,IP DISPATCH PATNA BRANCH,3,Y
845424,PATNA,BIHAR,PATNA,T92,IP DISPATCH PATNA BRANCH,3,Y
845425,PATNA,BIHAR,PATNA,T92,IP DISPATCH PATNA BRANCH,3,Y
845426,PATNA,BIHAR,PATNA,T92,IP DISPATCH PATNA BRANCH,3,Y
845427,PATNA,BIHAR,PATNA,T92,IP DISPATCH PATNA BRANCH,3,Y
845428,PATNA,BIHAR,PATNA,T92,IP DISPATCH PATNA BRANCH,3,Y
845429,PATNA,BIHAR,PATNA,T92,IP DISPATCH PATNA BRANCH,3,Y
845430,PATNA,BIHAR,PATNA,T92,IP DISPATCH PATNA BRANCH,3,Y
845431,PATNA,BIHAR,PATNA,T92,IP DISPATCH PATNA BRANCH,3,Y
845432,PATNA,BIHAR,PATNA,T92,IP DISPATCH PATNA BRANCH,3,Y
845433,PATNA,BIHAR,PATNA,T92,IP DISPATCH PATNA BRANCH,3,Y
845434,PATNA,BIHAR,PATNA,T92,IP DISPATCH PATNA BRANCH,3,Y
845435,PATNA,BIHAR,PATNA,T92,IP DISPATCH PATNA BRANCH,3,Y
845436,PATNA,BIHAR,PATNA,T92,IP DISPATCH PATNA BRANCH,3,Y
845437,PATNA,BIHAR,PATNA,T92,IP DISPATCH PATNA BRANCH,3,Y
845439,PATNA,BIHAR,PATNA,T92,IP DISPATCH PATNA BRANCH,3,Y
845440,PATNA,BIHAR,PATNA,T92,IP DISPATCH PATNA BRANCH,3,Y
845441,PATNA,BIHAR,PATNA,T92,IP DISPATCH PATNA BRANCH,3,Y
845449,PATNA,BIHAR,PATNA,T92,IP DISPATCH PATNA BRANCH,3,Y
845451,PATNA,BIHAR,PATNA,T92,IP DISPATCH PATNA BRANCH,3,Y
845452,PATNA,BIHAR,PATNA,T92,IP DISPATCH PATNA BRANCH,3,Y
845453,PATNA,BIHAR,PATNA,T92,IP DISPATCH PATNA BRANCH,3,Y
845454,PATNA,BIHAR,PATNA,T92,IP DISPATCH PATNA BRANCH,3,Y
845457,PATNA,BIHAR,PATNA,T92,IP DISPATCH PATNA BRANCH,3,Y
845458,PATNA,BIHAR,PATNA,T92,IP DISPATCH PATNA BRANCH,3,Y
845459,PATNA,BIHAR,PATNA,T92,IP DISPATCH PATNA BRANCH,3,Y
846002,PATNA,BIHAR,PATNA,T92,IP DISPATCH PATNA BRANCH,3,Y
846003,PATNA,BIHAR,PATNA,T92,IP DISPATCH PATNA BRANCH,3,Y
846006,PATNA,BIHAR,PATNA,T92,IP DISPATCH PATNA BRANCH,3,Y
846007,PATNA,BIHAR,PATNA,T92,IP DISPATCH PATNA BRANCH,3,Y
846008,PATNA,BIHAR,PATNA,T92,IP DISPATCH PATNA BRANCH,3,Y
846010,PATNA,BIHAR,PATNA,T92,IP DISPATCH PATNA BRANCH,3,Y
847101,PATNA,BIHAR,PATNA,T92,IP DISPATCH PATNA BRANCH,3,Y
847102,PATNA,BIHAR,PATNA,T92,IP DISPATCH PATNA BRANCH,3,Y
847103,PATNA,BIHAR,PATNA,T92,IP DISPATCH PATNA BRANCH,3,Y
847104,PATNA,BIHAR,PATNA,T92,IP DISPATCH PATNA BRANCH,3,Y
847105,PATNA,BIHAR,PATNA,T92,IP DISPATCH PATNA BRANCH,3,Y
847106,PATNA,BIHAR,PATNA,T92,IP DISPATCH PATNA BRANCH,3,Y
847107,PATNA,BIHAR,PATNA,T92,IP DISPATCH PATNA BRANCH,3,Y
847108,PATNA,BIHAR,PATNA,T92,IP DISPATCH PATNA BRANCH,3,Y
847109,PATNA,BIHAR,PATNA,T92,IP DISPATCH PATNA BRANCH,3,Y
847115,PATNA,BIHAR,PATNA,T92,IP DISPATCH PATNA BRANCH,3,Y
847121,PATNA,BIHAR,PATNA,T92,IP DISPATCH PATNA BRANCH,3,Y
847122,PATNA,BIHAR,PATNA,T92,IP DISPATCH PATNA BRANCH,3,Y
847123,PATNA,BIHAR,PATNA,T92,IP DISPATCH PATNA BRANCH,3,Y
847201,PATNA,BIHAR,PATNA,T92,IP DISPATCH PATNA BRANCH,3,Y
847202,PATNA,BIHAR,PATNA,T92,IP DISPATCH PATNA BRANCH,3,Y
847203,PATNA,BIHAR,PATNA,T92,IP DISPATCH PATNA BRANCH,3,Y
847204,PATNA,BIHAR,PATNA,T92,IP DISPATCH PATNA BRANCH,3,Y
847212,PATNA,BIHAR,PATNA,T92,IP DISPATCH PATNA BRANCH,3,Y
847214,PATNA,BIHAR,PATNA,T92,IP DISPATCH PATNA BRANCH,3,Y
847215,PATNA,BIHAR,PATNA,T92,IP DISPATCH PATNA BRANCH,3,Y
847222,PATNA,BIHAR,PATNA,T92,IP DISPATCH PATNA BRANCH,3,Y
847223,PATNA,BIHAR,PATNA,T92,IP DISPATCH PATNA BRANCH,3,Y
847224,PATNA,BIHAR,PATNA,T92,IP DISPATCH PATNA BRANCH,3,Y
847225,PATNA,BIHAR,PATNA,T92,IP DISPATCH PATNA BRANCH,3,Y
847227,PATNA,BIHAR,PATNA,T92,IP DISPATCH PATNA BRANCH,3,Y
847228,PATNA,BIHAR,PATNA,T92,IP DISPATCH PATNA BRANCH,3,Y
847229,PATNA,BIHAR,PATNA,T92,IP DISPATCH PATNA BRANCH,3,Y
847230,PATNA,BIHAR,PATNA,T92,IP DISPATCH PATNA BRANCH,3,Y
847231,PATNA,BIHAR,PATNA,T92,IP DISPATCH PATNA BRANCH,3,Y
847232,PATNA,BIHAR,PATNA,T92,IP DISPATCH PATNA BRANCH,3,Y
847233,PATNA,BIHAR,PATNA,T92,IP DISPATCH PATNA BRANCH,3,Y
847234,PATNA,BIHAR,PATNA,T92,IP DISPATCH PATNA BRANCH,3,Y
847235,PATNA,BIHAR,PATNA,T92,IP DISPATCH PATNA BRANCH,3,Y
847236,PATNA,BIHAR,PATNA,T92,IP DISPATCH PATNA BRANCH,3,Y
847238,PATNA,BIHAR,PATNA,T92,IP DISPATCH PATNA BRANCH,3,Y
847240,PATNA,BIHAR,PATNA,T92,IP DISPATCH PATNA BRANCH,3,Y
847301,PATNA,BIHAR,PATNA,T92,IP DISPATCH PATNA BRANCH,3,Y
847302,PATNA,BIHAR,PATNA,T92,IP DISPATCH PATNA BRANCH,3,Y
847303,PATNA,BIHAR,PATNA,T92,IP DISPATCH PATNA BRANCH,3,Y
847304,PATNA,BIHAR,PATNA,T92,IP DISPATCH PATNA BRANCH,3,Y
847305,PATNA,BIHAR,PATNA,T92,IP DISPATCH PATNA BRANCH,3,Y
847307,PATNA,BIHAR,PATNA,T92,IP DISPATCH PATNA BRANCH,3,Y
847308,PATNA,BIHAR,PATNA,T92,IP DISPATCH PATNA BRANCH,3,Y
847337,PATNA,BIHAR,PATNA,T92,IP DISPATCH PATNA BRANCH,3,Y
847401,PATNA,BIHAR,PATNA,T92,IP DISPATCH PATNA BRANCH,3,Y
847402,PATNA,BIHAR,PATNA,T92,IP DISPATCH PATNA BRANCH,3,Y
847403,PATNA,BIHAR,PATNA,T92,IP DISPATCH PATNA BRANCH,3,Y
847404,PATNA,BIHAR,PATNA,T92,IP DISPATCH PATNA BRANCH,3,Y
847405,PATNA,BIHAR,PATNA,T92,IP DISPATCH PATNA BRANCH,3,Y
847407,PATNA,BIHAR,PATNA,T92,IP DISPATCH PATNA BRANCH,3,Y
847408,PATNA,BIHAR,PATNA,T92,IP DISPATCH PATNA BRANCH,3,Y
847409,PATNA,BIHAR,PATNA,T92,IP DISPATCH PATNA BRANCH,3,Y
847410,PATNA,BIHAR,PATNA,T92,IP DISPATCH PATNA BRANCH,3,Y
847411,PATNA,BIHAR,PATNA,T92,IP DISPATCH PATNA BRANCH,3,Y
847412,PATNA,BIHAR,PATNA,T92,IP DISPATCH PATNA BRANCH,3,Y
847421,PATNA,BIHAR,PATNA,T92,IP DISPATCH PATNA BRANCH,3,Y
847422,PATNA,BIHAR,PATNA,T92,IP DISPATCH PATNA BRANCH,3,Y
847423,PATNA,BIHAR,PATNA,T92,IP DISPATCH PATNA BRANCH,3,Y
847424,PATNA,BIHAR,PATNA,T92,IP DISPATCH PATNA BRANCH,3,Y
847427,PATNA,BIHAR,PATNA,T92,IP DISPATCH PATNA BRANCH,3,Y
847428,PATNA,BIHAR,PATNA,T92,IP DISPATCH PATNA BRANCH,3,Y
847429,PATNA,BIHAR,PATNA,T92,IP DISPATCH PATNA BRANCH,3,Y
847451,PATNA,BIHAR,PATNA,T92,IP DISPATCH PATNA BRANCH,3,Y
847452,PATNA,BIHAR,PATNA,T92,IP DISPATCH PATNA BRANCH,3,Y
848104,PATNA,BIHAR,PATNA,T92,IP DISPATCH PATNA BRANCH,3,Y
848113,PATNA,BIHAR,PATNA,T92,IP DISPATCH PATNA BRANCH,3,Y
848115,PATNA,BIHAR,PATNA,T92,IP DISPATCH PATNA BRANCH,3,Y
848117,PATNA,BIHAR,PATNA,T92,IP DISPATCH PATNA BRANCH,3,Y
848121,PATNA,BIHAR,PATNA,T92,IP DISPATCH PATNA BRANCH,3,Y
848127,PATNA,BIHAR,PATNA,T92,IP DISPATCH PATNA BRANCH,3,Y
848129,PATNA,BIHAR,PATNA,T92,IP DISPATCH PATNA BRANCH,3,Y
848131,PATNA,BIHAR,PATNA,T92,IP DISPATCH PATNA BRANCH,3,Y
848132,PATNA,BIHAR,PATNA,T92,IP DISPATCH PATNA BRANCH,3,Y
848133,PATNA,BIHAR,PATNA,T92,IP DISPATCH PATNA BRANCH,3,Y
848134,PATNA,BIHAR,PATNA,T92,IP DISPATCH PATNA BRANCH,3,Y
848160,PATNA,BIHAR,PATNA,T92,IP DISPATCH PATNA BRANCH,3,Y
848202,PATNA,BIHAR,PATNA,T92,IP DISPATCH PATNA BRANCH,2,Y
848203,PATNA,BIHAR,PATNA,T92,IP DISPATCH PATNA BRANCH,3,Y
848204,PATNA,BIHAR,PATNA,T92,IP DISPATCH PATNA BRANCH,2,Y
848205,PATNA,BIHAR,PATNA,T92,IP DISPATCH PATNA BRANCH,3,Y
848206,PATNA,BIHAR,PATNA,T92,IP DISPATCH PATNA BRANCH,3,Y
848207,PATNA,BIHAR,PATNA,T92,IP DISPATCH PATNA BRANCH,3,Y
848208,PATNA,BIHAR,PATNA,T92,IP DISPATCH PATNA BRANCH,3,Y
848209,PATNA,BIHAR,PATNA,T92,IP DISPATCH PATNA BRANCH,3,Y
848211,PATNA,BIHAR,PATNA,T92,IP DISPATCH PATNA BRANCH,3,Y
848213,PATNA,BIHAR,PATNA,T92,IP DISPATCH PATNA BRANCH,3,Y
848216,PATNA,BIHAR,PATNA,T92,IP DISPATCH PATNA BRANCH,3,Y
848236,PATNA,BIHAR,PATNA,T92,IP DISPATCH PATNA BRANCH,3,Y
848301,PATNA,BIHAR,PATNA,T92,IP DISPATCH PATNA BRANCH,3,Y
848302,PATNA,BIHAR,PATNA,T92,IP DISPATCH PATNA BRANCH,3,Y
848501,PATNA,BIHAR,PATNA,T92,IP DISPATCH PATNA BRANCH,3,Y
848502,PATNA,BIHAR,PATNA,T92,IP DISPATCH PATNA BRANCH,3,Y
848503,PATNA,BIHAR,PATNA,T92,IP DISPATCH PATNA BRANCH,3,Y
848504,PATNA,BIHAR,PATNA,T92,IP DISPATCH PATNA BRANCH,3,Y
848505,PATNA,BIHAR,PATNA,T92,IP DISPATCH PATNA BRANCH,3,Y
848506,PATNA,BIHAR,PATNA,T92,IP DISPATCH PATNA BRANCH,3,Y
851110,PATNA,BIHAR,PATNA,T92,IP DISPATCH PATNA BRANCH,2,Y
851111,PATNA,BIHAR,PATNA,T92,IP DISPATCH PATNA BRANCH,2,Y
851113,PATNA,BIHAR,PATNA,T92,IP DISPATCH PATNA BRANCH,3,Y
851115,PATNA,BIHAR,PATNA,T92,IP DISPATCH PATNA BRANCH,2,Y
851118,PATNA,BIHAR,PATNA,T92,IP DISPATCH PATNA BRANCH,2,Y
851120,PATNA,BIHAR,PATNA,T92,IP DISPATCH PATNA BRANCH,2,Y
851121,PATNA,BIHAR,PATNA,T92,IP DISPATCH PATNA BRANCH,2,Y
851126,PATNA,BIHAR,PATNA,T92,IP DISPATCH PATNA BRANCH,2,Y
851127,PATNA,BIHAR,PATNA,T92,IP DISPATCH PATNA BRANCH,2,Y
851128,PATNA,BIHAR,PATNA,T92,IP DISPATCH PATNA BRANCH,2,Y
851130,PATNA,BIHAR,PATNA,T92,IP DISPATCH PATNA BRANCH,2,Y
851131,PATNA,BIHAR,PATNA,T92,IP DISPATCH PATNA BRANCH,2,Y
851132,PATNA,BIHAR,PATNA,T92,IP DISPATCH PATNA BRANCH,2,Y
851134,PATNA,BIHAR,PATNA,T92,IP DISPATCH PATNA BRANCH,2,Y
851201,PATNA,BIHAR,PATNA,T92,IP DISPATCH PATNA BRANCH,2,Y
851202,PATNA,BIHAR,PATNA,T92,IP DISPATCH PATNA BRANCH,2,Y
851203,PATNA,BIHAR,PATNA,T92,IP DISPATCH PATNA BRANCH,2,Y
851205,PATNA,BIHAR,PATNA,T92,IP DISPATCH PATNA BRANCH,2,Y
851206,PATNA,BIHAR,PATNA,T92,IP DISPATCH PATNA BRANCH,2,Y
851212,PATNA,BIHAR,PATNA,T92,IP DISPATCH PATNA BRANCH,2,Y
851214,PATNA,BIHAR,PATNA,T92,IP DISPATCH PATNA BRANCH,2,Y
851215,PATNA,BIHAR,PATNA,T92,IP DISPATCH PATNA BRANCH,2,Y
851216,PATNA,BIHAR,PATNA,T92,IP DISPATCH PATNA BRANCH,2,Y
851217,PATNA,BIHAR,PATNA,T92,IP DISPATCH PATNA BRANCH,2,Y
852101,PATNA,BIHAR,PATNA,T92,IP DISPATCH PATNA BRANCH,4,Y
852105,PATNA,BIHAR,PATNA,T92,IP DISPATCH PATNA BRANCH,4,Y
852106,PATNA,BIHAR,PATNA,T92,IP DISPATCH PATNA BRANCH,4,Y
852107,PATNA,BIHAR,PATNA,T92,IP DISPATCH PATNA BRANCH,4,Y
852108,PATNA,BIHAR,PATNA,T92,IP DISPATCH PATNA BRANCH,4,Y
852109,PATNA,BIHAR,PATNA,T92,IP DISPATCH PATNA BRANCH,4,Y
852110,PATNA,BIHAR,PATNA,T92,IP DISPATCH PATNA BRANCH,4,Y
852112,PATNA,BIHAR,PATNA,T92,IP DISPATCH PATNA BRANCH,4,Y
852114,PATNA,BIHAR,PATNA,T92,IP DISPATCH PATNA BRANCH,4,Y
852115,PATNA,BIHAR,PATNA,T92,IP DISPATCH PATNA BRANCH,4,Y
852116,PATNA,BIHAR,PATNA,T92,IP DISPATCH PATNA BRANCH,4,Y
852121,PATNA,BIHAR,PATNA,T92,IP DISPATCH PATNA BRANCH,4,Y
852122,PATNA,BIHAR,PATNA,T92,IP DISPATCH PATNA BRANCH,4,Y
852123,PATNA,BIHAR,PATNA,T92,IP DISPATCH PATNA BRANCH,4,Y
852124,PATNA,BIHAR,PATNA,T92,IP DISPATCH PATNA BRANCH,4,Y
852125,PATNA,BIHAR,PATNA,T92,IP DISPATCH PATNA BRANCH,4,Y
852126,PATNA,BIHAR,PATNA,T92,IP DISPATCH PATNA BRANCH,4,Y
852127,PATNA,BIHAR,PATNA,T92,IP DISPATCH PATNA BRANCH,4,Y
852128,PATNA,BIHAR,PATNA,T92,IP DISPATCH PATNA BRANCH,4,Y
852129,PATNA,BIHAR,PATNA,T92,IP DISPATCH PATNA BRANCH,4,Y
852130,PATNA,BIHAR,PATNA,T92,IP DISPATCH PATNA BRANCH,3,Y
852132,PATNA,BIHAR,PATNA,T92,IP DISPATCH PATNA BRANCH,4,Y
852133,PATNA,BIHAR,PATNA,T92,IP DISPATCH PATNA BRANCH,3,Y
852134,PATNA,BIHAR,PATNA,T92,IP DISPATCH PATNA BRANCH,4,Y
852137,PATNA,BIHAR,PATNA,T92,IP DISPATCH PATNA BRANCH,4,Y
852161,PATNA,BIHAR,PATNA,T92,IP DISPATCH PATNA BRANCH,2,Y
852202,PATNA,BIHAR,PATNA,T92,IP DISPATCH PATNA BRANCH,4,Y
852212,PATNA,BIHAR,PATNA,T92,IP DISPATCH PATNA BRANCH,3,Y
852213,PATNA,BIHAR,PATNA,T92,IP DISPATCH PATNA BRANCH,4,Y
852214,PATNA,BIHAR,PATNA,T92,IP DISPATCH PATNA BRANCH,4,Y
852215,PATNA,BIHAR,PATNA,T92,IP DISPATCH PATNA BRANCH,3,Y
852216,PATNA,BIHAR,PATNA,T92,IP DISPATCH PATNA BRANCH,3,Y
852217,PATNA,BIHAR,PATNA,T92,IP DISPATCH PATNA BRANCH,3,Y
852218,PATNA,BIHAR,PATNA,T92,IP DISPATCH PATNA BRANCH,4,Y
852219,PATNA,BIHAR,PATNA,T92,IP DISPATCH PATNA BRANCH,4,Y
852220,PATNA,BIHAR,PATNA,T92,IP DISPATCH PATNA BRANCH,4,Y
852221,PATNA,BIHAR,PATNA,T92,IP DISPATCH PATNA BRANCH,4,Y
853201,PATNA,BIHAR,PATNA,T92,IP DISPATCH PATNA BRANCH,3,Y
853202,PATNA,BIHAR,PATNA,T92,IP DISPATCH PATNA BRANCH,3,Y
853203,PATNA,BIHAR,PATNA,T92,IP DISPATCH PATNA BRANCH,3,Y
853205,PATNA,BIHAR,PATNA,T92,IP DISPATCH PATNA BRANCH,3,Y
854101,PATNA,BIHAR,PATNA,T92,IP DISPATCH PATNA BRANCH,3,Y
854102,PATNA,BIHAR,PATNA,T92,IP DISPATCH PATNA BRANCH,3,Y
854104,PATNA,BIHAR,PATNA,T92,IP DISPATCH PATNA BRANCH,3,Y
854107,PATNA,BIHAR,PATNA,T92,IP DISPATCH PATNA BRANCH,3,Y
854109,PATNA,BIHAR,PATNA,T92,IP DISPATCH PATNA BRANCH,3,Y
854110,PATNA,BIHAR,PATNA,T92,IP DISPATCH PATNA BRANCH,3,Y
854112,PATNA,BIHAR,PATNA,T92,IP DISPATCH PATNA BRANCH,3,Y
854113,PATNA,BIHAR,PATNA,T92,IP DISPATCH PATNA BRANCH,3,Y
854114,PATNA,BIHAR,PATNA,T92,IP DISPATCH PATNA BRANCH,3,Y
854115,PATNA,BIHAR,PATNA,T92,IP DISPATCH PATNA BRANCH,3,Y
854116,PATNA,BIHAR,PATNA,T92,IP DISPATCH PATNA BRANCH,3,Y
854117,PATNA,BIHAR,PATNA,T92,IP DISPATCH PATNA BRANCH,3,Y
854201,PATNA,BIHAR,PATNA,T92,IP DISPATCH PATNA BRANCH,3,Y
854202,PATNA,BIHAR,PATNA,T92,IP DISPATCH PATNA BRANCH,3,Y
854203,PATNA,BIHAR,PATNA,T92,IP DISPATCH PATNA BRANCH,3,Y
854204,PATNA,BIHAR,PATNA,T92,IP DISPATCH PATNA BRANCH,3,Y
854205,PATNA,BIHAR,PATNA,T92,IP DISPATCH PATNA BRANCH,3,Y
854304,PATNA,BIHAR,PATNA,T92,IP DISPATCH PATNA BRANCH,3,Y
854306,PATNA,BIHAR,PATNA,T92,IP DISPATCH PATNA BRANCH,3,Y
854312,PATNA,BIHAR,PATNA,T92,IP DISPATCH PATNA BRANCH,3,Y
854315,PATNA,BIHAR,PATNA,T92,IP DISPATCH PATNA BRANCH,3,Y
854316,PATNA,BIHAR,PATNA,T92,IP DISPATCH PATNA BRANCH,3,Y
854317,PATNA,BIHAR,PATNA,T92,IP DISPATCH PATNA BRANCH,3,Y
854325,PATNA,BIHAR,PATNA,T92,IP DISPATCH PATNA BRANCH,3,Y
854327,PATNA,BIHAR,PATNA,T92,IP DISPATCH PATNA BRANCH,3,Y
854329,PATNA,BIHAR,PATNA,T92,IP DISPATCH PATNA BRANCH,3,Y
854331,PATNA,BIHAR,PATNA,T92,IP DISPATCH PATNA BRANCH,3,Y
854332,PATNA,BIHAR,PATNA,T92,IP DISPATCH PATNA BRANCH,3,Y
854333,PATNA,BIHAR,PATNA,T92,IP DISPATCH PATNA BRANCH,3,Y
854334,PATNA,BIHAR,PATNA,T92,IP DISPATCH PATNA BRANCH,3,Y
854335,PATNA,BIHAR,PATNA,T92,IP DISPATCH PATNA BRANCH,3,Y
854336,PATNA,BIHAR,PATNA,T92,IP DISPATCH PATNA BRANCH,3,Y
854338,PATNA,BIHAR,PATNA,T92,IP DISPATCH PATNA BRANCH,3,Y
854339,PATNA,BIHAR,PATNA,T92,IP DISPATCH PATNA BRANCH,3,Y
855101,PATNA,BIHAR,PATNA,T92,IP DISPATCH PATNA BRANCH,3,Y
855102,PATNA,BIHAR,PATNA,T92,IP DISPATCH PATNA BRANCH,3,Y
855105,PATNA,BIHAR,PATNA,T92,IP DISPATCH PATNA BRANCH,3,Y
855106,PATNA,BIHAR,PATNA,T92,IP DISPATCH PATNA BRANCH,3,Y
855108,PATNA,BIHAR,PATNA,T92,IP DISPATCH PATNA BRANCH,3,Y
855113,PATNA,BIHAR,PATNA,T92,IP DISPATCH PATNA BRANCH,3,Y
855114,PATNA,BIHAR,PATNA,T92,IP DISPATCH PATNA BRANCH,3,Y
855115,PATNA,BIHAR,PATNA,T92,IP DISPATCH PATNA BRANCH,3,Y
855116,PATNA,BIHAR,PATNA,T92,IP DISPATCH PATNA BRANCH,3,Y
855117,PATNA,BIHAR,PATNA,T92,IP DISPATCH PATNA BRANCH,3,Y
900056,LUCKNOW,UTTAR PRADESH,GHAZIABAD RO,U152,IP DISPATCH LUCKNOW BRANCH,3,Y
